<?xml version="1.0" encoding="UTF-8" ?>
<!DOCTYPE mapper
		PUBLIC "-//mybatis.org//DTD Mapper 3.0//EN"
		"http://mybatis.org/dtd/mybatis-3-mapper.dtd">
<mapper namespace="com.portal.adm.alarm.mapper.AlarmMapper">

	<sql id="paging">
		limit #{offSet}, #{pageSize}
	</sql>

	<sql id="searchAlarm">
		<if test="searchKey != '' and searchKey == 'ALL' and searchValue != ''">
			and ((upper(sj) like concat('%',upper(#{searchValue}),'%')) or (upper(cn) like concat('%',upper(#{searchValue}),'%')) or (upper(sender_id) like concat('%',upper(#{searchValue}),'%')))
		</if>
		<if test="searchKey != '' and searchKey == 'sj' and searchValue != ''">
			and (upper(sj) like concat('%',upper(#{searchValue}),'%'))
		</if>
		<if test="searchKey != '' and searchKey == 'cn' and searchValue != ''">
			and (upper(cn) like concat('%',upper(#{searchValue}),'%')) 
		</if>
		<if test="searchKey != '' and searchKey == 'senderId' and searchValue != ''">
			and (upper(sender_id) like concat('%',upper(#{searchValue}),'%'))
		</if>
	</sql>
	
	<select id="selectAlarmList" resultType="com.portal.adm.alarm.model.AlarmModel" parameterType="com.portal.adm.alarm.model.AlarmModel">
		SELECT
			ROW_NUMBER() OVER (ORDER BY UPPER(RGST_DT) ASC) AS ROWNUM
			, ALARM_ID
			, SJ
			, CN
			, ALARM_SE
			, SENDER_ID
			, CHECK_YN
			, RGST_ID
			, RGST_DT
			, MODI_ID
			, MODI_DT
		FROM T_ALARM
		WHERE RECIPIENT_ID = #{recipientId}
		<include refid="searchAlarm"></include>
		ORDER BY RGST_DT DESC
		<include refid="paging"></include>
	</select>
	
	<select id="selectAlarmCheck" resultType="com.portal.adm.alarm.model.AlarmModel" parameterType="com.portal.adm.alarm.model.AlarmModel">
		SELECT 			
			ALARM_ID
			, SJ
			, CN
			, ALARM_SE
			, SENDER_ID
			, RGST_ID
			, RGST_DT
			, MODI_ID
			, MODI_DT
		FROM T_ALARM
		WHERE RECIPIENT_ID = #{recipientId} AND CHECK_YN = 'N'
	</select>
	
	<select id="selectAlarmAuth" resultType="com.portal.adm.member.model.MemberModel" parameterType="com.portal.adm.member.model.MemberModel">
		SELECT u.USER_ID, u.COMPANY_CODE, c.COMPANY_NM, ga.AUTH_CL FROM t_user u
		JOIN t_company c ON u.COMPANY_CODE = c.COMPANY_CODE 
		JOIN t_group g ON u.USER_ID = g.USER_ID 
		JOIN t_group_auth ga ON g.AUTH_ID = ga.AUTH_ID AND ga.AUTH_CL = 'A'
		WHERE c.COMPANY_NM = #{companyNm}
	</select>
	
	<select id="selectAlarmListView" resultType="com.portal.adm.alarm.model.AlarmModel" parameterType="com.portal.adm.alarm.model.AlarmModel">
		SELECT
			ROW_NUMBER() OVER (ORDER BY UPPER(RGST_ID) ASC) AS ROWNUM
			, ALARM_ID
			, SJ
			, CN
			, ALARM_SE
			, SENDER_ID
			, RGST_ID
			, RGST_DT
			, MODI_ID
			, MODI_DT
		FROM T_ALARM
		WHERE RECIPIENT_ID = #{recipientId} AND CHECK_YN = 'N'
		ORDER BY ROWNUM ASC
	</select>
	
	<select id="selectAlarmListCount" resultType="int" parameterType="com.portal.adm.alarm.model.AlarmModel">
		SELECT
			count(1)
		FROM T_ALARM
		WHERE RECIPIENT_ID = #{recipientId}
		<include refid="searchAlarm"></include>
	</select>
	
	<select id="selectAlarmListViewCount" resultType="int" parameterType="com.portal.adm.alarm.model.AlarmModel">
		SELECT
			count(1)
		FROM T_ALARM
		WHERE RECIPIENT_ID = #{recipientId} AND CHECK_YN = 'N'
	</select>
	
	<insert id="insert" parameterType="com.portal.adm.alarm.model.AlarmModel">
		INSERT INTO t_alarm (
			ALARM_ID
			, SJ
			, CN
			, ALARM_SE
			, SENDER_ID
			, RECIPIENT_ID
			, CHECK_YN
			, RGST_ID
			, RGST_DT
			, MODI_ID
			, MODI_DT
		) VALUES (
			#{alarmId},
			#{sj},
			#{cn},
			#{alarmSe},
			#{senderId},
			#{recipientId},
			#{checkYn},
			#{rgstId},
			NOW(),
			#{modiId},
			NOW()
		)
	</insert>
	
	<select id="select" resultType="com.portal.adm.alarm.model.AlarmModel" parameterType="com.portal.adm.alarm.model.AlarmModel">
		SELECT
			ALARM_ID
			, SJ
			, CN
			, ALARM_SE
			, SENDER_ID
			, RECIPIENT_ID
			, CHECK_YN
			, RGST_ID
			, RGST_DT
			, MODI_ID
			, MODI_DT
		FROM
			t_alarm
		WHERE
			ALARM_ID = #{alarmId}
	</select>
	
	<update id="delete" parameterType="com.portal.adm.alarm.model.AlarmModel">
		UPDATE t_alarm SET
			CHECK_YN = 'Y',
			MODI_ID = #{modiId},
			MODI_DT = NOW()
		WHERE
			ALARM_ID = #{alarmId}
	</update>
	
</mapper>