<?xml version="1.0" encoding="UTF-8" ?>
<!DOCTYPE mapper
		PUBLIC "-//mybatis.org//DTD Mapper 3.0//EN"
		"http://mybatis.org/dtd/mybatis-3-mapper.dtd">
<mapper namespace="com.portal.adm.code.mapper.CodeMapper">

	<sql id="paging">
		limit #{offSet}, #{pageSize}
	</sql>

	<select id="selectGroupIdList" resultType="com.portal.adm.code.model.CodeModel" parameterType="com.portal.adm.code.model.CodeModel">
		SELECT
			ROW_NUMBER() OVER (ORDER BY UPPER(CODE_NM) ASC) AS ROWNUM,
			GROUP_ID,
			CODE_ID,
			CODE_NM,
			CODE_DSC,
			USE_YN,
			RGST_ID,
			RGST_DT,
			MODI_ID,
			MODI_DT
		FROM T_CODE
		where GROUP_ID = #{groupId}
		ORDER BY ROWNUM ASC
		<include refid="paging"></include>
	</select>

	<select id="selectGroupIdListCount" resultType="int" parameterType="com.portal.adm.code.model.CodeModel">
		select
			count(*)
		from
			t_code
		where
			group_id = #{groupId}
	</select>

	<select id="selectGroupIdAllList" resultType="com.portal.adm.code.model.CodeModel">
		select
			row_number() over (order by ord_seq ASC) as rownum,
			group_id,
			code_id,
			code_nm,
			code_dsc,
			use_yn,
			rgst_id,
			rgst_dt,
			modi_id,
			modi_dt,
			ord_seq
		from
			t_code
		where
			group_id = #{groupId}
		order by rownum
	</select>

	<select id="select" resultType="com.portal.adm.code.model.CodeModel" parameterType="com.portal.adm.code.model.CodeModel">
		select
			group_id,
			code_id,
			code_nm,
			code_dsc,
			use_yn,
			rgst_id,
			rgst_dt,
			modi_id,
			modi_dt
		from
			t_code
		where
			group_id = #{groupId}
		and
			code_id = #{codeId}
	</select>

	<insert id="insert" parameterType="com.portal.adm.code.model.CodeModel">
		insert into t_code (
			group_id
			, code_id
			, code_nm
			, code_dsc
			, use_yn
			, rgst_id
			, rgst_dt
			, modi_id
			, modi_dt
			, ord_seq
		) values (
			#{groupId}
			, #{codeId}
			, #{codeNm}
			, #{codeDsc}
			, #{useYn}
			, #{rgstId}
			, now()
			, #{modiId}
			, now()
			, #{ordSeq}
		)
	</insert>

	<update id="update" parameterType="com.portal.adm.code.model.CodeModel">
		update t_code
		set
			code_nm = #{codeNm}
			, code_dsc = #{codeDsc}
			, modi_dt = now()
			, modi_id = #{modiId}
			, use_yn = #{useYn}
			, ord_seq = #{ordSeq}
		where
			group_id = #{groupId}
		and
			code_id = #{codeId}
	</update>

	<update id="delete" parameterType="com.portal.adm.code.model.CodeModel">
		update t_code
		set
			use_yn = 'N'
		where
			group_id = #{groupId}
		and
			code_id = #{codeId}
	</update>

	<select id="selectCodeCountForGroupId" resultType="int" parameterType="com.portal.adm.code.model.CodeModel">
		select count(*)
		from t_code
		where group_id = #{codeId}
		and use_yn = 'Y'
	</select>
</mapper>