<?xml version="1.0" encoding="UTF-8" ?>
<!DOCTYPE mapper
		PUBLIC "-//mybatis.org//DTD Mapper 3.0//EN"
		"http://mybatis.org/dtd/mybatis-3-mapper.dtd">
<mapper namespace="com.portal.adm.environmentCode.mapper.EnvironmentCodeMapper">

	<sql id="paging">
		LIMIT #{offSet}, #{pageSize}
	</sql>
	
	<select id="selectCodeDayList"  resultType="com.portal.adm.environmentCode.model.EnvironmentCodeModel">
		SELECT
			REVISION_YEAR,
			REVISION_MONTH
		FROM
			T_ENVIRONMENT_CODE
		WHERE
			GROUP_ID = 'GROUP_ID'
		GROUP BY
			REVISION_YEAR ,
			REVISION_MONTH
		ORDER BY
			REVISION_YEAR DESC ,
			REVISION_MONTH DESC
	</select>
	
	<select id="selectGroupIdList" resultType="com.portal.adm.environmentCode.model.EnvironmentCodeModel" parameterType="com.portal.adm.environmentCode.model.EnvironmentCodeModel">
		SELECT
			ROW_NUMBER() OVER (ORDER BY UPPER(ORD_SEQ) ASC) AS ROWNUM,
			GROUP_ID,
			CODE_ID,
			CODE_KEY,
			REVISION_YEAR,
			REVISION_MONTH,
			CODE_NM,
			CODE_DSC,
			ORD_SEQ,
			RPT_MAT_STRUCT,
			RPT_DEV_ANAL,
			RPT_VISUAL_JUDG,
			RPT_TEST,
			RPT_PERMISSION,
			RPT_ETC,
			USE_YN,
			RGST_ID,
			RGST_DT,
			MODI_ID,
			MODI_DT
		FROM T_ENVIRONMENT_CODE
		where GROUP_ID = #{groupId} 
		AND REVISION_YEAR = #{revisionYear} AND REVISION_MONTH = #{revisionMonth}
		ORDER BY ROWNUM ASC
		<include refid="paging"></include>
	</select>

	<select id="selectGroupIdListCount" resultType="int" parameterType="com.portal.adm.environmentCode.model.EnvironmentCodeModel">
		SELECT
			COUNT(*)
		FROM
			T_ENVIRONMENT_CODE
		WHERE
			GROUP_ID = #{groupId}
	</select>

	<select id="selectGroupIdAllList" resultType="com.portal.adm.environmentCode.model.EnvironmentCodeModel">
		SELECT
			ROW_NUMBER() OVER (ORDER BY ORD_SEQ ASC) AS ROWNUM,
			GROUP_ID,
			CODE_ID,
			CODE_KEY,
			REVISION_YEAR,
			REVISION_MONTH,
			CODE_NM,
			CODE_DSC,
			USE_YN,
			RGST_ID,
			RGST_DT,
			MODI_ID,
			MODI_DT,
			ORD_SEQ
		FROM
			T_ENVIRONMENT_CODE
		WHERE
			GROUP_ID = #{groupId}
		ORDER BY ROWNUM
	</select>
	
	
	<select id="selectList" resultType="com.portal.adm.environmentCode.model.EnvironmentCodeModel" parameterType="com.portal.adm.environmentCode.model.EnvironmentCodeModel">
		SELECT
			GROUP_ID,
			CODE_ID,
			CODE_KEY,
			REVISION_YEAR,
			REVISION_MONTH,
			CODE_NM,
			CODE_DSC,
			USE_YN,
			RGST_ID,
			RGST_DT,
			MODI_ID,
			MODI_DT
		FROM
			T_ENVIRONMENT_CODE
		WHERE
			GROUP_ID = #{groupId}
		AND
			REVISION_YEAR = #{revisionYear} AND REVISION_MONTH = #{revisionMonth}
	</select>

	<select id="select" resultType="com.portal.adm.environmentCode.model.EnvironmentCodeModel" parameterType="com.portal.adm.environmentCode.model.EnvironmentCodeModel">
		SELECT
			GROUP_ID,
			CODE_ID,
			CODE_KEY,
			ORD_SEQ,
			REVISION_YEAR,
			REVISION_MONTH,
			CODE_NM,
			CODE_DSC,
			USE_YN,
			RGST_ID,
			RGST_DT,
			MODI_ID,
			MODI_DT
		FROM
			T_ENVIRONMENT_CODE
		WHERE
			CODE_ID = #{codeId} AND GROUP_ID = #{groupId}
		AND
			REVISION_YEAR = #{revisionYear} AND REVISION_MONTH = #{revisionMonth}
	</select>

	<insert id="insert" parameterType="com.portal.adm.environmentCode.model.EnvironmentCodeModel">
		INSERT INTO T_ENVIRONMENT_CODE (
			GROUP_ID
			, CODE_ID
			, CODE_KEY
			, UP_COMPANY_CODE
			, CODE_NM
			, CODE_DSC
			, USE_YN
			, RGST_ID
			, RGST_DT
			, MODI_ID
			, MODI_DT
			, ORD_SEQ
			, REVISION_YEAR
			, REVISION_MONTH
		) VALUES (
			#{groupId}
			, #{codeId}
			, #{codeKey}
			, #{upCompanyCode}
			, #{codeNm}
			, #{codeDsc}
			, #{useYn}
			, #{rgstId}
			, now()
			, #{modiId}
			, now()
			, #{ordSeq}
			, #{revisionYear}
			, #{revisionMonth}
		)
	</insert>

	<update id="update" parameterType="com.portal.adm.environmentCode.model.EnvironmentCodeModel">
		UPDATE T_ENVIRONMENT_CODE
		SET
			CODE_NM = #{codeNm}
			, CODE_KEY = #{codeKey}
			, CODE_DSC = #{codeDsc}
			, MODI_DT = now()
			, MODI_ID = #{modiId}
			, USE_YN = #{useYn}
			, ORD_SEQ = #{ordSeq}
		WHERE
			GROUP_ID = #{groupId}
		AND
			CODE_ID = #{codeId}
	</update>

	<delete id="delete" parameterType="com.portal.adm.environmentCode.model.EnvironmentCodeModel">
		DELETE FROM T_ENVIRONMENT_CODE
		WHERE GROUP_ID = #{groupId} AND CODE_ID = #{codeId} AND REVISION_YEAR = #{revisionYear} AND REVISION_MONTH = #{revisionMonth}
	</delete>
	
	<delete id="deleteDownCode" parameterType="com.portal.adm.environmentCode.model.EnvironmentCodeModel">
		DELETE FROM T_ENVIRONMENT_CODE
		WHERE GROUP_ID = #{codeId} AND REVISION_YEAR = #{revisionYear} AND REVISION_MONTH = #{revisionMonth}
	</delete>

	<select id="selectCodeCountForGroupId" resultType="int" parameterType="com.portal.adm.environmentCode.model.EnvironmentCodeModel">
		SELECT COUNT(*)
		FROM T_ENVIRONMENT_CODE
		WHERE GROUP_ID = #{codeId}
		AND USE_YN = 'Y'
	</select>
</mapper>