<?xml version="1.0" encoding="UTF-8" ?>
<!DOCTYPE mapper
		PUBLIC "-//mybatis.org//DTD Mapper 3.0//EN"
		"http://mybatis.org/dtd/mybatis-3-mapper.dtd">
<mapper namespace="com.portal.adm.packagingCode.mapper.PackagingCodeMapper">

	<sql id="paging">
		LIMIT #{offSet}, #{pageSize}
	</sql>

	<select id="selectGroupIdList" resultType="com.portal.adm.packagingCode.model.PackagingCodeModel" parameterType="com.portal.adm.packagingCode.model.PackagingCodeModel">
		SELECT
			ROW_NUMBER() OVER (ORDER BY ORD_SEQ ASC) AS ROWNUM,
			GROUP_ID,
			CODE_ID,
			<if test="authId == 'au2000001'">
				UP_COMPANY_CODE,
			</if>
			CODE_KEY,
			CODE_TYPE,
			ORD_SEQ,
			CODE_NM,
			CODE_DSC,
			USE_YN,
			RGST_ID,
			RGST_DT,
			MODI_ID,
			MODI_DT
		FROM T_PACKAGING_CODE
		where GROUP_ID = #{groupId} AND USE_YN != 'N'
		<if test="authId != 'au2000001'">
			<if test="upCompanyCode != null and upCompanyCode != ''">
				AND UP_COMPANY_CODE = #{upCompanyCode}
			</if>
		</if>
		ORDER BY ROWNUM ASC
<!-- 		<include refid="paging"></include> -->
	</select>

	<select id="selectGroupIdListCount" resultType="int" parameterType="com.portal.adm.packagingCode.model.PackagingCodeModel">
		SELECT
			COUNT(*)
		FROM
			T_PACKAGING_CODE
		WHERE
			GROUP_ID = #{groupId} AND UP_COMPANY_CODE = #{upCompanyCode} AND USE_YN != 'N'
	</select>

	<select id="selectGroupIdAllList" resultType="com.portal.adm.packagingCode.model.PackagingCodeModel">
		SELECT
			ROW_NUMBER() OVER (ORDER BY ORD_SEQ ASC) AS ROWNUM,
			GROUP_ID,
			CODE_ID,
			CODE_KEY,
			CODE_TYPE,
			CODE_NM,
			CODE_DSC,
			USE_YN,
			RGST_ID,
			RGST_DT,
			MODI_ID,
			MODI_DT,
			ORD_SEQ
		FROM
			T_PACKAGING_CODE
		WHERE
			GROUP_ID = #{groupId} AND UP_COMPANY_CODE = #{upCompanyCode} AND USE_YN != 'N'
		ORDER BY ROWNUM
	</select>

	<select id="select" resultType="com.portal.adm.packagingCode.model.PackagingCodeModel" parameterType="com.portal.adm.packagingCode.model.PackagingCodeModel">
		SELECT
			GROUP_ID,
			CODE_ID,
			CODE_KEY,
			CODE_TYPE,
			CODE_NM,
			ORD_SEQ,
			CODE_DSC,
			USE_YN,
			RGST_ID,
			RGST_DT,
			MODI_ID,
			MODI_DT
		FROM
			T_PACKAGING_CODE
		WHERE
			GROUP_ID = #{groupId} AND UP_COMPANY_CODE = #{upCompanyCode}
		AND
			CODE_ID = #{codeId}
	</select>
	
	<select id="selectList" resultType="com.portal.adm.packagingCode.model.PackagingCodeModel" parameterType="com.portal.adm.packagingCode.model.PackagingCodeModel">
		SELECT
			GROUP_ID,
			CODE_ID,
			CODE_KEY,
			CODE_TYPE,
			CODE_NM,
			ORD_SEQ,
			CODE_DSC,
			USE_YN,
			RGST_ID,
			RGST_DT,
			MODI_ID,
			MODI_DT
		FROM
			T_PACKAGING_CODE
		WHERE
			GROUP_ID = #{groupId} AND UP_COMPANY_CODE = #{upCompanyCode} AND USE_YN != 'N'
		ORDER BY ORD_SEQ ASC
	</select>

	<insert id="insert" parameterType="com.portal.adm.packagingCode.model.PackagingCodeModel">
		INSERT INTO T_PACKAGING_CODE (
			GROUP_ID
			, CODE_ID
			, CODE_KEY
			, CODE_TYPE
			, UP_COMPANY_CODE
			, CODE_NM
			, CODE_DSC
			, USE_YN
			, RGST_ID
			, RGST_DT
			, MODI_ID
			, MODI_DT
			, ORD_SEQ
		) VALUES (
			#{groupId}
			, #{codeId}
			, #{codeKey}
			, #{codeType}
			, #{upCompanyCode}
			, #{codeNm}
			, #{codeDsc}
			, #{useYn}
			, #{rgstId}
			, now()
			, #{modiId}
			, now()
			, #{ordSeq}
		)
	</insert>

	<update id="update" parameterType="com.portal.adm.packagingCode.model.PackagingCodeModel">
		UPDATE T_PACKAGING_CODE
		SET
			CODE_NM = #{codeNm}
			, CODE_TYPE = #{codeType}
			, CODE_KEY = #{codeKey}
			, CODE_DSC = #{codeDsc}
			, MODI_DT = now()
			, MODI_ID = #{modiId}
			, USE_YN = #{useYn}
			, ORD_SEQ = #{ordSeq}
		WHERE
			GROUP_ID = #{groupId} AND UP_COMPANY_CODE = #{upCompanyCode}
		AND
			CODE_ID = #{codeId}
	</update>

	<update id="delete" parameterType="com.portal.adm.packagingCode.model.PackagingCodeModel">
		UPDATE T_PACKAGING_CODE
		SET
			USE_YN = 'N'
		WHERE
			GROUP_ID = #{groupId}
		AND
			CODE_ID = #{codeId} AND UP_COMPANY_CODE = #{upCompanyCode}
	</update>
	
	<update id="deleteDownCode" parameterType="com.portal.adm.environmentCode.model.EnvironmentCodeModel">
		UPDATE T_PACKAGING_CODE
		SET
			USE_YN = 'N'
		WHERE
			GROUP_ID = #{codeId} AND UP_COMPANY_CODE = #{upCompanyCode}
	</update>

	<select id="selectCodeCountForGroupId" resultType="int" parameterType="com.portal.adm.packagingCode.model.PackagingCodeModel">
		SELECT COUNT(*)
		FROM T_PACKAGING_CODE
		WHERE GROUP_ID = #{codeId} AND UP_COMPANY_CODE = #{upCompanyCode}
		AND USE_YN = 'Y'
	</select>
</mapper>