<?xml version="1.0" encoding="UTF-8" ?>
<!DOCTYPE mapper
		PUBLIC "-//mybatis.org//DTD Mapper 3.0//EN"
		"http://mybatis.org/dtd/mybatis-3-mapper.dtd">
<mapper namespace="com.portal.adm.report.mapper.ReportMapper">

	<sql id="paging">
		limit #{offSet}, #{pageSize}
	</sql>
	
	<sql id="searchReport">
		<if test="searchKey != '' and searchKey == 'ALL' and searchValue != ''">
			and ((upper(r.report_id) like concat('%',upper(#{searchValue}),'%')) or (upper(r.report_nm) like concat('%',upper(#{searchValue}),'%')))
		</if>
		<if test="searchKey != '' and searchKey == 'reportId' and searchValue != ''">
			and (upper(r.report_id) like concat('%',upper(#{searchValue}),'%'))
		</if>
		<if test="searchKey != '' and searchKey == 'reportNm' and searchValue != ''">
			and (upper(r.report_nm) like concat('%',upper(#{searchValue}),'%')) 
		</if>
	</sql>

	<select id="selectReportList" resultType="com.portal.adm.report.model.ReportModel" parameterType="com.portal.adm.report.model.ReportModel">
		SELECT
			ROW_NUMBER() OVER (ORDER BY UPPER(r.MODI_DT) ASC) AS ROWNUM
			, r.REPORT_ID
			, r.REPORT_NM
			, r.REPORT_URL
			, r.REPORT_DSC
			, r.COMPANY_CODE
<!-- 		, r.GROUP_ID -->
			, r.REPORT_TYPE
			, r.REPORT_SIZE
			, r.USE_YN
			, r.RGST_ID
			, r.RGST_DT
			, r.MODI_ID
			, r.MODI_DT
		FROM T_REPORT r
		left outer join t_company c ON c.company_code = r.company_code
		WHERE 1 = 1
		<include refid="searchReport"></include>
		<if test="authId != 'au2000001'">
			<if test="companyCode != null and companyCode != ''">
				and c.company_code = #{companyCode}
			</if>
		</if>
		ORDER BY ROWNUM ASC
		<include refid="paging"></include>
	</select>
	
	<select id="selectReportListCount" resultType="int">
		SELECT
			count(1)
		FROM T_REPORT r
		left outer join t_company c ON c.company_code = r.company_code
		WHERE 1 = 1
		<include refid="searchReport"></include>
		<if test="authId != 'au2000001'">
			<if test="companyCode != null and companyCode != ''">
				and c.company_code = #{companyCode}
			</if>
		</if>
	</select>
	
	<insert id="insert" parameterType="com.portal.adm.report.model.ReportModel">
		INSERT INTO t_report (
			REPORT_ID
			, REPORT_NM
			, REPORT_URL
			, REPORT_DSC
			, COMPANY_CODE
<!-- 			, GROUP_ID -->
			, REPORT_TYPE
			, REPORT_SIZE
			, USE_YN
			, RGST_ID
			, RGST_DT
			, MODI_ID
			, MODI_DT
		) VALUES (
			#{reportId}
			, #{reportNm}
			, #{reportUrl}
			, #{reportDsc}
			, #{companyCode}
<!-- 			, #{groupId} -->
			, #{reportType}
			, #{reportSize}
			, #{useYn}
			, #{rgstId}
			, NOW()
			, #{modiId}
			, NOW()
		)
	</insert>
	
	<update id="update" parameterType="com.portal.adm.report.model.ReportModel">
		UPDATE t_report SET
			REPORT_TYPE = #{reportType}
<!-- 			, GROUP_ID = #{groupId} -->
			, REPORT_DSC = #{reportDsc}
			, REPORT_NM = #{reportNm}
			, REPORT_URL = #{reportUrl}
			, COMPANY_CODE = #{companyCode}
			, REPORT_SIZE = #{reportSize}
			, USE_YN = #{useYn}
			, MODI_ID = #{modiId}
			, MODI_DT = NOW()
		WHERE
			REPORT_ID = #{reportId}
	</update>
	
	<select id="select" resultType="com.portal.adm.report.model.ReportModel" parameterType="string">
		SELECT
			REPORT_ID
			, REPORT_NM
			, REPORT_URL
			, REPORT_DSC
			, COMPANY_CODE
<!-- 			, GROUP_ID -->
			, REPORT_TYPE
			, REPORT_SIZE
			, USE_YN
			, RGST_ID
			, RGST_DT
			, MODI_ID
			, MODI_DT
		FROM
			t_report
		WHERE
			REPORT_ID = #{reportId}
	</select>
	
	<update id="delete" parameterType="com.portal.adm.report.model.ReportModel">
		UPDATE t_report SET
			USE_YN = 'N',
			MODI_ID = #{modiId},
			MODI_DT = NOW()
		WHERE
			REPORT_ID = #{reportId} AND COMPANY_CODE = #{companyCode}
	</update>
	
	
</mapper>