<?xml version="1.0" encoding="UTF-8" ?>
<!DOCTYPE mapper
		PUBLIC "-//mybatis.org//DTD Mapper 3.0//EN"
		"http://mybatis.org/dtd/mybatis-3-mapper.dtd">
<mapper namespace="com.portal.adm.board.mapper.FaqMapper">
	<sql id="where">
		<where>
			<if test="searchKey != '' and searchKey == 'ALL' and searchValue != ''">
				AND (UPPER(qstn) LIKE CONCAT('%',UPPER(#{searchValue}),'%') OR UPPER(answ) LIKE CONCAT('%',UPPER(#{searchValue}),'%'))
			</if>
			<if test="searchKey != '' and searchKey == 'QSTN' and searchValue != ''">
				AND UPPER(qstn) LIKE CONCAT('%',UPPER(#{searchValue}),'%')
			</if>
			<if test="searchKey != '' and searchKey == 'ANSW' and searchValue != ''">
				AND UPPER(answ) LIKE CONCAT('%',UPPER(#{searchValue}),'%')
			</if>
			<if test="searchUseYn != null and searchUseYn != ''">
				AND USE_YN = #{searchUseYn}
			</if>				
		</where>
	</sql>

	<sql id="paging">
		limit #{offSet}, #{pageSize}
	</sql>

	<sql id="order">
		ORDER BY cl_code ASC, qstn ASC
	</sql> 
 
	<select id="selectFaqList" parameterType="com.portal.common.paging.Criteria" resultType="com.portal.adm.board.model.FaqModel">
		SELECT
			faq.faq_id,
			faq.cl_code,
			(SELECT CODE_NM FROM T_CODE WHERE GROUP_ID = 'FAQ_CAT' AND CODE_ID = faq.cl_code) AS faq_cate_nm,
			faq.qstn,
			faq.answ,
			faq.ord_seq,
			faq.file_id,
			faq.use_yn,
			faq.rgst_id,
			faq.rgst_dt,
			faq.modi_id,
			faq.modi_dt,
			faq.view_cnt
		FROM 
			t_bbs_faq faq
		<include refid="where" />
		<include refid="order" />
		<include refid="paging" />			
	</select>

	<select id="selectFaqListCount" parameterType="com.portal.common.paging.Criteria" resultType="int">
		select
			count(1)
		from
			t_bbs_faq faq
		<include refid="where" />
	</select>

	<select id="selectFaq" parameterType="com.portal.adm.board.model.FaqModel" resultType="com.portal.adm.board.model.FaqModel">
		SELECT
			faq.faq_id,
			faq.cl_code,
			(SELECT CODE_NM FROM T_CODE WHERE GROUP_ID = 'FAQ_CAT' AND CODE_ID = faq.cl_code) AS faq_cate_nm,
			faq.qstn,
			faq.answ,
			faq.ord_seq,
			faq.file_id,
			faq.use_yn,
			faq.rgst_id,
			faq.rgst_dt,
			faq.modi_id,
			faq.modi_dt,
			faq.view_cnt
		FROM 
			t_bbs_faq faq
		WHERE
			faq.faq_id = #{faqId}		
	</select>
	
	<insert id="insertFaq" parameterType="com.portal.adm.board.model.FaqModel">
		INSERT INTO t_bbs_faq (
			faq_id,
			cl_code,
			qstn,
			answ,
			ord_seq,
			file_id,
			use_yn,
			rgst_id,
			rgst_dt,
			modi_id,
			modi_dt,
			view_cnt
		) VALUES (
			#{faqId},
			#{clCode},
			#{qstn},
			#{answ},
			#{ordSeq},
			#{fileId},
			#{useYn},
			#{rgstId},
			now(),
			#{modiId},
			now(),
			0
		)
	</insert>
	
	<update id="updateFaq" parameterType="com.portal.adm.board.model.FaqModel">
		UPDATE
			t_bbs_faq
		SET
			cl_code = #{clCode}
		  , qstn = #{qstn}
		  , answ = #{answ}
		  , ord_seq = #{ordSeq}
		  , file_id = #{fileId}	   
		  , use_yn = #{useYn}
		  , modi_dt = now()
		  , modi_id = #{modiId}
	   WHERE
			faq_id = #{faqId}
	</update>
	
	<update id="deleteFaq" parameterType="com.portal.adm.board.model.FaqModel">
		UPDATE
			t_bbs_faq
		SET
		  use_yn = 'N'
		  , modi_dt = now()
		  , modi_id = #{modiId}
	   WHERE
			faq_id = #{faqId}
	</update>	
	

</mapper>