<?xml version="1.0" encoding="UTF-8" ?>
<!DOCTYPE mapper
		PUBLIC "-//mybatis.org//DTD Mapper 3.0//EN"
		"http://mybatis.org/dtd/mybatis-3-mapper.dtd">
<mapper namespace="com.portal.adm.board.mapper.NoticeMapper">
	<sql id="where">
		<where>
			<if test="searchKey != '' and searchKey == 'ALL' and searchValue != ''">
				AND (UPPER(sj) LIKE CONCAT('%',UPPER(#{searchValue}),'%') OR UPPER(cn) LIKE CONCAT('%',UPPER(#{searchValue}),'%'))
			</if>
			<if test="searchKey != '' and searchKey == 'sj' and searchValue != ''">
				AND UPPER(sj) LIKE CONCAT('%',UPPER(#{searchValue}),'%')
			</if>
			<if test="searchKey != '' and searchKey == 'cn' and searchValue != ''">
				AND UPPER(cn) LIKE CONCAT('%',UPPER(#{searchValue}),'%')
			</if>
			<if test="searchUseYn != null and searchUseYn != ''">
				AND USE_YN = #{searchUseYn}
			</if>			
		</where>
	</sql>
	
	<sql id="paging">
		limit #{offSet}, #{pageSize}
	</sql>

    <sql id="order">
        ORDER BY a.rownum ASC
    </sql> 	
 
	<select id="selectNoticeList" resultType="com.portal.adm.board.model.NoticeModel" parameterType="com.portal.common.paging.Criteria">
		select
			*
		from (
			select
				row_number() over(order by tbn.important_yn desc, tbn.rgst_dt desc) as rownum,
				tbn.notice_id,
				tbn.sj,
				tbn.cn,
				tbn.important_yn,
				(SELECT CODE_NM FROM T_CODE WHERE GROUP_ID = 'IMPORTANT_YN' AND CODE_ID = tbn.important_yn) AS important_yn_nm,
				tbn.ord_seq,
				tbn.file_id,
				tbn.use_yn,
				(SELECT CODE_NM FROM T_CODE WHERE GROUP_ID = 'USE_YN' AND CODE_ID = tbn.use_yn) AS use_yn_nm,
				tbn.rgst_id,
				tbn.rgst_dt,
				tbn.modi_id,
				tbn.modi_dt,
				tbn.view_cnt,
				tu.user_nm as rgst_nm,
				(select dept_nm from t_dept where dept_code = tu.dept_code) as rgst_dept_nm,
				tbn.popup_yn,
				tbn.start_dt,
				tbn.end_dt				
			from
				t_bbs_notice tbn
				left outer join t_user tu on tbn.rgst_id = tu.user_id
		) a
        <include refid="where" />
        <include refid="order" />
        <include refid="paging" />  
    </select> 
 
	<select id="selectNoticeListCount" resultType="int" parameterType="com.portal.common.paging.Criteria">
		SELECT
			COUNT(*)
		FROM 
			t_bbs_notice
		<include refid="where" />
	</select>

	<select id="selectNotice" resultType="com.portal.adm.board.model.NoticeModel" parameterType="com.portal.adm.board.model.NoticeModel">
		SELECT
			notice_id,
			sj,
			cn,
			important_yn,
			ord_seq,
			file_id,
			use_yn,
			rgst_id,
			rgst_dt,
			modi_id,
			modi_dt,
			view_cnt,
			popup_yn,
			start_dt,
			end_dt
		FROM 
			t_bbs_notice
		WHERE
			notice_id = #{noticeId}
	</select>
	
	<insert id="insertNotice" parameterType="com.portal.adm.board.model.NoticeModel">
		INSERT INTO t_bbs_notice (
			notice_id,
			sj,
			cn,
			important_yn,
			ord_seq,
			file_id,
			use_yn,
			rgst_id,
			rgst_dt,
			modi_id,
			modi_dt,
			view_cnt,
			popup_yn,
			start_dt,
			end_dt			
		) VALUES (
			#{noticeId},
			#{sj},
			#{cn},
			#{importantYn},
			#{ordSeq},
			#{fileId},
			#{useYn},
			#{rgstId},
			now(),
			#{modiId},
			now(),
			0,
			#{popupYn},
			to_timestamp(#{startDt}||' 00:00:00','YYYY-MM-DD HH24:MI:SS'),
			to_timestamp(#{endDt}||' 23:59:59','YYYY-MM-DD HH24:MI:SS')
		)
	</insert>
	
	<update id="updateNotice" parameterType="com.portal.adm.board.model.NoticeModel">
		UPDATE
			t_bbs_notice
		SET
			sj = #{sj},
			cn = #{cn},
			important_yn = #{importantYn},
			ord_seq = #{ordSeq},
			file_id = #{fileId},
			use_yn = #{useYn},
			modi_id = #{modiId},
			modi_dt = now(),
			popup_yn = #{popupYn},
			start_dt = to_timestamp(#{startDt}||' 00:00:00','YYYY-MM-DD HH24:MI:SS'),
			end_dt = to_timestamp(#{endDt}||' 23:59:59','YYYY-MM-DD HH24:MI:SS')
	   WHERE
			notice_id = #{noticeId}
	</update>
	
	<update id="deleteNotice" parameterType="com.portal.adm.board.model.NoticeModel">
		UPDATE
			t_bbs_notice
		set
			use_yn = 'N',
			modi_id = #{modiId},
			modi_dt = now()
		WHERE
			notice_id = #{noticeId}
	</update>
	
</mapper>