-- MySql
-- 관리자 권한으로 실행

-- 계정 생성
portal 데이터베이스 구조
CREATE DATABASE IF NOT EXISTS aiminer CHARACTER SET utf8 ;
USE aiminer;
create user miner;
create user miner@localhost identified by 'Miner@1';
-- create user miner@'%' identified by 'Miner@1';
grant ALL PRIVILEGES on aiminer.* to miner@localhost;
grant ALL PRIVILEGES on aiminer.* to miner@'%';

-- 공통    코드
DROP TABLE IF EXISTS T_CODE CASCADE;
CREATE TABLE IF NOT EXISTS T_CODE (
    GROUP_ID VARCHAR(32) NOT NULL COMMENT '그룹 ID'
  , CODE_ID VARCHAR(32) NOT NULL COMMENT '코드 ID'
  , CODE_NM VARCHAR(100) COMMENT '코드 명'
  , CODE_DSC VARCHAR(1000) COMMENT '코드 설명'
  , ORD_SEQ NUMERIC(5,0) COMMENT '정렬 순서'
  , USE_YN VARCHAR(1) DEFAULT 'N' COMMENT '사용 여부'
  , RGST_ID VARCHAR(32) NOT NULL COMMENT '등록 ID'
  , RGST_DT TIMESTAMP DEFAULT CURRENT_TIMESTAMP NOT NULL COMMENT '등록 일시'
  , MODI_ID VARCHAR(32) NOT NULL COMMENT '수정 ID'
  , MODI_DT TIMESTAMP DEFAULT CURRENT_TIMESTAMP NOT NULL COMMENT '수정 일시'
)ENGINE=InnoDB DEFAULT CHARSET=utf8 COMMENT '코드[공통 코드]';
ALTER TABLE T_CODE ADD CONSTRAINT T_CODE_PK PRIMARY KEY(GROUP_ID, CODE_ID);
-- CREATE INDEX T_CODE_IX1 ON T_CODE();

-- 공통    부서
DROP TABLE IF EXISTS T_DEPT CASCADE;
CREATE TABLE IF NOT EXISTS T_DEPT (
    DEPT_CODE VARCHAR(16) NOT NULL COMMENT '부서 코드'
  , DEPT_NM VARCHAR(100) COMMENT '부서 명'
  , HDEPT_CODE VARCHAR(16) COMMENT '본부 코드'
  , USE_YN VARCHAR(1) DEFAULT 'N' COMMENT '사용 여부'
  , MODI_SE VARCHAR(32) COMMENT '수정 구분[I: 등록 / U: 수정 / D: 삭제 / C: 완료 / R: 삭제완료]'
  , RGST_ID VARCHAR(32) NOT NULL COMMENT '등록 ID'
  , RGST_DT TIMESTAMP DEFAULT CURRENT_TIMESTAMP NOT NULL COMMENT '등록 일시'
  , MODI_ID VARCHAR(32) NOT NULL COMMENT '수정 ID'
  , MODI_DT TIMESTAMP DEFAULT CURRENT_TIMESTAMP NOT NULL COMMENT '수정 일시'
)ENGINE=InnoDB DEFAULT CHARSET=utf8 COMMENT '부서[부서 정보]';
ALTER TABLE T_DEPT ADD CONSTRAINT T_DEPT_PK PRIMARY KEY(DEPT_CODE);
-- CREATE INDEX T_DEPT_IX1 ON T_DEPT();

-- 공통    본부
DROP TABLE IF EXISTS T_HDEPT CASCADE;
CREATE TABLE IF NOT EXISTS T_HDEPT (
    HDEPT_CODE VARCHAR(16) NOT NULL COMMENT '본부 코드'
  , HDEPT_NM VARCHAR(100) COMMENT '본부 명'
  , USE_YN VARCHAR(1) DEFAULT 'N' COMMENT '사용 여부'
  , MODI_SE VARCHAR(32) COMMENT '수정 구분[I: 등록 / U: 수정 / D: 삭제 / C: 완료 / R: 삭제완료]'
  , RGST_ID VARCHAR(32) NOT NULL COMMENT '등록 ID'
  , RGST_DT TIMESTAMP DEFAULT CURRENT_TIMESTAMP NOT NULL COMMENT '등록 일시'
  , MODI_ID VARCHAR(32) NOT NULL COMMENT '수정 ID'
  , MODI_DT TIMESTAMP DEFAULT CURRENT_TIMESTAMP NOT NULL COMMENT '수정 일시'
)ENGINE=InnoDB DEFAULT CHARSET=utf8 COMMENT '본부[본부 정보]';
ALTER TABLE T_HDEPT ADD CONSTRAINT T_HDEPT_PK PRIMARY KEY(HDEPT_CODE);
-- CREATE INDEX T_HDEPT_IX1 ON T_HDEPT();

-- 공통    직위
DROP TABLE IF EXISTS T_PSTN CASCADE;
CREATE TABLE IF NOT EXISTS T_PSTN (
    PSTN_CODE VARCHAR(16) NOT NULL COMMENT '직위 코드'
  , PSTN_NM VARCHAR(100) COMMENT '직위 명'
  , USE_YN VARCHAR(1) DEFAULT 'N' COMMENT '사용 여부'
  , MODI_SE VARCHAR(32) COMMENT '수정 구분[I: 등록 / U: 수정 / D: 삭제 / C: 완료 / R: 삭제완료]'
  , RGST_ID VARCHAR(32) NOT NULL COMMENT '등록 ID'
  , RGST_DT TIMESTAMP DEFAULT CURRENT_TIMESTAMP NOT NULL COMMENT '등록 일시'
  , MODI_ID VARCHAR(32) NOT NULL COMMENT '수정 ID'
  , MODI_DT TIMESTAMP DEFAULT CURRENT_TIMESTAMP NOT NULL COMMENT '수정 일시'
)ENGINE=InnoDB DEFAULT CHARSET=utf8 COMMENT '직위[직위 정보]';
ALTER TABLE T_PSTN ADD CONSTRAINT T_PSTN_PK PRIMARY KEY(PSTN_CODE);
-- CREATE INDEX T_PSTN_IX1 ON T_PSTN();

-- 공통    사용자
DROP TABLE IF EXISTS T_USER CASCADE;
CREATE TABLE IF NOT EXISTS T_USER (
    USER_ID VARCHAR(32) NOT NULL COMMENT '사용자 ID'
  , USER_NM VARCHAR(100) COMMENT '사용자 명'
  , PSTN_CODE VARCHAR(16) COMMENT '직위 코드'
  , DEPT_CODE VARCHAR(16) COMMENT '부서 코드'
  , HDEPT_CODE VARCHAR(16) COMMENT '본부 코드'
  , ADOF_DEPT_CODE VARCHAR(16) COMMENT '겸직 부서 코드'
  , COMPANY_CODE VARCHAR(16) COMMENT '회사 코드'
  , DUTY_SE VARCHAR(32) COMMENT '직책 구분'
  , LAST_LOG_DT TIMESTAMP COMMENT '마지막 로그 일시'
  , START_DT TIMESTAMP COMMENT '시작 일시'
  , END_DT TIMESTAMP COMMENT '종료 일시'
  , LIMIT_YN VARCHAR(1) DEFAULT 'Y' COMMENT '기간적용 여부'
  , FILE_URL VARCHAR(256) COMMENT '파일 URL[사진 파일]'
  , MGR_SYS_ENV JSON COMMENT '관리자 시스템 환경'
  , USER_SYS_HOME VARCHAR(32) COMMENT '사용자 시스템 홈'
  , USER_SYS_ENV JSON COMMENT '사용자 시스템 환경'
  , BF_DEPT_CODE VARCHAR(16) COMMENT '이전 부서 코드'
  , DEPT_UPDT_DT TIMESTAMP COMMENT '부서 변경 일시'
  , USE_YN VARCHAR(1) DEFAULT 'N' COMMENT '사용 여부'
  , MODI_SE VARCHAR(32) COMMENT '수정 구분[I: 등록 / U: 수정 / D: 삭제 / C: 완료 / R: 삭제완료]'
  , RGST_ID VARCHAR(32) NOT NULL COMMENT '등록 ID'
  , RGST_DT TIMESTAMP DEFAULT CURRENT_TIMESTAMP NOT NULL COMMENT '등록 일시'
  , MODI_ID VARCHAR(32) NOT NULL COMMENT '수정 ID'
  , MODI_DT TIMESTAMP DEFAULT CURRENT_TIMESTAMP NOT NULL COMMENT '수정 일시'
)ENGINE=InnoDB DEFAULT CHARSET=utf8  COMMENT '사용자[사용자 정보]';
ALTER TABLE T_USER ADD CONSTRAINT T_USER_PK PRIMARY KEY(USER_ID);
-- CREATE INDEX T_USER_IX1 ON T_USER();


-- 공통    사용자 테스트
DROP TABLE IF EXISTS T_USER_TEST CASCADE;
CREATE TABLE IF NOT EXISTS T_USER_TEST (
    USER_ID VARCHAR(32) NOT NULL COMMENT '사용자 ID'
  , USER_NM VARCHAR(100) COMMENT '사용자 명'
  , RGST_ID VARCHAR(32) COMMENT '등록 ID'
  , RGST_DT TIMESTAMP COMMENT '등록 일시'
)ENGINE=InnoDB DEFAULT CHARSET=utf8 COMMENT '사용자 테스트[HR 연계에 포함되지 않는 테스트 사용자]';
ALTER TABLE T_USER_TEST ADD CONSTRAINT T_USER_TEST_PK PRIMARY KEY(USER_ID);
-- CREATE INDEX T_USER_TEST_IX1 ON T_USER_TEST();


-- 공통    부서 분류
DROP TABLE IF EXISTS T_DEPT_CL CASCADE;
CREATE TABLE IF NOT EXISTS T_DEPT_CL (
    DEPT_CODE VARCHAR(16) NOT NULL COMMENT '부서 코드'
  , UP_DEPT_CODE VARCHAR(16) COMMENT '상위 부서 코드'
  , DEPT_NM VARCHAR(100) COMMENT '부서 명'
  , ORD_SEQ NUMERIC(5,0) COMMENT '정렬 순서'
  , LV NUMERIC(5,0) COMMENT '레벨'
  , DEPT_PATH VARCHAR(1000) COMMENT '부서 경로'
  , GROUP_CODE VARCHAR(32) COMMENT '그룹 코드'
  , UP_GROUP_CODE VARCHAR(32) COMMENT '상위 그룹 코드'
  , USE_YN VARCHAR(1) DEFAULT 'N' COMMENT '사용 여부'
  , MODI_SE VARCHAR(32) COMMENT '수정 구분'
  , RGST_ID VARCHAR(32) NOT NULL COMMENT '등록 ID'
  , RGST_DT TIMESTAMP DEFAULT CURRENT_TIMESTAMP NOT NULL COMMENT '등록 일시'
  , MODI_ID VARCHAR(32) NOT NULL COMMENT '수정 ID'
  , MODI_DT TIMESTAMP DEFAULT CURRENT_TIMESTAMP NOT NULL COMMENT '수정 일시'
)ENGINE=InnoDB DEFAULT CHARSET=utf8 COMMENT '부서 분류[부서 조직도 정보]';
ALTER TABLE T_DEPT_CL ADD CONSTRAINT T_DEPT_CL_PK PRIMARY KEY(DEPT_CODE);
-- CREATE INDEX T_DEPT_CL_IX1 ON T_DEPT_CL();


-- 공통    ID 순번
DROP TABLE IF EXISTS T_ID_SN CASCADE;
CREATE TABLE IF NOT EXISTS T_ID_SN (
    ID_TY VARCHAR(32) NOT NULL COMMENT 'ID 타입'
  , ID_SE VARCHAR(32) NOT NULL COMMENT 'ID 구분'
  , ID_SN NUMERIC(9,0) DEFAULT 0 NOT NULL COMMENT 'ID 순번'
  , MODI_DT TIMESTAMP DEFAULT CURRENT_TIMESTAMP NOT NULL COMMENT '수정 일시'
)ENGINE=InnoDB DEFAULT CHARSET=utf8 COMMENT 'ID 순번[ID 순번 관리]';
ALTER TABLE T_ID_SN ADD CONSTRAINT T_ID_SN_PK PRIMARY KEY(ID_TY, ID_SE);
-- CREATE INDEX T_ID_SN_IX1 ON T_ID_SN();


-- 공통    파일
DROP TABLE IF EXISTS T_FILE CASCADE;
CREATE TABLE IF NOT EXISTS T_FILE (
    FILE_ID VARCHAR(32) NOT NULL COMMENT '파일 ID'
  , STORAGE_SE VARCHAR(32) NOT NULL COMMENT '저장소 구분'
  , BUCKET_NM VARCHAR(256) COMMENT '버킷 명[S3 / NAS]'
  , SAVE_PATH VARCHAR(256) COMMENT '저장 경로'
  , SAVE_FILE_NM VARCHAR(256) COMMENT '저장 파일 명'
  , SAVE_FILE_VER VARCHAR(100) COMMENT '저장 파일 버전'
  , FILE_CL VARCHAR(32) COMMENT '파일 분류'
  , FILE_NM VARCHAR(256) COMMENT '파일 명'
  , FILE_EXTSN VARCHAR(32) COMMENT '파일 확장자'
  , FILE_SIZE NUMERIC(19,0) COMMENT '파일 사이즈'
  , FILE_URL VARCHAR(256) COMMENT '파일 URL'
  , REF_ID VARCHAR(64) COMMENT '참조 ID'
  , REF_VER NUMERIC(9,3) COMMENT '참조 버전'
  , ATMC_DEL_YN VARCHAR(1) COMMENT '자동 삭제 여부'
  , ATMC_DEL_DT TIMESTAMP COMMENT '자동 삭제 일시'
  , DEL_YN VARCHAR(1) DEFAULT 'N' COMMENT '삭제 여부'
  , USE_YN VARCHAR(1) DEFAULT 'N' COMMENT '사용 여부'
  , RGST_ID VARCHAR(32) NOT NULL COMMENT '등록 ID'
  , RGST_DT TIMESTAMP DEFAULT CURRENT_TIMESTAMP NOT NULL COMMENT '등록 일시'
  , MODI_ID VARCHAR(32) NOT NULL COMMENT '수정 ID'
  , MODI_DT TIMESTAMP DEFAULT CURRENT_TIMESTAMP NOT NULL COMMENT '수정 일시'
)ENGINE=InnoDB DEFAULT CHARSET=utf8 COMMENT '파일[파일 정보]';
ALTER TABLE T_FILE ADD CONSTRAINT T_FILE_PK PRIMARY KEY(FILE_ID);
-- CREATE INDEX T_FILE_IX1 ON T_FILE();


-- 공통    게시판 공지사항
DROP TABLE IF EXISTS T_BBS_NOTICE CASCADE;
CREATE TABLE IF NOT EXISTS T_BBS_NOTICE (
    NOTICE_ID VARCHAR(32) NOT NULL COMMENT '공지사항 ID'
  , SJ VARCHAR(100) COMMENT '제목'
  , CN TEXT COMMENT '내용'
  , IMPORTANT_YN VARCHAR(1) DEFAULT 'N' COMMENT '중요 여부'
  , ORD_SEQ NUMERIC(5,0) DEFAULT 0 COMMENT '정렬 순서'
  , FILE_ID VARCHAR(32) COMMENT '파일 ID'
  , VIEW_CNT NUMERIC(9,0) COMMENT '뷰 건수'
  , POPUP_YN VARCHAR(1) COMMENT '팝업 여부'
  , START_DT TIMESTAMP COMMENT '시작 일시[게시 및 팝업 노출 시작 일시]'
  , END_DT TIMESTAMP COMMENT '종료 일시[게시 및 팝업 노출 종료 일시]'
  , USE_YN VARCHAR(1) DEFAULT 'N' COMMENT '사용 여부'
  , RGST_ID VARCHAR(32) NOT NULL COMMENT '등록 ID'
  , RGST_DT TIMESTAMP DEFAULT CURRENT_TIMESTAMP NOT NULL COMMENT '등록 일시'
  , MODI_ID VARCHAR(32) NOT NULL COMMENT '수정 ID'
  , MODI_DT TIMESTAMP DEFAULT CURRENT_TIMESTAMP NOT NULL COMMENT '수정 일시'
)ENGINE=InnoDB DEFAULT CHARSET=utf8  COMMENT '게시판 공지사항[공지사항 관리]';
ALTER TABLE T_BBS_NOTICE ADD CONSTRAINT T_BBS_NOTICE_PK PRIMARY KEY(NOTICE_ID);
-- CREATE INDEX T_BBS_NOTICE_IX1 ON T_BBS_NOTICE();


-- 공통    게시판 FAQ
DROP TABLE IF EXISTS T_BBS_FAQ CASCADE;
CREATE TABLE IF NOT EXISTS T_BBS_FAQ (
    FAQ_ID VARCHAR(32) NOT NULL COMMENT 'FAQ ID'
  , CL_CODE VARCHAR(32) COMMENT '분류 코드[CODE GROUP_ID: FAQ_CL_CODE]'
  , QSTN VARCHAR(1000) COMMENT '질문'
  , ANSW TEXT COMMENT '답변'
  , ORD_SEQ NUMERIC(5,0) DEFAULT 0 COMMENT '정렬 순서'
  , FILE_ID VARCHAR(32) COMMENT '파일 ID'
  , VIEW_CNT NUMERIC(9,0) COMMENT '뷰 건수'
  , USE_YN VARCHAR(1) DEFAULT 'N' COMMENT'사용 여부'
  , RGST_ID VARCHAR(32) NOT NULL COMMENT '등록 ID'
  , RGST_DT TIMESTAMP DEFAULT CURRENT_TIMESTAMP NOT NULL COMMENT '등록 일시'
  , MODI_ID VARCHAR(32) NOT NULL COMMENT '수정 ID'
  , MODI_DT TIMESTAMP DEFAULT CURRENT_TIMESTAMP NOT NULL COMMENT '수정 일시'
)ENGINE=InnoDB DEFAULT CHARSET=utf8 COMMENT '게시판 FAQ[FAQ 관리]';
ALTER TABLE T_BBS_FAQ ADD CONSTRAINT T_BBS_FAQ_PK PRIMARY KEY(FAQ_ID);
-- CREATE INDEX T_BBS_FAQ_IX1 ON T_BBS_FAQ();


-- 공통    게시판 QNA
DROP TABLE IF EXISTS T_BBS_QNA CASCADE;
CREATE TABLE IF NOT EXISTS T_BBS_QNA (
    QNA_ID VARCHAR(32) NOT NULL COMMENT 'QNA ID'
  , CL_CODE VARCHAR(32) COMMENT '분류 코드'
  , SJ VARCHAR(100) COMMENT '제목'
  , CN TEXT COMMENT '내용'
  , FILE_ID VARCHAR(32) COMMENT '파일 ID'
  , ANSW TEXT COMMENT '답변'
  , ANSW_FILE_ID VARCHAR(32) COMMENT '답변 파일 ID'
  , ANSW_RGST_ID VARCHAR(32) COMMENT '답변 등록 ID'
  , ANSW_RGST_DT TIMESTAMP COMMENT '답변 등록 일시'
  , OPEN_YN VARCHAR(1) COMMENT '공개 여부'
  , QNA_STAT VARCHAR(32) COMMENT 'QNA 상태'
  , BF_QNA_ID VARCHAR(32) COMMENT '이전 QNA ID'
  , VIEW_CNT NUMERIC(9,0) COMMENT '뷰 건수'
  , USE_YN VARCHAR(1) DEFAULT 'N' COMMENT '사용 여부'
  , RGST_ID VARCHAR(32) NOT NULL COMMENT '등록 ID'
  , RGST_DT TIMESTAMP DEFAULT CURRENT_TIMESTAMP NOT NULL COMMENT '등록 일시'
  , MODI_ID VARCHAR(32) NOT NULL COMMENT '수정 ID'
  , MODI_DT TIMESTAMP DEFAULT CURRENT_TIMESTAMP NOT NULL COMMENT '수정 일시'
)ENGINE=InnoDB DEFAULT CHARSET=utf8  COMMENT '게시판 QNA[QNA 관리]';
ALTER TABLE T_BBS_QNA ADD CONSTRAINT T_BBS_QNA_PK PRIMARY KEY(QNA_ID);
-- CREATE INDEX T_BBS_QNA_IX1 ON T_BBS_QNA();


-- 관리자    관리자 권한
DROP TABLE IF EXISTS T_MGR_AUTH CASCADE;
CREATE TABLE IF NOT EXISTS T_MGR_AUTH (
    USER_ID VARCHAR(32) NOT NULL COMMENT '사용자 ID'
  , AUTH_ID VARCHAR(32) NOT NULL COMMENT '권한 ID'
  , USE_YN VARCHAR(1) DEFAULT 'N' COMMENT '사용 여부'
  , RGST_ID VARCHAR(32) NOT NULL COMMENT '등록 ID'
  , RGST_DT TIMESTAMP DEFAULT CURRENT_TIMESTAMP NOT NULL COMMENT '등록 일시'
  , MODI_ID VARCHAR(32) NOT NULL COMMENT '수정 ID'
  , MODI_DT TIMESTAMP DEFAULT CURRENT_TIMESTAMP NOT NULL COMMENT '수정 일시'
)ENGINE=InnoDB DEFAULT CHARSET=utf8  COMMENT '관리자 권한[관리자 권한 관리]';
ALTER TABLE T_MGR_AUTH ADD CONSTRAINT T_MGR_AUTH_PK PRIMARY KEY(USER_ID);
-- CREATE INDEX T_MGR_AUTH_IX1 ON T_MGR_AUTH();


-- 관리자    관리자 시스템 권한
DROP TABLE IF EXISTS T_MGR_SYS_AUTH CASCADE;
CREATE TABLE IF NOT EXISTS T_MGR_SYS_AUTH (
    AUTH_ID VARCHAR(32) NOT NULL COMMENT '권한 ID'
  , AUTH_CL VARCHAR(32) COMMENT '권한 분류[CODE GROUP_ID: MGR_AUTH_CL]'
  , AUTH_NM VARCHAR(100) COMMENT '권한 명'
  , AUTH_DSC VARCHAR(1000) COMMENT '권한 설명'
  , USE_YN VARCHAR(1) DEFAULT 'N' COMMENT '사용 여부'
  , RGST_ID VARCHAR(32) NOT NULL COMMENT '등록 ID'
  , RGST_DT TIMESTAMP DEFAULT CURRENT_TIMESTAMP NOT NULL COMMENT '등록 일시'
  , MODI_ID VARCHAR(32) NOT NULL COMMENT '수정 ID'
  , MODI_DT TIMESTAMP DEFAULT CURRENT_TIMESTAMP NOT NULL COMMENT '수정 일시'
)ENGINE=InnoDB DEFAULT CHARSET=utf8  COMMENT '관리자 시스템 권한[관리자 시스템 권한 관리]';
ALTER TABLE T_MGR_SYS_AUTH ADD CONSTRAINT T_MGR_SYS_AUTH_PK PRIMARY KEY(AUTH_ID);
-- CREATE INDEX T_MGR_SYS_AUTH_IX1 ON T_MGR_SYS_AUTH();


-- 관리자    관리자 시스템 메뉴
DROP TABLE IF EXISTS T_MGR_SYS_MENU CASCADE;
CREATE TABLE IF NOT EXISTS T_MGR_SYS_MENU (
    MENU_ID VARCHAR(16) NOT NULL COMMENT '메뉴 ID'
  , UP_MENU_ID VARCHAR(16) COMMENT '상위 메뉴 ID'
  , MENU_NM VARCHAR(100) COMMENT '메뉴 명'
  , MENU_URL VARCHAR(256) COMMENT '메뉴 URL'
  , MENU_DSC VARCHAR(1000) COMMENT '메뉴 설명'
  , ORD_SEQ NUMERIC(5,0) COMMENT '정렬 순서'
  , MENU_SE VARCHAR(32) DEFAULT 'M' COMMENT '메뉴 구분[CODE GROUP_ID: MENU_SE]'
  , MENU_ATTR JSON COMMENT '메뉴 속성'
  , USE_YN VARCHAR(1) DEFAULT 'N' COMMENT '사용 여부'
  , RGST_ID VARCHAR(32) NOT NULL COMMENT '등록 ID'
  , RGST_DT TIMESTAMP DEFAULT CURRENT_TIMESTAMP NOT NULL COMMENT '등록 일시'
  , MODI_ID VARCHAR(32) NOT NULL COMMENT '수정 ID'
  , MODI_DT TIMESTAMP DEFAULT CURRENT_TIMESTAMP NOT NULL COMMENT '수정 일시'
)ENGINE=InnoDB DEFAULT CHARSET=utf8 COMMENT '관리자 시스템 메뉴[관리자 시스템 메뉴 관리]';
ALTER TABLE T_MGR_SYS_MENU ADD CONSTRAINT T_MGR_SYS_MENU_PK PRIMARY KEY(MENU_ID);
-- CREATE INDEX T_MGR_SYS_MENU_IX1 ON T_MGR_SYS_MENU();


-- 관리자    관리자 시스템 메뉴 권한
DROP TABLE IF EXISTS T_MGR_SYS_MENU_AUTH CASCADE;
CREATE TABLE IF NOT EXISTS T_MGR_SYS_MENU_AUTH (
    AUTH_ID VARCHAR(32) NOT NULL COMMENT '권한 ID'
  , MENU_ID VARCHAR(16) NOT NULL COMMENT '메뉴 ID'
  , MENU_ATTR JSON COMMENT '메뉴 속성'
  , USE_YN VARCHAR(1) DEFAULT 'N' COMMENT '사용 여부'
  , RGST_ID VARCHAR(32) NOT NULL COMMENT '등록 ID'
  , RGST_DT TIMESTAMP DEFAULT CURRENT_TIMESTAMP NOT NULL COMMENT '등록 일시'
  , MODI_ID VARCHAR(32) NOT NULL COMMENT '수정 ID'
  , MODI_DT TIMESTAMP DEFAULT CURRENT_TIMESTAMP NOT NULL COMMENT '수정 일시'
)ENGINE=InnoDB DEFAULT CHARSET=utf8 COMMENT '관리자 시스템 메뉴 권한[관리자 시스템 메뉴 권한 관리]';
ALTER TABLE T_MGR_SYS_MENU_AUTH ADD CONSTRAINT T_MGR_SYS_MENU_AUTH_PK PRIMARY KEY(AUTH_ID, MENU_ID);
-- CREATE INDEX T_MGR_SYS_MENU_AUTH_IX1 ON T_MGR_SYS_MENU_AUTH();


-- 사용자    사용자 권한
DROP TABLE IF EXISTS T_USER_AUTH CASCADE;
CREATE TABLE IF NOT EXISTS T_USER_AUTH (
    USER_ID VARCHAR(32) NOT NULL COMMENT '사용자 ID'
  , AUTH_ID VARCHAR(32) NOT NULL COMMENT '권한 ID'
  , USE_YN VARCHAR(1) DEFAULT 'N' COMMENT '사용 여부'
  , RGST_ID VARCHAR(32) NOT NULL COMMENT '등록 ID'
  , RGST_DT TIMESTAMP DEFAULT CURRENT_TIMESTAMP NOT NULL COMMENT '등록 일시'
  , MODI_ID VARCHAR(32) NOT NULL COMMENT '수정 ID'
  , MODI_DT TIMESTAMP DEFAULT CURRENT_TIMESTAMP NOT NULL COMMENT '수정 일시'
) ENGINE=InnoDB DEFAULT CHARSET=utf8 COMMENT '사용자 권한[사용자 권한 관리]';
ALTER TABLE T_USER_AUTH ADD CONSTRAINT T_USER_AUTH_PK PRIMARY KEY(USER_ID);
-- CREATE INDEX T_USER_AUTH_IX1 ON T_USER_AUTH();


-- 사용자    사용자 시스템 권한
DROP TABLE IF EXISTS T_USER_SYS_AUTH CASCADE;
CREATE TABLE IF NOT EXISTS T_USER_SYS_AUTH (
    AUTH_ID VARCHAR(32) NOT NULL COMMENT '권한 ID'
  , AUTH_CL VARCHAR(32) COMMENT '권한 분류[CODE GROUP_ID: USER_AUTH_CL]'
  , AUTH_NM VARCHAR(100) COMMENT '권한 명'
  , AUTH_DSC VARCHAR(1000) COMMENT '권한 설명'
  , USE_YN VARCHAR(1) DEFAULT 'N' COMMENT '사용 여부'
  , RGST_ID VARCHAR(32) NOT NULL COMMENT '등록 ID'
  , RGST_DT TIMESTAMP DEFAULT CURRENT_TIMESTAMP NOT NULL COMMENT '등록 일시'
  , MODI_ID VARCHAR(32) NOT NULL COMMENT '수정 ID'
  , MODI_DT TIMESTAMP DEFAULT CURRENT_TIMESTAMP NOT NULL COMMENT '수정 일시'
) ENGINE=InnoDB DEFAULT CHARSET=utf8 COMMENT '사용자 시스템 권한[사용자 시스템 권한 관리]';
ALTER TABLE T_USER_SYS_AUTH ADD CONSTRAINT T_USER_SYS_AUTH_PK PRIMARY KEY(AUTH_ID);
-- CREATE INDEX T_USER_SYS_AUTH_IX1 ON T_USER_SYS_AUTH();


-- 업무    역할 그룹
DROP TABLE IF EXISTS T_ROLE_GROUP CASCADE;
CREATE TABLE IF NOT EXISTS T_ROLE_GROUP (
    GROUP_ID VARCHAR(32) NOT NULL COMMENT '그룹 ID'
  , GROUP_NM VARCHAR(200) COMMENT '그룹 명'
  , USE_YN VARCHAR(1) DEFAULT 'N' COMMENT '사용 여부'
  , RGST_ID VARCHAR(32) NOT NULL COMMENT '등록 ID'
  , RGST_DT TIMESTAMP DEFAULT CURRENT_TIMESTAMP NOT NULL COMMENT '등록 일시'
  , MODI_ID VARCHAR(32) NOT NULL COMMENT '수정 ID'
  , MODI_DT TIMESTAMP DEFAULT CURRENT_TIMESTAMP NOT NULL COMMENT '수정 일시'
)ENGINE=InnoDB DEFAULT CHARSET=utf8  COMMENT '역할 그룹[역할 그룹 정보]';
ALTER TABLE T_ROLE_GROUP ADD CONSTRAINT T_ROLE_GROUP_PK PRIMARY KEY(GROUP_ID);
-- CREATE INDEX T_ROLE_GROUP_IX1 ON T_ROLE_GROUP();


-- 업무    역할 그룹 상세
DROP TABLE IF EXISTS T_ROLE_GROUP_DTL CASCADE;
CREATE TABLE IF NOT EXISTS T_ROLE_GROUP_DTL (
    GROUP_ID VARCHAR(32) NOT NULL COMMENT '그룹 ID'
  , REF_TY VARCHAR(16) NOT NULL COMMENT '참조 타입'
  , REF_ID VARCHAR(64) NOT NULL COMMENT '참조 ID'
  , USE_YN VARCHAR(1) DEFAULT 'N' COMMENT '사용 여부'
  , RGST_ID VARCHAR(32) NOT NULL COMMENT '등록 ID'
  , RGST_DT TIMESTAMP DEFAULT CURRENT_TIMESTAMP NOT NULL COMMENT '등록 일시'
  , MODI_ID VARCHAR(32) NOT NULL COMMENT '수정 ID'
  , MODI_DT TIMESTAMP DEFAULT CURRENT_TIMESTAMP NOT NULL COMMENT '수정 일시'
)ENGINE=InnoDB DEFAULT CHARSET=utf8  COMMENT '역할 그룹 상세[역할 그룹 상세 정보]';
ALTER TABLE T_ROLE_GROUP_DTL ADD CONSTRAINT T_ROLE_GROUP_DTL_PK PRIMARY KEY(GROUP_ID, REF_TY, REF_ID);
-- CREATE INDEX T_ROLE_GROUP_DTL_IX1 ON T_ROLE_GROUP_DTL();

-- 세션 관리
CREATE TABLE SPRING_SESSION (
        PRIMARY_ID CHAR(36) NOT NULL,
        SESSION_ID CHAR(36) NOT NULL,
        CREATION_TIME BIGINT NOT NULL,
        LAST_ACCESS_TIME BIGINT NOT NULL,
        MAX_INACTIVE_INTERVAL INT NOT NULL,
        EXPIRY_TIME BIGINT NOT NULL,
        PRINCIPAL_NAME VARCHAR(100),
        CONSTRAINT SPRING_SESSION_PK PRIMARY KEY (PRIMARY_ID)
);

CREATE UNIQUE INDEX SPRING_SESSION_IX1 ON SPRING_SESSION (SESSION_ID);
CREATE INDEX SPRING_SESSION_IX2 ON SPRING_SESSION (EXPIRY_TIME);
CREATE INDEX SPRING_SESSION_IX3 ON SPRING_SESSION (PRINCIPAL_NAME);

CREATE TABLE SPRING_SESSION_ATTRIBUTES (
   SESSION_PRIMARY_ID CHAR(36) NOT NULL,
   ATTRIBUTE_NAME VARCHAR(200) NOT NULL,
   ATTRIBUTE_BYTES LONGBLOB NOT NULL,
   CONSTRAINT SPRING_SESSION_ATTRIBUTES_PK PRIMARY KEY (SESSION_PRIMARY_ID, ATTRIBUTE_NAME),
   CONSTRAINT SPRING_SESSION_ATTRIBUTES_FK FOREIGN KEY (SESSION_PRIMARY_ID) REFERENCES SPRING_SESSION(PRIMARY_ID) ON DELETE CASCADE
);

#---------------------------------------------------------------------------------------------------

-- 공통    코드
TRUNCATE TABLE T_CODE;
INSERT INTO T_CODE (GROUP_ID,CODE_ID,CODE_NM,CODE_DSC,ORD_SEQ,USE_YN,RGST_ID,RGST_DT,MODI_ID,MODI_DT) VALUES
('ACCOUNT_LOCK_PD','LOCK_PD','180','장기 미사용 사용자 잠금 기간',NULL,'Y','SYSTEM',NOW(),'SYSTEM',NOW()),
('ACTIVE_YN','N','비활성',NULL,NULL,'Y','SYSTEM',NOW(),'SYSTEM',NOW()),
('ACTIVE_YN','Y','활성',NULL,NULL,'Y','SYSTEM',NOW(),'SYSTEM',NOW()),
('COMPANY_CODE','DS','신한DS',NULL,NULL,'Y','SYSTEM',NOW(),'SYSTEM',NOW()),
('COMPANY_CODE','GS','신한금융투자',NULL,NULL,'Y','SYSTEM',NOW(),'SYSTEM',NOW()),
('COMPANY_CODE','SB','신한은행',NULL,NULL,'Y','SYSTEM',NOW(),'SYSTEM',NOW()),
('COMPANY_CODE','RC','알티캐스트',NULL,NULL,'Y','SYSTEM',NOW(),'SYSTEM',NOW()),
('COMPANY_CODE','RD','알티데이터랩',NULL,NULL,'Y','SYSTEM',NOW(),'SYSTEM',NOW()),
('FAQ_CAT','ETC','기타',NULL,NULL,'Y','SYSTEM',NOW(),'SYSTEM',NOW()),
('FAQ_CAT','LOGIN','로그인',NULL,NULL,'Y','SYSTEM',NOW(),'SYSTEM',NOW()),
('FAQ_CAT','MANUAL','사용문의',NULL,NULL,'Y','SYSTEM',NOW(),'SYSTEM',NOW()),
('FAQ_CAT','PROJECT','프로젝트',NULL,NULL,'Y','SYSTEM',NOW(),'SYSTEM',NOW()),
('FAQ_CAT','SYSTEM','시스템',NULL,NULL,'Y','SYSTEM',NOW(),'SYSTEM',NOW()),
('FILE','LIMIT','10485760','대용량 파일 사이즈 / 단위 byte',NULL,'Y','SYSTEM',NOW(),'SYSTEM',NOW()),
('FILE','PD','180 days','대용량 파일 유지 기간 / 단위 일(INTERVAL)',NULL,'Y','SYSTEM',NOW(),'SYSTEM',NOW()),
('GROUP_ID','ACCOUNT_LOCK_PD','미사용 잠금 기간 설정',NULL,NULL,'Y','SYSTEM',NOW(),'SYSTEM',NOW()),
('GROUP_ID','ACTIVE_YN','활성화 여부',NULL,NULL,'Y','SYSTEM',NOW(),'SYSTEM',NOW()),
('GROUP_ID','COMPANY_CODE','회사 구분',NULL,NULL,'Y','SYSTEM',NOW(),'SYSTEM',NOW()),
('GROUP_ID','FAQ_CAT','FAQ 카테고리','',NULL,'N','SYSTEM',NOW(),'admin','2021-05-14 20:10:43.0'),
('GROUP_ID','FILE','대용량 파일 설정','배치에서 사용',NULL,'Y','SYSTEM',NOW(),'SYSTEM',NOW()),
('GROUP_ID','IMPORTANT_YN','중요 여부',NULL,NULL,'Y','SYSTEM',NOW(),'SYSTEM',NOW()),
('GROUP_ID','LANG','언어',NULL,NULL,'Y','SYSTEM',NOW(),'SYSTEM',NOW()),
('GROUP_ID','LOGIN_MESSAGE','로그인 실패 메시지',NULL,NULL,'Y','SYSTEM',NOW(),'SYSTEM',NOW()),
('GROUP_ID','MENU_SE','메뉴 구분',NULL,NULL,'Y','SYSTEM',NOW(),'SYSTEM',NOW()),
('GROUP_ID','OPEN_YN','공개 여부',NULL,NULL,'Y','SYSTEM',NOW(),'SYSTEM',NOW()),
('GROUP_ID','POPUP_YN','팝업 사용 여부','공지사항 팝업 설정',NULL,'Y','SYSTEM',NOW(),'SYSTEM',NOW()),
('GROUP_ID','QNA_CAT','QNA 카테고리','',NULL,'N','SYSTEM',NOW(),'admin','2021-05-14 20:10:31.0'),
('GROUP_ID','QNA_STAT_CODE','QNA 답변 상태','',NULL,'N','SYSTEM',NOW(),'admin','2021-05-14 20:10:37.0'),
('GROUP_ID','USER_SEARCH_CODE','사용자 검색 구분',NULL,NULL,'Y','SYSTEM',NOW(),'SYSTEM',NOW()),
('GROUP_ID','USE_YN','사용 여부',NULL,NULL,'Y','SYSTEM',NOW(),'SYSTEM',NOW()),
('IMPORTANT_YN','N','일반',NULL,NULL,'Y','SYSTEM',NOW(),'SYSTEM',NOW()),
('IMPORTANT_YN','Y','중요',NULL,NULL,'Y','SYSTEM',NOW(),'SYSTEM',NOW()),
('LANG','chn','중국어',NULL,NULL,'Y','SYSTEM',NOW(),'SYSTEM',NOW()),
('LANG','eng','영어',NULL,NULL,'Y','SYSTEM',NOW(),'SYSTEM',NOW()),
('LANG','jpn','일본어',NULL,NULL,'Y','SYSTEM',NOW(),'SYSTEM',NOW()),
('LANG','kor','한국어',NULL,NULL,'Y','SYSTEM',NOW(),'SYSTEM',NOW()),
('LOGIN_MESSAGE','ACCOUNT_DISABLE','계정 미사용','사용자 계정으로 로그인 할 수 없습니다.',NULL,'Y','SYSTEM',NOW(),'SYSTEM',NOW()),
('LOGIN_MESSAGE','ACCOUNT_EXPIRE','계정 만료','사용자 계정이 만료되었습니다.',NULL,'Y','SYSTEM',NOW(),'SYSTEM',NOW()),
('LOGIN_MESSAGE','ACCOUNT_LOCK','계정 잠김','사용자 계정이 잠겨있습니다.',NULL,'Y','SYSTEM',NOW(),'SYSTEM',NOW()),
('LOGIN_MESSAGE','AUTH_FAIL','계정 권한 없음','사용자 계정의 권한이 없습니다.',NULL,'Y','SYSTEM',NOW(),'SYSTEM',NOW()),
('LOGIN_MESSAGE','LOGIN_FAIL','기본 실패 메시지','로그인을 하지 못하였습니다.',NULL,'Y','SYSTEM',NOW(),'SYSTEM',NOW()),
('LOGIN_MESSAGE','SSO_CONNECT_FAIL','SSO 연결 실패','SSO 인증 서버와 연결이 원활하지 않습니다.',NULL,'Y','SYSTEM',NOW(),'SYSTEM',NOW()),
('LOGIN_MESSAGE','SSO_LOGIN_FAIL','SSO 인증 실패','SSO 인증을 실패하였습니다.',NULL,'Y','SYSTEM',NOW(),'SYSTEM',NOW()),
('LOGIN_MESSAGE','UDB_CONNECT_FAIL','UDB 연결 실패','UDB 인증 서버와 연결이 원활하지 않습니다.',NULL,'Y','SYSTEM',NOW(),'SYSTEM',NOW()),
('LOGIN_MESSAGE','UDB_LOGIN_FAIL','UDB 인증 실패','UDB 인증을 실패하였습니다.',NULL,'Y','SYSTEM',NOW(),'SYSTEM',NOW()),
('LOGIN_MESSAGE','USER_NOT_FOUND','사용자 조회 불가','사용자 정보를 조회하지 못하였습니다.',NULL,'Y','SYSTEM',NOW(),'SYSTEM',NOW()),
('MENU_SE','F','기능',NULL,NULL,'Y','SYSTEM',NOW(),'SYSTEM',NOW()),
('MENU_SE','M','메뉴 구분',NULL,NULL,'Y','SYSTEM',NOW(),'SYSTEM',NOW()),
('OPEN_YN','N','비공개',NULL,NULL,'Y','SYSTEM',NOW(),'SYSTEM',NOW()),
('OPEN_YN','Y','공개',NULL,NULL,'Y','SYSTEM',NOW(),'SYSTEM',NOW()),
('POPUP_YN','N','팝업 미사용',NULL,NULL,'Y','SYSTEM',NOW(),'SYSTEM',NOW()),
('POPUP_YN','Y','팝업 사용',NULL,NULL,'Y','SYSTEM',NOW(),'SYSTEM',NOW()),
('QNA_CAT','ETC','기타',NULL,NULL,'Y','SYSTEM',NOW(),'SYSTEM',NOW()),
('QNA_CAT','LOGIN','로그인',NULL,NULL,'Y','SYSTEM',NOW(),'SYSTEM',NOW()),
('QNA_CAT','MANUAL','사용문의',NULL,NULL,'Y','SYSTEM',NOW(),'SYSTEM',NOW()),
('QNA_CAT','PROJECT','프로젝트',NULL,NULL,'Y','SYSTEM',NOW(),'SYSTEM',NOW()),
('QNA_CAT','SYSTEM','시스템',NULL,NULL,'Y','SYSTEM',NOW(),'SYSTEM',NOW()),
('QNA_STAT_CODE','ANSWERED','답변 완료',NULL,NULL,'Y','SYSTEM',NOW(),'SYSTEM',NOW()),
('QNA_STAT_CODE','READED','확인중',NULL,NULL,'Y','SYSTEM',NOW(),'SYSTEM',NOW()),
('QNA_STAT_CODE','UNREAD','미확인',NULL,NULL,'Y','SYSTEM',NOW(),'SYSTEM',NOW()),
('USER_SEARCH_CODE','deptNm','부서명',NULL,NULL,'Y','SYSTEM',NOW(),'SYSTEM',NOW()),
('USER_SEARCH_CODE','userId','사번',NULL,NULL,'Y','SYSTEM',NOW(),'SYSTEM',NOW()),
('USER_SEARCH_CODE','userNm','성명',NULL,NULL,'Y','SYSTEM',NOW(),'SYSTEM',NOW()),
('USE_YN','N','미사용',NULL,NULL,'Y','SYSTEM',NOW(),'SYSTEM',NOW()),
('USE_YN','Y','사용',NULL,NULL,'Y','SYSTEM',NOW(),'SYSTEM',NOW());


-- 공통    부서
TRUNCATE TABLE T_DEPT;
INSERT INTO T_DEPT (DEPT_CODE,DEPT_NM,HDEPT_CODE,USE_YN,MODI_SE,RGST_ID,RGST_DT,MODI_ID,MODI_DT) VALUES
('D0','알티데이터랩',NULL,'Y','C','SYSTEM',NOW(),'SYSTEM',NOW()),
('D1','경영지원그룹','D0','Y','C','SYSTEM',NOW(),'SYSTEM',NOW()),
('D10','디자인부','S1','Y','C','SYSTEM',NOW(),'SYSTEM',NOW()),
('D2','경영지원부','D1','Y','C','SYSTEM',NOW(),'SYSTEM',NOW()),
('D3','영업부','D1','Y','C','SYSTEM',NOW(),'SYSTEM',NOW()),
('D4','개발그룹','D1','Y','C','SYSTEM',NOW(),'SYSTEM',NOW()),
('D5','개발부','D4','Y','C','SYSTEM',NOW(),'SYSTEM',NOW()),
('D6','Data Analytics','S2','Y','C','SYSTEM',NOW(),'SYSTEM',NOW()),
('D7','Data Engineering','S2','Y','C','SYSTEM',NOW(),'SYSTEM',NOW()),
('D8','Data Service P/F','S2','Y','C','SYSTEM',NOW(),'SYSTEM',NOW()),
('D9','웹개발부','S1','Y','C','SYSTEM',NOW(),'SYSTEM',NOW());


-- 공통    본부
TRUNCATE TABLE T_HDEPT;
INSERT INTO T_HDEPT (HDEPT_CODE,HDEPT_NM,USE_YN,MODI_SE,RGST_ID,RGST_DT,MODI_ID,MODI_DT) VALUES
('S1','포털사업본부','Y','C','SYSTEM',NOW(),'SYSTEM',NOW()),
('S2','개발본부','N','C','SYSTEM',NOW(),'SYSTEM',NOW());


-- 공통    직위
TRUNCATE TABLE T_PSTN;
INSERT INTO T_PSTN (PSTN_CODE,PSTN_NM,USE_YN,MODI_SE,RGST_ID,RGST_DT,MODI_ID,MODI_DT) VALUES
('P1','책임','Y','C','SYSTEM',NOW(),'SYSTEM',NOW()),
('P2','수석','Y','C','SYSTEM',NOW(),'SYSTEM',NOW());


-- 공통    사용자
TRUNCATE TABLE T_USER;
INSERT INTO T_USER (USER_ID,USER_NM,PSTN_CODE,DEPT_CODE,HDEPT_CODE,ADOF_DEPT_CODE,COMPANY_CODE,DUTY_SE,LAST_LOG_DT,START_DT,END_DT,DT_LIMIT_YN,FILE_URL,MGR_SYS_ENV,USER_SYS_HOME,USER_SYS_ENV,BF_DEPT_CODE,DEPT_UPDT_DT,USE_YN,MODI_SE,RGST_ID,RGST_DT,MODI_ID,MODI_DT) VALUES
('admin','관리자','P2','D1','S1',NULL,'10','Y','2021-05-18 15:32:04.0',NOW(),NOW(),'N',NULL,NULL,NULL,NULL,NULL,NOW(),'Y','R','SYSTEM',NOW(),'SYSTEM',NOW()),
('fail11','실패11','P1','D1','S1',NULL,'10','N',NOW(),NOW(),NOW(),'Y',NULL,NULL,NULL,NULL,NULL,NOW(),'N','R','SYSTEM',NOW(),'SYSTEM',NOW()),
('fail12','실패12','P1','D1','S1',NULL,'10','N',NOW(),NOW(),NOW(),'Y',NULL,NULL,NULL,NULL,NULL,NOW(),'N','R','SYSTEM',NOW(),'SYSTEM',NOW()),
('fail13','실패13','P2','D1','S1',NULL,'10','N',NOW(),NOW(),NOW(),'Y',NULL,NULL,NULL,NULL,NULL,NOW(),'N','R','SYSTEM',NOW(),'SYSTEM',NOW()),
('SYSTEM','시스템','P2','D1','S1',NULL,'10','N',NOW(),NOW(),NOW(),'Y',NULL,NULL,NULL,NULL,NULL,NOW(),'N','R','SYSTEM',NOW(),'SYSTEM',NOW()),
('test11','테스트11','P2','D1','S1','D2','10','Y',NOW(),NOW(),NOW(),'Y',NULL,NULL,NULL,NULL,NULL,NOW(),'Y','R','SYSTEM',NOW(),'SYSTEM',NOW()),
('test12','테스트12','P1','D1','S1',NULL,'10','Y',NOW(),NOW(),NOW(),'Y',NULL,NULL,NULL,NULL,NULL,NOW(),'Y','R','SYSTEM',NOW(),'SYSTEM',NOW()),
('test13','테스트13','P1','D1','S1',NULL,'10','N',NOW(),NOW(),NOW(),'Y',NULL,NULL,NULL,NULL,NULL,NOW(),'Y','R','SYSTEM',NOW(),'SYSTEM',NOW()),
('test14','테스트14','P1','D1','S1',NULL,'10','N',NOW(),NOW(),NOW(),'Y',NULL,NULL,NULL,NULL,NULL,NOW(),'Y','R','SYSTEM',NOW(),'SYSTEM',NOW()),
('test15','테스트15','P1','D1','S1',NULL,'10','N',NOW(),NOW(),NOW(),'Y',NULL,NULL,NULL,NULL,NULL,NOW(),'Y','R','SYSTEM',NOW(),'SYSTEM',NOW()),
('test21','테스트21','P1','D2','S1','D1','10','Y',NOW(),NOW(),NOW(),'Y',NULL,NULL,NULL,NULL,NULL,NOW(),'Y','R','SYSTEM',NOW(),'SYSTEM',NOW()),
('test22','테스트22','P1','D2','S1',NULL,'10','Y',NOW(),NOW(),NOW(),'Y',NULL,NULL,NULL,NULL,NULL,NOW(),'Y','R','SYSTEM',NOW(),'SYSTEM',NOW()),
('test23','테스트23','P1','D2','S1',NULL,'10','N',NOW(),NOW(),NOW(),'Y',NULL,NULL,NULL,NULL,NULL,NOW(),'Y','R','SYSTEM',NOW(),'SYSTEM',NOW()),
('test24','테스트24','P2','D2','S1',NULL,'10','N',NOW(),NOW(),NOW(),'Y',NULL,NULL,NULL,NULL,NULL,NOW(),'Y','R','SYSTEM',NOW(),'SYSTEM',NOW()),
('test25','테스트25','P2','D2','S1',NULL,'10','N',NOW(),NOW(),NOW(),'Y',NULL,NULL,NULL,NULL,NULL,NOW(),'Y','R','SYSTEM',NOW(),'SYSTEM',NOW()),
('test26','테스트26','P2','D2','S1','D1','10','N',NOW(),NOW(),NOW(),'Y',NULL,NULL,NULL,NULL,NULL,NOW(),'Y','R','SYSTEM',NOW(),'SYSTEM',NOW()),
('test27','테스트27','P2','D2','S1',NULL,'10','N',NOW(),NOW(),NOW(),'Y',NULL,NULL,NULL,NULL,NULL,NOW(),'Y','R','SYSTEM',NOW(),'SYSTEM',NOW()),
('test28','테스트28','P2','D2','S1',NULL,'10','N',NOW(),NOW(),NOW(),'Y',NULL,NULL,NULL,NULL,NULL,NOW(),'Y','R','SYSTEM',NOW(),'SYSTEM',NOW()),
('test29','테스트29','P2','D2','S1',NULL,'10','N',NOW(),NOW(),NOW(),'Y',NULL,NULL,NULL,NULL,NULL,NOW(),'Y','R','SYSTEM',NOW(),'SYSTEM',NOW());


-- 공통    사용자 테스트
TRUNCATE TABLE T_USER_TEST;
INSERT INTO T_USER_TEST (USER_ID,USER_NM,RGST_ID,RGST_DT) VALUES
('SYSTEM','시스템','SYSTEM',NOW()),
('admin','관리자','SYSTEM',NOW()),
('test11','테스트11','SYSTEM',NOW()),
('test12','테스트12','SYSTEM',NOW()),
('test13','테스트13','SYSTEM',NOW()),
('test14','테스트14','SYSTEM',NOW()),
('test15','테스트15','SYSTEM',NOW()),
('test21','테스트21','SYSTEM',NOW()),
('test22','테스트22','SYSTEM',NOW()),
('test23','테스트23','SYSTEM',NOW()),
('test24','테스트24','SYSTEM',NOW()),
('test25','테스트25','SYSTEM',NOW()),
('test26','테스트26','SYSTEM',NOW()),
('test27','테스트27','SYSTEM',NOW()),
('test28','테스트28','SYSTEM',NOW()),
('test29','테스트29','SYSTEM',NOW()),
('fail11','실패11','SYSTEM',NOW()),
('fail12','실패12','SYSTEM',NOW()),
('fail13','실패13','SYSTEM',NOW());


-- 공통    부서 분류
TRUNCATE TABLE T_DEPT_CL;
INSERT INTO T_DEPT_CL (DEPT_CODE,UP_DEPT_CODE,DEPT_NM,ORD_SEQ,LV,DEPT_PATH,GROUP_CODE,UP_GROUP_CODE,USE_YN,MODI_SE,RGST_ID,RGST_DT,MODI_ID,MODI_DT) VALUES
('D0','Top','알티데이터랩',1,1,'top/D0','D0','Top','Y','C','SYSTEM',NOW(),'SYSTEM',NOW()),
('D1','D0','경영지원그룹',2,2,'top/D0/D1','D1','D0','Y','C','SYSTEM',NOW(),'SYSTEM',NOW()),
('D10','D4','Data Service P/F',11,3,'top/D0/D4/D10','D10','D4','Y','C','SYSTEM',NOW(),'SYSTEM',NOW()),
('D2','D1','경영지원부',3,3,'top/D0/D1/D2','D2','D1','Y','C','SYSTEM',NOW(),'SYSTEM',NOW()),
('D3','D1','영업부',4,3,'top/D0/D1/D3','D3','D1','Y','C','SYSTEM',NOW(),'SYSTEM',NOW()),
('D4','D0','개발그룹',5,2,'top/D0/D4','D4','D0','Y','C','SYSTEM',NOW(),'SYSTEM',NOW()),
('D5','D4','개발부',6,3,'top/D0/D4/D5','D5','D4','Y','C','SYSTEM',NOW(),'SYSTEM',NOW()),
('D6','D4','디자인부',7,3,'top/D0/D4/D6','D6','D4','Y','C','SYSTEM',NOW(),'SYSTEM',NOW()),
('D7','D4','웹개발부',8,3,'top/D0/D4/D7','D7','D4','Y','C','SYSTEM',NOW(),'SYSTEM',NOW()),
('D8','D4','Data Analytics',9,3,'top/D0/D4/D8','D8','D4','Y','C','SYSTEM',NOW(),'SYSTEM',NOW()),
('D9','D4','Data Engineering',10,3,'top/D0/D4/D9','D9','D4','Y','C','SYSTEM',NOW(),'SYSTEM',NOW());


-- 공통    게시판 공지사항
TRUNCATE TABLE T_BBS_NOTICE;
INSERT INTO T_BBS_NOTICE (NOTICE_ID,SJ,CN,IMPORTANT_YN,ORD_SEQ,FILE_ID,USE_YN,RGST_ID,RGST_DT,MODI_ID,MODI_DT) VALUES
('nt20000000001','공지사항 1','공지사항 내용 1','N','2',NULL,'Y','SYSTEM',NOW(),'SYSTEM',NOW()),
('nt20000000002','공지사항 2','공지사항 내용 2','N','1',NULL,'Y','SYSTEM',NOW(),'SYSTEM',NOW()),
('nt20000000003','공지사항 3','공지사항 내용 3','Y','3',NULL,'Y','SYSTEM',NOW(),'SYSTEM',NOW());



-- 공통    게시판 FAQ
TRUNCATE TABLE T_BBS_FAQ;
INSERT INTO T_BBS_FAQ (FAQ_ID,CL_CODE,QSTN,ANSW,ORD_SEQ,FILE_ID,USE_YN,RGST_ID,RGST_DT,MODI_ID,MODI_DT) VALUES
('fq20000000001','LOGIN','로그인 질문 1','로그인 답변 1','1',NULL,'Y','SYSTEM',NOW(),'SYSTEM',NOW()),
('fq20000000002','LOGIN','로그인 질문 2','로그인 답변 2','2',NULL,'Y','SYSTEM',NOW(),'SYSTEM',NOW()),
('fq20000000003','SYSTEM','시스템 질문 1','시스템 답변 1','2',NULL,'Y','SYSTEM',NOW(),'SYSTEM',NOW()),
('fq20000000004','SYSTEM','시스템 질문 2','시스템 답변 2','1',NULL,'Y','SYSTEM',NOW(),'SYSTEM',NOW());

-- 관리자    관리자 권한
TRUNCATE TABLE T_MGR_AUTH;
INSERT INTO T_MGR_AUTH (USER_ID,AUTH_ID,USE_YN,RGST_ID,RGST_DT,MODI_ID,MODI_DT) VALUES
('admin','au20000000001','Y','SYSTEM',NOW(),'SYSTEM',NOW()),
('test11','au20000000001','Y','SYSTEM',NOW(),'SYSTEM',NOW()),
('test12','au20000000001','Y','SYSTEM',NOW(),'SYSTEM',NOW()),
('test13','au20000000001','Y','SYSTEM',NOW(),'SYSTEM',NOW()),
('test14','au20000000002','Y','SYSTEM',NOW(),'SYSTEM',NOW()),
('test15','au20000000002','Y','SYSTEM',NOW(),'SYSTEM',NOW());



-- 관리자    관리자 시스템 권한
TRUNCATE TABLE T_MGR_SYS_AUTH;
INSERT INTO T_MGR_SYS_AUTH (AUTH_ID,AUTH_CL,AUTH_NM,AUTH_DSC,USE_YN,RGST_ID,RGST_DT,MODI_ID,MODI_DT) VALUES
('au20000000001','M','관리자','관리자','Y','SYSTEM',NOW(),'SYSTEM',NOW()),
('au20000000002','A','분석관리자','분석관리자','Y','SYSTEM',NOW(),'SYSTEM',NOW());


-- 관리자    관리자 시스템 메뉴
TRUNCATE TABLE T_MGR_SYS_MENU;
INSERT INTO T_MGR_SYS_MENU (MENU_ID,UP_MENU_ID,MENU_NM,MENU_URL,MENU_DSC,ORD_SEQ,MENU_SE,MENU_ATTR,USE_YN,RGST_ID,RGST_DT,MODI_ID,MODI_DT) VALUES
('mn20000000001',NULL,'HOME','/','','1','M','{"attr":{"insert":true,"update":true,"delete":true,"detail":true}}','Y','SYSTEM',NOW(),'SYSTEM',NOW()),
('mn20000000002','mn20000000001','시스템','/system','','2','M','{"attr":{"insert":true,"update":true,"delete":true,"detail":true}}','Y','SYSTEM',NOW(),'SYSTEM',NOW()),
('mn20000000003','mn20000000002','시스템정보','/system/info','','3','M','{"attr":{"insert":true,"update":true,"delete":true,"detail":true}}','Y','SYSTEM',NOW(),'SYSTEM',NOW()),
('mn20000000004','mn20000000002','시스템기본정보','/system/base','','4','M','{"attr":{"insert":true,"update":true,"delete":true,"detail":true}}','Y','SYSTEM',NOW(),'SYSTEM',NOW()),
('mn20000000005','mn20000000002','시스템별 프로세스','/system/prosess','','5','M','{"attr":{"insert":true,"update":true,"delete":true,"detail":true}}','Y','SYSTEM',NOW(),'SYSTEM',NOW()),
('mn20000000006','mn20000000002','칵테일 기본정보','/system/cocktail','','6','M','{"attr":{"insert":true,"update":true,"delete":true,"detail":true}}','Y','SYSTEM',NOW(),'SYSTEM',NOW()),
('mn20000000007','mn20000000001','Admin','/admin','','7','M','{"attr":{"insert":true,"update":true,"delete":true,"detail":true}}','Y','SYSTEM',NOW(),'SYSTEM',NOW()),
('mn20000000008','mn20000000007','메뉴관리','/admin/menu','','8','M','{"attr":{"insert":true,"update":true,"delete":true,"detail":true}}','Y','SYSTEM',NOW(),'SYSTEM',NOW()),
('mn20000000009','mn20000000007','메뉴 권한 관리','/admin/menuAuth','','9','M','{"attr":{"insert":true,"update":true,"delete":true,"detail":true}}','Y','SYSTEM',NOW(),'SYSTEM',NOW()),
('mn20000000010','mn20000000007','사용자 관리','/admin/member','','10','M','{"attr":{"insert":true,"update":true,"delete":true,"detail":true}}','Y','SYSTEM',NOW(),'SYSTEM',NOW()),
('mn20000000011','mn20000000007','사용자 권한 관리','/admin/role','','11','M','{"attr":{"insert":true,"update":true,"delete":true,"detail":true}}','Y','SYSTEM',NOW(),'SYSTEM',NOW()),
('mn20000000012','mn20000000007','작업이력 관리','/admin/JobHst','','12','M','{"attr":{"insert":true,"update":true,"delete":true,"detail":true}}','Y','SYSTEM',NOW(),'SYSTEM',NOW()),
('mn20000000013','mn20000000007','로그인이력 관리','/admin/loginHist','','13','M','{"attr":{"insert":true,"update":true,"delete":true,"detail":true}}','Y','SYSTEM',NOW(),'SYSTEM',NOW()),
('mn20000000014','mn20000000007','공통코드관리','/admin/code','','14','M','{"attr":{"insert":true,"update":true,"delete":true,"detail":true}}','Y','SYSTEM',NOW(),'SYSTEM',NOW()),
('mn20000000015','mn20000000007','휴일관리','/admin/holiday','','15','M','{"attr":{"insert":true,"update":true,"delete":true,"detail":true}}','Y','SYSTEM',NOW(),'SYSTEM',NOW()),
('mn20000000016','mn20000000001','프로젝트','/project','','16','M','{"attr":{"insert":true,"update":true,"delete":true,"detail":true}}','Y','SYSTEM',NOW(),'SYSTEM',NOW()),
('mn20000000017','mn20000000016','프로젝트 관리','/project/project','','17','M','{"attr":{"insert":true,"update":true,"delete":true,"detail":true}}','Y','SYSTEM',NOW(),'SYSTEM',NOW()),
('mn20000000018','mn20000000016','도메인 관리','/admin/domain','','18','M','{"attr":{"insert":true,"update":true,"delete":true,"detail":true}}','Y','SYSTEM',NOW(),'SYSTEM',NOW()),
('mn20000000019','mn20000000016','시나리오 관리','/admin/scenario','','19','M','{"attr":{"insert":true,"update":true,"delete":true,"detail":true}}','Y','SYSTEM',NOW(),'SYSTEM',NOW()),
('mn20000000020','mn20000000016','음성봇 관리','/admin/voiceBot','','20','M','{"attr":{"insert":true,"update":true,"delete":true,"detail":true}}','Y','SYSTEM',NOW(),'SYSTEM',NOW()),
('mn20000000021','mn20000000016','이미지 관리','/admin/Image','','21','M','{"attr":{"insert":true,"update":true,"delete":true,"detail":true}}','Y','SYSTEM',NOW(),'SYSTEM',NOW()),
('mn20000000022','mn20000000016','캠페인 관리','/admin/campaign','','22','M','{"attr":{"insert":true,"update":true,"delete":true,"detail":true}}','Y','SYSTEM',NOW(),'SYSTEM',NOW()),
('mn20000000023','mn20000000001','서비스','/service','','23','M','{"attr":{"insert":true,"update":true,"delete":true,"detail":true}}','Y','SYSTEM',NOW(),'SYSTEM',NOW()),
('mn20000000024','mn20000000023','대화 트래킹','/service/conversationTkr','','24','M','{"attr":{"insert":true,"update":true,"delete":true,"detail":true}}','Y','SYSTEM',NOW(),'SYSTEM',NOW()),
('mn20000000025','mn20000000023','녹취내용 검색','/service/searchTrans','','25','M','{"attr":{"insert":true,"update":true,"delete":true,"detail":true}}','Y','SYSTEM',NOW(),'SYSTEM',NOW()),
('mn20000000026','mn20000000023','음성봇 학습관리','/service/voiceBotLearning','','26','M','{"attr":{"insert":true,"update":true,"delete":true,"detail":true}}','Y','SYSTEM',NOW(),'SYSTEM',NOW()),
('mn20000000027','mn20000000023','평가셋 관리','/service/Evaluation','','27','M','{"attr":{"insert":true,"update":true,"delete":true,"detail":true}}','Y','SYSTEM',NOW(),'SYSTEM',NOW()),
('mn20000000028','mn20000000023','음성봇 인입제어','/service/voceBotIngressCtr','','28','M','{"attr":{"insert":true,"update":true,"delete":true,"detail":true}}','Y','SYSTEM',NOW(),'SYSTEM',NOW()),
('mn20000000029','mn20000000001','분석','/analysis','','29','M','{"attr":{"insert":true,"update":true,"delete":true,"detail":true}}','Y','SYSTEM',NOW(),'SYSTEM',NOW()),
('mn20000000030','mn20000000029','모니터링','/analysis/monitoring','','30','M','{"attr":{"insert":true,"update":true,"delete":true,"detail":true}}','Y','SYSTEM',NOW(),'SYSTEM',NOW()),
('mn20000000031','mn20000000029','요약','/analysis/summary','','31','M','{"attr":{"insert":true,"update":true,"delete":true,"detail":true}}','Y','SYSTEM',NOW(),'SYSTEM',NOW()),
('mn20000000032','mn20000000029','채널별 모니터링','/analysis/ChannelMonitoring','','32','M','{"attr":{"insert":true,"update":true,"delete":true,"detail":true}}','Y','SYSTEM',NOW(),'SYSTEM',NOW()),
('mn20000000033','mn20000000001','통계','/statistics','','33','M','{"attr":{"insert":true,"update":true,"delete":true,"detail":true}}','Y','SYSTEM',NOW(),'SYSTEM',NOW()),
('mn20000000034','mn20000000033','대시보드','/statistics/dashboard','','34','M','{"attr":{"insert":true,"update":true,"delete":true,"detail":true}}','Y','SYSTEM',NOW(),'SYSTEM',NOW()),
('mn20000000035','mn20000000033','이용통계','/statistics/usage','','35','M','{"attr":{"insert":true,"update":true,"delete":true,"detail":true}}','Y','SYSTEM',NOW(),'SYSTEM',NOW()),
('mn20000000036','mn20000000033','응답통계','/statistics/response','','36','M','{"attr":{"insert":true,"update":true,"delete":true,"detail":true}}','Y','SYSTEM',NOW(),'SYSTEM',NOW()),
('mn20000000037','mn20000000033','지식통계','/statistics/knowledge','','37','M','{"attr":{"insert":true,"update":true,"delete":true,"detail":true}}','Y','SYSTEM',NOW(),'SYSTEM',NOW());


-- 관리자    관리자 시스템 메뉴 권한
TRUNCATE TABLE T_MGR_SYS_MENU_AUTH;
INSERT INTO T_MGR_SYS_MENU_AUTH (AUTH_ID,MENU_ID,MENU_ATTR,USE_YN,RGST_ID,RGST_DT,MODI_ID,MODI_DT) VALUES
('au20000000001','mn20000000001','{"attr":{"insert":true,"update":true,"delete":true,"detail":true}}','Y','SYSTEM',NOW(),'SYSTEM',NOW()),
('au20000000001','mn20000000002','{"attr":{"insert":true,"update":true,"delete":true,"detail":true}}','Y','SYSTEM',NOW(),'SYSTEM',NOW()),
('au20000000001','mn20000000003','{"attr":{"insert":true,"update":true,"delete":true,"detail":true}}','Y','SYSTEM',NOW(),'SYSTEM',NOW()),
('au20000000001','mn20000000004','{"attr":{"insert":true,"update":true,"delete":true,"detail":true}}','Y','SYSTEM',NOW(),'SYSTEM',NOW()),
('au20000000001','mn20000000005','{"attr":{"insert":true,"update":true,"delete":true,"detail":true}}','Y','SYSTEM',NOW(),'SYSTEM',NOW()),
('au20000000001','mn20000000006','{"attr":{"insert":true,"update":true,"delete":true,"detail":true}}','Y','SYSTEM',NOW(),'SYSTEM',NOW()),
('au20000000001','mn20000000007','{"attr":{"insert":true,"update":true,"delete":true,"detail":true}}','Y','SYSTEM',NOW(),'SYSTEM',NOW()),
('au20000000001','mn20000000008','{"attr":{"insert":true,"update":true,"delete":true,"detail":true}}','Y','SYSTEM',NOW(),'SYSTEM',NOW()),
('au20000000001','mn20000000009','{"attr":{"insert":true,"update":true,"delete":true,"detail":true}}','Y','SYSTEM',NOW(),'SYSTEM',NOW()),
('au20000000001','mn20000000010','{"attr":{"insert":true,"update":true,"delete":true,"detail":true}}','Y','SYSTEM',NOW(),'SYSTEM',NOW()),
('au20000000001','mn20000000011','{"attr":{"insert":true,"update":true,"delete":true,"detail":true}}','Y','SYSTEM',NOW(),'SYSTEM',NOW()),
('au20000000001','mn20000000012','{"attr":{"insert":true,"update":true,"delete":true,"detail":true}}','Y','SYSTEM',NOW(),'SYSTEM',NOW()),
('au20000000001','mn20000000013','{"attr":{"insert":true,"update":true,"delete":true,"detail":true}}','Y','SYSTEM',NOW(),'SYSTEM',NOW()),
('au20000000001','mn20000000014','{"attr":{"insert":true,"update":true,"delete":true,"detail":true}}','Y','SYSTEM',NOW(),'SYSTEM',NOW()),
('au20000000001','mn20000000015','{"attr":{"insert":true,"update":true,"delete":true,"detail":true}}','Y','SYSTEM',NOW(),'SYSTEM',NOW()),
('au20000000001','mn20000000016','{"attr":{"insert":true,"update":true,"delete":true,"detail":true}}','Y','SYSTEM',NOW(),'SYSTEM',NOW()),
('au20000000001','mn20000000017','{"attr":{"insert":true,"update":true,"delete":true,"detail":true}}','Y','SYSTEM',NOW(),'SYSTEM',NOW()),
('au20000000001','mn20000000018','{"attr":{"insert":true,"update":true,"delete":true,"detail":true}}','Y','SYSTEM',NOW(),'SYSTEM',NOW()),
('au20000000001','mn20000000019','{"attr":{"insert":true,"update":true,"delete":true,"detail":true}}','Y','SYSTEM',NOW(),'SYSTEM',NOW()),
('au20000000001','mn20000000020','{"attr":{"insert":true,"update":true,"delete":true,"detail":true}}','Y','SYSTEM',NOW(),'SYSTEM',NOW()),
('au20000000001','mn20000000021','{"attr":{"insert":true,"update":true,"delete":true,"detail":true}}','Y','SYSTEM',NOW(),'SYSTEM',NOW()),
('au20000000001','mn20000000022','{"attr":{"insert":true,"update":true,"delete":true,"detail":true}}','Y','SYSTEM',NOW(),'SYSTEM',NOW()),
('au20000000001','mn20000000023','{"attr":{"insert":true,"update":true,"delete":true,"detail":true}}','Y','SYSTEM',NOW(),'SYSTEM',NOW()),
('au20000000001','mn20000000024','{"attr":{"insert":true,"update":true,"delete":true,"detail":true}}','Y','SYSTEM',NOW(),'SYSTEM',NOW()),
('au20000000001','mn20000000025','{"attr":{"insert":true,"update":true,"delete":true,"detail":true}}','Y','SYSTEM',NOW(),'SYSTEM',NOW()),
('au20000000001','mn20000000026','{"attr":{"insert":true,"update":true,"delete":true,"detail":true}}','Y','SYSTEM',NOW(),'SYSTEM',NOW()),
('au20000000001','mn20000000027','{"attr":{"insert":true,"update":true,"delete":true,"detail":true}}','Y','SYSTEM',NOW(),'SYSTEM',NOW()),
('au20000000001','mn20000000028','{"attr":{"insert":true,"update":true,"delete":true,"detail":true}}','Y','SYSTEM',NOW(),'SYSTEM',NOW()),
('au20000000001','mn20000000029','{"attr":{"insert":true,"update":true,"delete":true,"detail":true}}','Y','SYSTEM',NOW(),'SYSTEM',NOW()),
('au20000000001','mn20000000030','{"attr":{"insert":true,"update":true,"delete":true,"detail":true}}','Y','SYSTEM',NOW(),'SYSTEM',NOW()),
('au20000000001','mn20000000031','{"attr":{"insert":true,"update":true,"delete":true,"detail":true}}','Y','SYSTEM',NOW(),'SYSTEM',NOW()),
('au20000000001','mn20000000032','{"attr":{"insert":true,"update":true,"delete":true,"detail":true}}','Y','SYSTEM',NOW(),'SYSTEM',NOW()),
('au20000000001','mn20000000033','{"attr":{"insert":true,"update":true,"delete":true,"detail":true}}','Y','SYSTEM',NOW(),'SYSTEM',NOW()),
('au20000000001','mn20000000034','{"attr":{"insert":true,"update":true,"delete":true,"detail":true}}','Y','SYSTEM',NOW(),'SYSTEM',NOW()),
('au20000000001','mn20000000035','{"attr":{"insert":true,"update":true,"delete":true,"detail":true}}','Y','SYSTEM',NOW(),'SYSTEM',NOW()),
('au20000000001','mn20000000036','{"attr":{"insert":true,"update":true,"delete":true,"detail":true}}','Y','SYSTEM',NOW(),'SYSTEM',NOW()),
('au20000000001','mn20000000037','{"attr":{"insert":true,"update":true,"delete":true,"detail":true}}','Y','SYSTEM',NOW(),'SYSTEM',NOW()),
('au20000000002','mn20000000001','{"attr":{"insert":true,"update":true,"delete":true,"detail":true}}','Y','SYSTEM',NOW(),'SYSTEM',NOW()),
('au20000000002','mn20000000002','{"attr":{"insert":true,"update":true,"delete":true,"detail":true}}','N','SYSTEM',NOW(),'SYSTEM',NOW()),
('au20000000002','mn20000000003','{"attr":{"insert":true,"update":true,"delete":true,"detail":true}}','N','SYSTEM',NOW(),'SYSTEM',NOW()),
('au20000000002','mn20000000004','{"attr":{"insert":true,"update":true,"delete":true,"detail":true}}','N','SYSTEM',NOW(),'SYSTEM',NOW()),
('au20000000002','mn20000000005','{"attr":{"insert":true,"update":true,"delete":true,"detail":true}}','N','SYSTEM',NOW(),'SYSTEM',NOW()),
('au20000000002','mn20000000006','{"attr":{"insert":true,"update":true,"delete":true,"detail":true}}','N','SYSTEM',NOW(),'SYSTEM',NOW()),
('au20000000002','mn20000000007','{"attr":{"insert":true,"update":true,"delete":true,"detail":true}}','N','SYSTEM',NOW(),'SYSTEM',NOW()),
('au20000000002','mn20000000008','{"attr":{"insert":true,"update":true,"delete":true,"detail":true}}','N','SYSTEM',NOW(),'SYSTEM',NOW()),
('au20000000002','mn20000000009','{"attr":{"insert":true,"update":true,"delete":true,"detail":true}}','N','SYSTEM',NOW(),'SYSTEM',NOW()),
('au20000000002','mn20000000010','{"attr":{"insert":true,"update":true,"delete":true,"detail":true}}','N','SYSTEM',NOW(),'SYSTEM',NOW()),
('au20000000002','mn20000000011','{"attr":{"insert":true,"update":true,"delete":true,"detail":true}}','N','SYSTEM',NOW(),'SYSTEM',NOW()),
('au20000000002','mn20000000012','{"attr":{"insert":true,"update":true,"delete":true,"detail":true}}','N','SYSTEM',NOW(),'SYSTEM',NOW()),
('au20000000002','mn20000000013','{"attr":{"insert":true,"update":true,"delete":true,"detail":true}}','N','SYSTEM',NOW(),'SYSTEM',NOW()),
('au20000000002','mn20000000014','{"attr":{"insert":true,"update":true,"delete":true,"detail":true}}','N','SYSTEM',NOW(),'SYSTEM',NOW()),
('au20000000002','mn20000000015','{"attr":{"insert":true,"update":true,"delete":true,"detail":true}}','Y','SYSTEM',NOW(),'SYSTEM',NOW()),
('au20000000002','mn20000000016','{"attr":{"insert":true,"update":true,"delete":true,"detail":true}}','Y','SYSTEM',NOW(),'SYSTEM',NOW()),
('au20000000002','mn20000000017','{"attr":{"insert":true,"update":true,"delete":true,"detail":true}}','Y','SYSTEM',NOW(),'SYSTEM',NOW()),
('au20000000002','mn20000000018','{"attr":{"insert":true,"update":true,"delete":true,"detail":true}}','Y','SYSTEM',NOW(),'SYSTEM',NOW()),
('au20000000002','mn20000000019','{"attr":{"insert":true,"update":true,"delete":true,"detail":true}}','Y','SYSTEM',NOW(),'SYSTEM',NOW()),
('au20000000002','mn20000000020','{"attr":{"insert":true,"update":true,"delete":true,"detail":true}}','Y','SYSTEM',NOW(),'SYSTEM',NOW()),
('au20000000002','mn20000000021','{"attr":{"insert":true,"update":true,"delete":true,"detail":true}}','Y','SYSTEM',NOW(),'SYSTEM',NOW()),
('au20000000002','mn20000000022','{"attr":{"insert":true,"update":true,"delete":true,"detail":true}}','Y','SYSTEM',NOW(),'SYSTEM',NOW()),
('au20000000002','mn20000000023','{"attr":{"insert":true,"update":true,"delete":true,"detail":true}}','Y','SYSTEM',NOW(),'SYSTEM',NOW()),
('au20000000002','mn20000000024','{"attr":{"insert":true,"update":true,"delete":true,"detail":true}}','Y','SYSTEM',NOW(),'SYSTEM',NOW()),
('au20000000002','mn20000000025','{"attr":{"insert":true,"update":true,"delete":true,"detail":true}}','Y','SYSTEM',NOW(),'SYSTEM',NOW()),
('au20000000002','mn20000000026','{"attr":{"insert":true,"update":true,"delete":true,"detail":true}}','Y','SYSTEM',NOW(),'SYSTEM',NOW()),
('au20000000002','mn20000000027','{"attr":{"insert":true,"update":true,"delete":true,"detail":true}}','Y','SYSTEM',NOW(),'SYSTEM',NOW()),
('au20000000002','mn20000000028','{"attr":{"insert":true,"update":true,"delete":true,"detail":true}}','Y','SYSTEM',NOW(),'SYSTEM',NOW()),
('au20000000002','mn20000000029','{"attr":{"insert":true,"update":true,"delete":true,"detail":true}}','Y','SYSTEM',NOW(),'SYSTEM',NOW()),
('au20000000002','mn20000000030','{"attr":{"insert":true,"update":true,"delete":true,"detail":true}}','Y','SYSTEM',NOW(),'SYSTEM',NOW()),
('au20000000002','mn20000000031','{"attr":{"insert":true,"update":true,"delete":true,"detail":true}}','Y','SYSTEM',NOW(),'SYSTEM',NOW()),
('au20000000002','mn20000000032','{"attr":{"insert":true,"update":true,"delete":true,"detail":true}}','Y','SYSTEM',NOW(),'SYSTEM',NOW()),
('au20000000002','mn20000000033','{"attr":{"insert":true,"update":true,"delete":true,"detail":true}}','Y','SYSTEM',NOW(),'SYSTEM',NOW()),
('au20000000002','mn20000000034','{"attr":{"insert":true,"update":true,"delete":true,"detail":true}}','Y','SYSTEM',NOW(),'SYSTEM',NOW()),
('au20000000002','mn20000000035','{"attr":{"insert":true,"update":true,"delete":true,"detail":true}}','Y','SYSTEM',NOW(),'SYSTEM',NOW()),
('au20000000002','mn20000000036','{"attr":{"insert":true,"update":true,"delete":true,"detail":true}}','Y','SYSTEM',NOW(),'SYSTEM',NOW()),
('au20000000002','mn20000000037','{"attr":{"insert":true,"update":true,"delete":true,"detail":true}}','Y','SYSTEM',NOW(),'SYSTEM',NOW());




