-- MariaDB
-- 관리자 권한으로 실행

-- 계정 생성
-- portal 데이터베이스 구조
CREATE DATABASE IF NOT EXISTS portal CHARACTER SET utf8 ;
USE portal;
create user portal;
create user portal@localhost identified by 'Portal@1';
create user portal@'%' identified by 'Portal@1';
grant ALL PRIVILEGES on portal.* to portal@localhost with grant option;
grant ALL PRIVILEGES on portal.* to portal@'%' with grant option;
COMMIT;

GRANT ALL ON *.* TO portal@'%' IDENTIFIED BY 'Portal@1';
flush privileges;


-- 세션 관리
CREATE TABLE SPRING_SESSION (
        PRIMARY_ID CHAR(36) NOT NULL,
        SESSION_ID CHAR(36) NOT NULL,
        CREATION_TIME BIGINT NOT NULL,
        LAST_ACCESS_TIME BIGINT NOT NULL,
        MAX_INACTIVE_INTERVAL INT NOT NULL,
        EXPIRY_TIME BIGINT NOT NULL,
        PRINCIPAL_NAME VARCHAR(100),
        CONSTRAINT SPRING_SESSION_PK PRIMARY KEY (PRIMARY_ID)
);

CREATE UNIQUE INDEX SPRING_SESSION_IX1 ON SPRING_SESSION (SESSION_ID);
CREATE INDEX SPRING_SESSION_IX2 ON SPRING_SESSION (EXPIRY_TIME);
CREATE INDEX SPRING_SESSION_IX3 ON SPRING_SESSION (PRINCIPAL_NAME);

CREATE TABLE SPRING_SESSION_ATTRIBUTES (
   SESSION_PRIMARY_ID CHAR(36) NOT NULL,
   ATTRIBUTE_NAME VARCHAR(200) NOT NULL,
   ATTRIBUTE_BYTES LONGBLOB NOT NULL,
   CONSTRAINT SPRING_SESSION_ATTRIBUTES_PK PRIMARY KEY (SESSION_PRIMARY_ID, ATTRIBUTE_NAME),
   CONSTRAINT SPRING_SESSION_ATTRIBUTES_FK FOREIGN KEY (SESSION_PRIMARY_ID) REFERENCES SPRING_SESSION(PRIMARY_ID) ON DELETE CASCADE
);


-- 공휴일 관리 데이터(calendar_lunar_solar_v1.sql 우선 실행)
TRUNCATE TABLE T_HOLIDAY;
INSERT INTO T_HOLIDAY (
	SOLAR_DATE
	, LUNAR_DATE
	, GANJI
	, LEAP_YEAR
	, HOLI_NM
	, USE_YN
	, HOLI_TYPE
	, MEMO
) SELECT
	SOLAR_DATE
	, LUNAR_DATE
	, GANJI
	, CASE WHEN YUN = 1 THEN 'Y' ELSE 'N' END AS LEAP_YEAR
	, CASE
		WHEN MEMO = '' THEN
			CASE 
				WHEN dayofweek(SOLAR_DATE) = 7 THEN '토요일'
				ELSE '일요일'
			END
		ELSE MEMO END AS HOLI_NM
	, 'Y' AS USE_YN
	, CASE
		WHEN MEMO = '' THEN
			CASE 
				WHEN dayofweek(SOLAR_DATE) > 0 THEN 'W'
			END 
		ELSE 'C' END AS HOLI_TYPE
	, '' AS MEMO
FROM calendar_lunar_solar WHERE (solar_date BETWEEN '1900-01-01' AND '2200-12-31' AND dayofweek(solar_date) IN (1,7)) OR (MEMO != '' AND MEMO IS NOT NULL);
COMMIT;


-- 공통    코드
DROP TABLE IF EXISTS T_CODE CASCADE;
CREATE TABLE IF NOT EXISTS T_CODE (
    GROUP_ID VARCHAR(64) NOT NULL COMMENT '그룹 ID'
  , CODE_ID VARCHAR(64) NOT NULL COMMENT '코드 ID'
  , CODE_NM VARCHAR(100) COMMENT '코드 명'
  , CODE_DSC VARCHAR(1000) COMMENT '코드 설명'
  , ORD_SEQ NUMERIC(5,0) COMMENT '정렬 순서'
  , USE_YN VARCHAR(1) DEFAULT 'N' COMMENT '사용 여부'
  , RGST_ID VARCHAR(32) NOT NULL COMMENT '등록 ID'
  , RGST_DT TIMESTAMP DEFAULT CURRENT_TIMESTAMP NOT NULL COMMENT '등록 일시'
  , MODI_ID VARCHAR(32) NOT NULL COMMENT '수정 ID'
  , MODI_DT TIMESTAMP DEFAULT CURRENT_TIMESTAMP NOT NULL COMMENT '수정 일시'
)ENGINE=InnoDB DEFAULT CHARSET=utf8 COMMENT '코드[공통 코드]';
ALTER TABLE T_CODE ADD CONSTRAINT T_CODE_PK PRIMARY KEY(GROUP_ID, CODE_ID);
-- CREATE INDEX T_CODE_IX1 ON T_CODE();

-- 공통    부서
DROP TABLE IF EXISTS T_DEPT CASCADE;
CREATE TABLE IF NOT EXISTS T_DEPT (
    DEPT_CODE VARCHAR(16) NOT NULL COMMENT '부서 코드'
  , DEPT_NM VARCHAR(100) COMMENT '부서 명'
  , HDEPT_CODE VARCHAR(16) COMMENT '본부 코드'
  , USE_YN VARCHAR(1) DEFAULT 'N' COMMENT '사용 여부'
  , MODI_SE VARCHAR(32) COMMENT '수정 구분[I: 등록 / U: 수정 / D: 삭제 / C: 완료 / R: 삭제완료]'
  , RGST_ID VARCHAR(32) NOT NULL COMMENT '등록 ID'
  , RGST_DT TIMESTAMP DEFAULT CURRENT_TIMESTAMP NOT NULL COMMENT '등록 일시'
  , MODI_ID VARCHAR(32) NOT NULL COMMENT '수정 ID'
  , MODI_DT TIMESTAMP DEFAULT CURRENT_TIMESTAMP NOT NULL COMMENT '수정 일시'
)ENGINE=InnoDB DEFAULT CHARSET=utf8 COMMENT '부서[부서 정보]';
ALTER TABLE T_DEPT ADD CONSTRAINT T_DEPT_PK PRIMARY KEY(DEPT_CODE);
-- CREATE INDEX T_DEPT_IX1 ON T_DEPT();

-- 공통    본부
DROP TABLE IF EXISTS T_HDEPT CASCADE;
CREATE TABLE IF NOT EXISTS T_HDEPT (
    HDEPT_CODE VARCHAR(16) NOT NULL COMMENT '본부 코드'
  , HDEPT_NM VARCHAR(100) COMMENT '본부 명'
  , USE_YN VARCHAR(1) DEFAULT 'N' COMMENT '사용 여부'
  , MODI_SE VARCHAR(32) COMMENT '수정 구분[I: 등록 / U: 수정 / D: 삭제 / C: 완료 / R: 삭제완료]'
  , RGST_ID VARCHAR(32) NOT NULL COMMENT '등록 ID'
  , RGST_DT TIMESTAMP DEFAULT CURRENT_TIMESTAMP NOT NULL COMMENT '등록 일시'
  , MODI_ID VARCHAR(32) NOT NULL COMMENT '수정 ID'
  , MODI_DT TIMESTAMP DEFAULT CURRENT_TIMESTAMP NOT NULL COMMENT '수정 일시'
)ENGINE=InnoDB DEFAULT CHARSET=utf8 COMMENT '본부[본부 정보]';
ALTER TABLE T_HDEPT ADD CONSTRAINT T_HDEPT_PK PRIMARY KEY(HDEPT_CODE);
-- CREATE INDEX T_HDEPT_IX1 ON T_HDEPT();

-- 공통    직위
DROP TABLE IF EXISTS T_PSTN CASCADE;
CREATE TABLE IF NOT EXISTS T_PSTN (
    PSTN_CODE VARCHAR(16) NOT NULL COMMENT '직위 코드'
  , PSTN_NM VARCHAR(100) COMMENT '직위 명'
  , USE_YN VARCHAR(1) DEFAULT 'N' COMMENT '사용 여부'
  , MODI_SE VARCHAR(32) COMMENT '수정 구분[I: 등록 / U: 수정 / D: 삭제 / C: 완료 / R: 삭제완료]'
  , RGST_ID VARCHAR(32) NOT NULL COMMENT '등록 ID'
  , RGST_DT TIMESTAMP DEFAULT CURRENT_TIMESTAMP NOT NULL COMMENT '등록 일시'
  , MODI_ID VARCHAR(32) NOT NULL COMMENT '수정 ID'
  , MODI_DT TIMESTAMP DEFAULT CURRENT_TIMESTAMP NOT NULL COMMENT '수정 일시'
)ENGINE=InnoDB DEFAULT CHARSET=utf8 COMMENT '직위[직위 정보]';
ALTER TABLE T_PSTN ADD CONSTRAINT T_PSTN_PK PRIMARY KEY(PSTN_CODE);
-- CREATE INDEX T_PSTN_IX1 ON T_PSTN();

-- 공통    사용자
DROP TABLE IF EXISTS T_USER CASCADE;
CREATE TABLE IF NOT EXISTS T_USER (
    USER_ID VARCHAR(32) NOT NULL COMMENT '사용자 ID'
  , USER_NM VARCHAR(100) NOT NULL COMMENT '사용자 명'
  , PASSWORD VARCHAR(256) NOT NULL COMMENT '비밀번호'
  , EMAIL VARCHAR(256) NOT NULL COMMENT '이메일'
  , PHONE VARCHAR(16) NOT NULL COMMENT '연락처'
  , PSTN_CODE VARCHAR(16) COMMENT '직위 코드'
  , DEPT_CODE VARCHAR(16) COMMENT '부서 코드'
  , HDEPT_CODE VARCHAR(16) COMMENT '본부 코드'
  , ADOF_DEPT_CODE VARCHAR(16) COMMENT '겸직 부서 코드'
  , COMPANY_CODE VARCHAR(16) COMMENT '회사 코드'
  , DUTY_SE VARCHAR(32) COMMENT '직책 구분'
  , LAST_LOG_DT TIMESTAMP COMMENT '마지막 로그 일시'
  , START_DT TIMESTAMP COMMENT '시작 일시'
  , END_DT TIMESTAMP COMMENT '종료 일시'
  , DT_LIMIT_YN VARCHAR(1) COMMENT '사용기한 적용 여부 사용기한 적용 여부(Y/N)'
  , FILE_URL VARCHAR(256) COMMENT '파일 URL 사진 파일'
  , MGR_SYS_ENV JSON COMMENT '관리자 시스템 환경'
  , USER_SYS_HOME VARCHAR(32) COMMENT '사용자 시스템 홈'
  , USER_SYS_ENV JSON COMMENT '사용자 시스템 환경'
  , BF_DEPT_CODE VARCHAR(16) COMMENT '이전 부서 코드'
  , DEPT_UPDT_DT TIMESTAMP COMMENT '부서 변경 일시'
  , USE_YN VARCHAR(1) DEFAULT 'N' COMMENT '사용 여부'
  , PASS_INIT VARCHAR(1) DEFAULT 'Y' COMMENT '비밀번호 초기화'
  , PASS_ERROR NUMERIC(1,0) DEFAULT '0' NOT NULL COMMENT '비밀번호 오류 횟수'
  , MODI_SE VARCHAR(32) COMMENT '수정 구분 I: 등록 / U: 수정 / D: 삭제 / C: 완료 / R: 삭제완료'
  , RGST_ID VARCHAR(32) NOT NULL COMMENT '등록 ID'
  , RGST_DT TIMESTAMP DEFAULT CURRENT_TIMESTAMP NOT NULL COMMENT '등록 일시'
  , MODI_ID VARCHAR(32) NOT NULL COMMENT '수정 ID'
  , MODI_DT TIMESTAMP DEFAULT CURRENT_TIMESTAMP NOT NULL COMMENT '수정 일시'
) ENGINE=InnoDB DEFAULT CHARSET=utf8 COMMENT '사용자[사용자 정보]';
ALTER TABLE T_USER ADD CONSTRAINT T_USER_PK PRIMARY KEY(USER_ID);
-- CREATE INDEX T_USER_IX1 ON T_USER(USER_ID);


-- 공통    사용자 테스트
DROP TABLE IF EXISTS T_USER_TEST CASCADE;
CREATE TABLE IF NOT EXISTS T_USER_TEST (
    USER_ID VARCHAR(32) NOT NULL COMMENT '사용자 ID'
  , USER_NM VARCHAR(100) COMMENT '사용자 명'
  , RGST_ID VARCHAR(32) COMMENT '등록 ID'
  , RGST_DT TIMESTAMP COMMENT '등록 일시'
)ENGINE=InnoDB DEFAULT CHARSET=utf8 COMMENT '사용자 테스트[HR 연계에 포함되지 않는 테스트 사용자]';
ALTER TABLE T_USER_TEST ADD CONSTRAINT T_USER_TEST_PK PRIMARY KEY(USER_ID);
-- CREATE INDEX T_USER_TEST_IX1 ON T_USER_TEST();


-- 공통    부서 분류
DROP TABLE IF EXISTS T_DEPT_CL CASCADE;
CREATE TABLE IF NOT EXISTS T_DEPT_CL (
    DEPT_CODE VARCHAR(16) NOT NULL COMMENT '부서 코드'
  , UP_DEPT_CODE VARCHAR(16) COMMENT '상위 부서 코드'
  , DEPT_NM VARCHAR(100) COMMENT '부서 명'
  , ORD_SEQ NUMERIC(5,0) COMMENT '정렬 순서'
  , LV NUMERIC(5,0) COMMENT '레벨'
  , DEPT_PATH VARCHAR(1000) COMMENT '부서 경로'
  , GROUP_CODE VARCHAR(32) COMMENT '그룹 코드'
  , UP_GROUP_CODE VARCHAR(32) COMMENT '상위 그룹 코드'
  , USE_YN VARCHAR(1) DEFAULT 'N' COMMENT '사용 여부'
  , MODI_SE VARCHAR(32) COMMENT '수정 구분'
  , RGST_ID VARCHAR(32) NOT NULL COMMENT '등록 ID'
  , RGST_DT TIMESTAMP DEFAULT CURRENT_TIMESTAMP NOT NULL COMMENT '등록 일시'
  , MODI_ID VARCHAR(32) NOT NULL COMMENT '수정 ID'
  , MODI_DT TIMESTAMP DEFAULT CURRENT_TIMESTAMP NOT NULL COMMENT '수정 일시'
)ENGINE=InnoDB DEFAULT CHARSET=utf8 COMMENT '부서 분류[부서 조직도 정보]';
ALTER TABLE T_DEPT_CL ADD CONSTRAINT T_DEPT_CL_PK PRIMARY KEY(DEPT_CODE);
-- CREATE INDEX T_DEPT_CL_IX1 ON T_DEPT_CL();


-- 공통    ID 순번
DROP TABLE IF EXISTS T_ID_SN CASCADE;
CREATE TABLE IF NOT EXISTS T_ID_SN (
    ID_TY VARCHAR(32) NOT NULL COMMENT 'ID 타입'
  , ID_SE VARCHAR(32) NOT NULL COMMENT 'ID 구분'
  , ID_SN NUMERIC(9,0) DEFAULT 0 NOT NULL COMMENT 'ID 순번'
  , MODI_DT TIMESTAMP DEFAULT CURRENT_TIMESTAMP NOT NULL COMMENT '수정 일시'
)ENGINE=InnoDB DEFAULT CHARSET=utf8 COMMENT 'ID 순번[ID 순번 관리]';
ALTER TABLE T_ID_SN ADD CONSTRAINT T_ID_SN_PK PRIMARY KEY(ID_TY, ID_SE);
-- CREATE INDEX T_ID_SN_IX1 ON T_ID_SN();


-- 공통    파일
DROP TABLE IF EXISTS T_FILE CASCADE;
CREATE TABLE IF NOT EXISTS T_FILE (
    FILE_ID VARCHAR(32) NOT NULL COMMENT '파일 ID'
  , STORAGE_SE VARCHAR(32) NOT NULL COMMENT '저장소 구분'
  , BUCKET_NM VARCHAR(256) COMMENT '버킷 명[S3 / NAS]'
  , SAVE_PATH VARCHAR(256) COMMENT '저장 경로'
  , SAVE_FILE_NM VARCHAR(256) COMMENT '저장 파일 명'
  , SAVE_FILE_VER VARCHAR(100) COMMENT '저장 파일 버전'
  , FILE_CL VARCHAR(32) COMMENT '파일 분류'
  , FILE_NM VARCHAR(256) COMMENT '파일 명'
  , FILE_EXTSN VARCHAR(32) COMMENT '파일 확장자'
  , FILE_SIZE NUMERIC(19,0) COMMENT '파일 사이즈'
  , FILE_URL VARCHAR(256) COMMENT '파일 URL'
  , REF_ID VARCHAR(64) COMMENT '참조 ID'
  , REF_VER NUMERIC(9,3) COMMENT '참조 버전'
  , ATMC_DEL_YN VARCHAR(1) COMMENT '자동 삭제 여부'
  , ATMC_DEL_DT TIMESTAMP COMMENT '자동 삭제 일시'
  , DEL_YN VARCHAR(1) DEFAULT 'N' COMMENT '삭제 여부'
  , USE_YN VARCHAR(1) DEFAULT 'N' COMMENT '사용 여부'
  , RGST_ID VARCHAR(32) NOT NULL COMMENT '등록 ID'
  , RGST_DT TIMESTAMP DEFAULT CURRENT_TIMESTAMP NOT NULL COMMENT '등록 일시'
  , MODI_ID VARCHAR(32) NOT NULL COMMENT '수정 ID'
  , MODI_DT TIMESTAMP DEFAULT CURRENT_TIMESTAMP NOT NULL COMMENT '수정 일시'
)ENGINE=InnoDB DEFAULT CHARSET=utf8 COMMENT '파일[파일 정보]';
ALTER TABLE T_FILE ADD CONSTRAINT T_FILE_PK PRIMARY KEY(FILE_ID);
-- CREATE INDEX T_FILE_IX1 ON T_FILE();


-- 공통    게시판 공지사항
DROP TABLE IF EXISTS T_BBS_NOTICE CASCADE;
CREATE TABLE IF NOT EXISTS T_BBS_NOTICE (
    NOTICE_ID VARCHAR(32) NOT NULL COMMENT '공지사항 ID'
  , SJ VARCHAR(100) COMMENT '제목'
  , CN TEXT COMMENT '내용'
  , IMPORTANT_YN VARCHAR(1) DEFAULT 'N' COMMENT '중요 여부'
  , ORD_SEQ NUMERIC(5,0) DEFAULT 0 COMMENT '정렬 순서'
  , FILE_ID VARCHAR(32) COMMENT '파일 ID'
  , VIEW_CNT NUMERIC(9,0) COMMENT '뷰 건수'
  , POPUP_YN VARCHAR(1) COMMENT '팝업 여부'
  , START_DT TIMESTAMP COMMENT '시작 일시[게시 및 팝업 노출 시작 일시]'
  , END_DT TIMESTAMP COMMENT '종료 일시[게시 및 팝업 노출 종료 일시]'
  , USE_YN VARCHAR(1) DEFAULT 'N' COMMENT '사용 여부'
  , RGST_ID VARCHAR(32) NOT NULL COMMENT '등록 ID'
  , RGST_DT TIMESTAMP DEFAULT CURRENT_TIMESTAMP NOT NULL COMMENT '등록 일시'
  , MODI_ID VARCHAR(32) NOT NULL COMMENT '수정 ID'
  , MODI_DT TIMESTAMP DEFAULT CURRENT_TIMESTAMP NOT NULL COMMENT '수정 일시'
)ENGINE=InnoDB DEFAULT CHARSET=utf8  COMMENT '게시판 공지사항[공지사항 관리]';
ALTER TABLE T_BBS_NOTICE ADD CONSTRAINT T_BBS_NOTICE_PK PRIMARY KEY(NOTICE_ID);
-- CREATE INDEX T_BBS_NOTICE_IX1 ON T_BBS_NOTICE();


-- 공통    게시판 FAQ
DROP TABLE IF EXISTS T_BBS_FAQ CASCADE;
CREATE TABLE IF NOT EXISTS T_BBS_FAQ (
    FAQ_ID VARCHAR(32) NOT NULL COMMENT 'FAQ ID'
  , CL_CODE VARCHAR(32) COMMENT '분류 코드[CODE GROUP_ID: FAQ_CL_CODE]'
  , QSTN VARCHAR(1000) COMMENT '질문'
  , ANSW TEXT COMMENT '답변'
  , ORD_SEQ NUMERIC(5,0) DEFAULT 0 COMMENT '정렬 순서'
  , FILE_ID VARCHAR(32) COMMENT '파일 ID'
  , VIEW_CNT NUMERIC(9,0) COMMENT '뷰 건수'
  , USE_YN VARCHAR(1) DEFAULT 'N' COMMENT'사용 여부'
  , RGST_ID VARCHAR(32) NOT NULL COMMENT '등록 ID'
  , RGST_DT TIMESTAMP DEFAULT CURRENT_TIMESTAMP NOT NULL COMMENT '등록 일시'
  , MODI_ID VARCHAR(32) NOT NULL COMMENT '수정 ID'
  , MODI_DT TIMESTAMP DEFAULT CURRENT_TIMESTAMP NOT NULL COMMENT '수정 일시'
)ENGINE=InnoDB DEFAULT CHARSET=utf8 COMMENT '게시판 FAQ[FAQ 관리]';
ALTER TABLE T_BBS_FAQ ADD CONSTRAINT T_BBS_FAQ_PK PRIMARY KEY(FAQ_ID);
-- CREATE INDEX T_BBS_FAQ_IX1 ON T_BBS_FAQ();


-- 공통    게시판 QNA
DROP TABLE IF EXISTS T_BBS_QNA CASCADE;
CREATE TABLE IF NOT EXISTS T_BBS_QNA (
    QNA_ID VARCHAR(32) NOT NULL COMMENT 'QNA ID'
  , CL_CODE VARCHAR(32) COMMENT '분류 코드'
  , SJ VARCHAR(100) COMMENT '제목'
  , CN TEXT COMMENT '내용'
  , FILE_ID VARCHAR(32) COMMENT '파일 ID'
  , ANSW TEXT COMMENT '답변'
  , ANSW_FILE_ID VARCHAR(32) COMMENT '답변 파일 ID'
  , ANSW_RGST_ID VARCHAR(32) COMMENT '답변 등록 ID'
  , ANSW_RGST_DT TIMESTAMP COMMENT '답변 등록 일시'
  , OPEN_YN VARCHAR(1) COMMENT '공개 여부'
  , QNA_STAT VARCHAR(32) COMMENT 'QNA 상태'
  , BF_QNA_ID VARCHAR(32) COMMENT '이전 QNA ID'
  , VIEW_CNT NUMERIC(9,0) COMMENT '뷰 건수'
  , USE_YN VARCHAR(1) DEFAULT 'N' COMMENT '사용 여부'
  , RGST_ID VARCHAR(32) NOT NULL COMMENT '등록 ID'
  , RGST_DT TIMESTAMP DEFAULT CURRENT_TIMESTAMP NOT NULL COMMENT '등록 일시'
  , MODI_ID VARCHAR(32) NOT NULL COMMENT '수정 ID'
  , MODI_DT TIMESTAMP DEFAULT CURRENT_TIMESTAMP NOT NULL COMMENT '수정 일시'
)ENGINE=InnoDB DEFAULT CHARSET=utf8  COMMENT '게시판 QNA[QNA 관리]';
ALTER TABLE T_BBS_QNA ADD CONSTRAINT T_BBS_QNA_PK PRIMARY KEY(QNA_ID);
-- CREATE INDEX T_BBS_QNA_IX1 ON T_BBS_QNA();


-- 관리자    그룹 관리
DROP TABLE IF EXISTS T_GROUP CASCADE;
CREATE TABLE IF NOT EXISTS T_GROUP (
    USER_ID VARCHAR(32) NOT NULL COMMENT '사용자 ID'
  , AUTH_ID VARCHAR(32) NOT NULL COMMENT '권한 ID'
  , USE_YN VARCHAR(1) DEFAULT 'N' COMMENT '사용 여부'
  , RGST_ID VARCHAR(32) NOT NULL COMMENT '등록 ID'
  , RGST_DT TIMESTAMP DEFAULT CURRENT_TIMESTAMP NOT NULL COMMENT '등록 일시'
  , MODI_ID VARCHAR(32) NOT NULL COMMENT '수정 ID'
  , MODI_DT TIMESTAMP DEFAULT CURRENT_TIMESTAMP NOT NULL COMMENT '수정 일시'
)ENGINE=InnoDB DEFAULT CHARSET=utf8  COMMENT '관리자 권한[관리자 권한 관리]';
ALTER TABLE T_GROUP ADD CONSTRAINT T_GROUP_PK PRIMARY KEY(USER_ID);
-- CREATE INDEX T_GROUP_IX1 ON T_GROUP();


-- 관리자    그룹 권한 관리
DROP TABLE IF EXISTS T_GROUP_AUTH CASCADE;
CREATE TABLE IF NOT EXISTS T_GROUP_AUTH (
    AUTH_ID VARCHAR(32) NOT NULL COMMENT '권한 ID'
  , COMPANY_CODE VARCHAR(16) COMMENT '회사 코드'
  , AUTH_CL VARCHAR(32) COMMENT '권한 분류 CODE GROUP_ID: MGR_AUTH_CL'
  , AUTH_NM VARCHAR(100) COMMENT '권한 명'
  , AUTH_DSC VARCHAR(1000) COMMENT '권한 설명'
  , USE_YN VARCHAR(1) DEFAULT 'N' COMMENT '사용 여부'
  , RGST_ID VARCHAR(32) NOT NULL COMMENT '등록 ID'
  , RGST_DT TIMESTAMP DEFAULT CURRENT_TIMESTAMP NOT NULL COMMENT '등록 일시'
  , MODI_ID VARCHAR(32) NOT NULL COMMENT '수정 ID'
  , MODI_DT TIMESTAMP DEFAULT CURRENT_TIMESTAMP NOT NULL COMMENT '수정 일시'
)ENGINE=InnoDB DEFAULT CHARSET=utf8  COMMENT '관리자 시스템 권한[관리자 시스템 권한 관리]';
ALTER TABLE T_GROUP_AUTH ADD CONSTRAINT T_GROUP_AUTH_PK PRIMARY KEY(AUTH_ID);
-- CREATE INDEX T_GROUP_AUTH_IX1 ON T_GROUP_AUTH();


-- 관리자 그룹 메뉴 관리
DROP TABLE IF EXISTS T_GROUP_MENU CASCADE;
CREATE TABLE IF NOT EXISTS T_GROUP_MENU (
    MENU_ID VARCHAR(16) NOT NULL COMMENT '메뉴 ID'
  , UP_MENU_ID VARCHAR(16) COMMENT '상위 메뉴 ID'
  , MENU_NM VARCHAR(100) COMMENT '메뉴 명'
  , MENU_URL VARCHAR(256) COMMENT '메뉴 URL'
  , MENU_DSC VARCHAR(1000) COMMENT '메뉴 설명'
  , ORD_SEQ NUMERIC(5,0) COMMENT '정렬 순서'
  , MENU_SE VARCHAR(32) DEFAULT 'M' COMMENT '메뉴 구분 CODE GROUP_ID: MENU_SE'
  , MENU_ATTR JSON COMMENT '메뉴 속성'
  , USE_YN VARCHAR(1) DEFAULT 'N' COMMENT '사용 여부'
  , ICON_NM VARCHAR(16) COMMENT '아이콘 명'
  , RGST_ID VARCHAR(32) NOT NULL COMMENT '등록 ID'
  , RGST_DT TIMESTAMP DEFAULT CURRENT_TIMESTAMP NOT NULL COMMENT '등록 일시'
  , MODI_ID VARCHAR(32) NOT NULL COMMENT '수정 ID'
  , MODI_DT TIMESTAMP DEFAULT CURRENT_TIMESTAMP NOT NULL COMMENT '수정 일시'
) ENGINE=InnoDB DEFAULT CHARSET=utf8 COMMENT '그룹 메뉴[그룹 메뉴]';
ALTER TABLE T_GROUP_MENU ADD CONSTRAINT T_GROUP_MENU_PK PRIMARY KEY();
-- CREATE INDEX T_GROUP_MENU_IX1 ON T_GROUP_MENU();


-- 관리자    그룹 메뉴 권한 관리
DROP TABLE IF EXISTS t_group_menu_auth CASCADE;
CREATE TABLE IF NOT EXISTS t_group_menu_auth (
    AUTH_ID VARCHAR(32) NOT NULL COMMENT '권한 ID'
  , MENU_ID VARCHAR(16) NOT NULL COMMENT '메뉴 ID'
  , MENU_ATTR JSON COMMENT '메뉴 속성'
  , USE_YN VARCHAR(1) DEFAULT 'N' COMMENT '사용 여부'
  , RGST_ID VARCHAR(32) NOT NULL COMMENT '등록 ID'
  , RGST_DT TIMESTAMP DEFAULT CURRENT_TIMESTAMP NOT NULL COMMENT '등록 일시'
  , MODI_ID VARCHAR(32) NOT NULL COMMENT '수정 ID'
  , MODI_DT TIMESTAMP DEFAULT CURRENT_TIMESTAMP NOT NULL COMMENT '수정 일시'
)ENGINE=InnoDB DEFAULT CHARSET=utf8 COMMENT '관리자 시스템 메뉴 권한[관리자 시스템 메뉴 권한 관리]';
ALTER TABLE t_group_menu_auth ADD CONSTRAINT t_group_menu_auth_PK PRIMARY KEY(AUTH_ID, MENU_ID);
-- CREATE INDEX t_group_menu_auth_IX1 ON t_group_menu_auth();


-- 로그 로그 요청 사용자 시스템
DROP TABLE IF EXISTS T_LOG_RQST_MGR_SYS CASCADE;
CREATE TABLE IF NOT EXISTS T_LOG_RQST_MGR_SYS (
    LOG_DT TIMESTAMP NOT NULL COMMENT '로그 일시'
  , USER_ID VARCHAR(32) NOT NULL COMMENT '사용자 ID'
  , USER_NM VARCHAR(100) COMMENT '사용자 명'
  , PSTN_CODE VARCHAR(16) COMMENT '직위 코드'
  , PSTN_NM VARCHAR(100) COMMENT '직위 명'
  , DEPT_CODE VARCHAR(16) COMMENT '부서 코드'
  , DEPT_NM VARCHAR(100) COMMENT '부서 명'
  , AUTH_ID VARCHAR(32) COMMENT '권한 ID'
  , AUTH_NM VARCHAR(100) COMMENT '권한 명'
  , CLIENT_IP VARCHAR(45) COMMENT '클라이언트 IP'
  , SERVER_IP VARCHAR(45) COMMENT '서버 IP'
  , RQST_METHOD VARCHAR(16) COMMENT '요청 메소드'
  , RQST_URI VARCHAR(256) COMMENT '요청 URI'
  , PROGRAM_NM VARCHAR(256) COMMENT '프로그램 명'
  , CONTROLLER_NM VARCHAR(256) COMMENT '컨트롤러 명'
  , METHOD_NM VARCHAR(256) COMMENT '메소드 명'
  , MSG JSON COMMENT '메시지'
) ENGINE=InnoDB DEFAULT CHARSET=utf8 COMMENT '로그 요청 사용자 시스템[사용자 시스템 요청 로그]';
-- ALTER TABLE T_LOG_RQST_MGR_SYS ADD CONSTRAINT T_LOG_RQST_MGR_SYS_PK PRIMARY KEY(USER_ID,LOG_DT);
CREATE INDEX T_LOG_RQST_MGR_SYS_IX1 ON T_LOG_RQST_MGR_SYS(USER_ID,LOG_DT);


-- 로그 로그인 이력
DROP TABLE IF EXISTS T_LOGIN_USER_HIST CASCADE;
CREATE TABLE IF NOT EXISTS T_LOGIN_USER_HIST (
    LOG_DT TIMESTAMP NOT NULL COMMENT '로그 일시'
  , USER_ID VARCHAR(32) NOT NULL COMMENT '사용자 ID'
  , USER_NM VARCHAR(100) NOT NULL COMMENT '사용자 명'
  , PSTN_CODE VARCHAR(16) COMMENT '직위 코드'
  , PSTN_NM VARCHAR(100) COMMENT '직위 명'
  , DEPT_CODE VARCHAR(16) COMMENT '부서 코드'
  , DEPT_NM VARCHAR(100) COMMENT '부서 명'
  , AUTH_ID VARCHAR(32) COMMENT '권한 ID'
  , AUTH_NM VARCHAR(100) COMMENT '권한 명'
  , CLIENT_IP VARCHAR(45) COMMENT '클라이언트 IP'
  , SERVER_IP VARCHAR(45) COMMENT '서버 IP'
) ENGINE=InnoDB DEFAULT CHARSET=utf8 COMMENT '로그인 이력[사용자 로그인 이력 로그]';
-- ALTER TABLE T_LOGIN_USER_HIST ADD CONSTRAINT T_LOGIN_USER_HIST_PK PRIMARY KEY(USER_ID,LOG_DT);
CREATE INDEX T_LOGIN_USER_HIST_IX1 ON T_LOGIN_USER_HIST(LOG_DT,USER_ID);


-- 공통 레포트 관리
DROP TABLE IF EXISTS T_REPORT CASCADE;
CREATE TABLE IF NOT EXISTS T_REPORT (
    REPORT_ID VARCHAR(16) NOT NULL COMMENT '레포트 ID'
  , REPORT_NM VARCHAR(256) NOT NULL COMMENT '레포트 명'
  , REPORT_URL VARCHAR(4000) NOT NULL COMMENT '레포트 URL'
  , COMPANY_CODE VARCHAR(16) NOT NULL COMMENT '회사 코드'
  , GROUP_ID VARCHAR(64) COMMENT '그룹 ID'
  , REPORT_TYPE VARCHAR(1) NOT NULL COMMENT '레포트 타입'
  , REPORT_SIZE VARCHAR(16) COMMENT '레포트 사이즈'
  , REPORT_DSC VARCHAR(4000) COMMENT '레포트 설명'
  , USE_YN VARCHAR(1) DEFAULT 'Y' COMMENT '사용 여부'
  , RGST_ID VARCHAR(32) NOT NULL COMMENT '등록 ID'
  , RGST_DT TIMESTAMP NOT NULL COMMENT '등록 일시'
  , MODI_ID VARCHAR(32) NOT NULL COMMENT '수정 ID'
  , MODI_DT TIMESTAMP NOT NULL COMMENT '수정 일시'
) ENGINE=InnoDB DEFAULT CHARSET=utf8 COMMENT '레포트 관리[레포트 관리]';
ALTER TABLE T_REPORT ADD CONSTRAINT T_REPORT_PK PRIMARY KEY(REPORT_ID);
-- CREATE INDEX T_REPORT_IX1 ON T_REPORT(REPORT_ID);

-- 공통    레포트 관리
TRUNCATE TABLE T_REPORT;		
INSERT INTO portal.t_report
(REPORT_ID, REPORT_NM, REPORT_URL, COMPANY_CODE, GROUP_ID, REPORT_TYPE, REPORT_SIZE, REPORT_DSC, USE_YN, RGST_ID, RGST_DT, MODI_ID, MODI_DT) VALUES
('test01', '테스트이름11', 'http://110.10.189.106:8889/logpresso/dashboard/pw78eed90ea3c75e61?apikey=38741ca9-d580-f0d7-0737-1b21143a0336', 'RTDATALAB', 'au2000002', 'L', '600X1200', '11111', 'Y', 'jinix55', '2021-12-15 10:45:38.000', 'jinix55', '2021-12-14 11:58:32.000'),
('test02', '구글사이트', 'https://www.google.com/', 'RTDATALAB', '', 'L', '1', '1', 'Y', 'jinix55', '2021-12-14 14:14:29.000', 'jinix55', '2021-12-14 14:14:29.000'),
('test03', '테스트12', 'http://110.10.189.106:8889/logpresso/dashboard/pw78eed90ea3c75e61?apikey=38741ca9-d580-f0d7-0737-1b21143a0336', 'RTDATALAB', NULL, 'T', '1', '12', 'Y', 'jinix55', '2021-12-28 18:55:29.000', 'jinix55', '2021-12-28 18:55:29.000');



-- 공통 비밀번호 초기화 관리
DROP TABLE IF EXISTS T_RESET_PASSWORD CASCADE;
CREATE TABLE IF NOT EXISTS T_RESET_PASSWORD (
    RESET_ID VARCHAR(16) NOT NULL COMMENT '초기화 ID'
  , COMPANY_NM VARCHAR(100) NOT NULL COMMENT '회사 명'
  , USER_NM VARCHAR(100) NOT NULL COMMENT '사용자 명'
  , USER_ID VARCHAR(32) NOT NULL COMMENT '사용자 ID'
  , RESET_CNT NUMERIC(9,0) NOT NULL COMMENT '카운트'
  , APPROVAL_YN VARCHAR(1) DEFAULT 'N' COMMENT '승인 여부'
  , USE_YN VARCHAR(1) DEFAULT 'Y' COMMENT '사용 여부'
  , RGST_ID VARCHAR(32) NOT NULL COMMENT '등록 ID'
  , RGST_DT TIMESTAMP NOT NULL COMMENT '등록 일시'
  , MODI_ID VARCHAR(32) NOT NULL COMMENT '수정 ID'
  , MODI_DT TIMESTAMP NOT NULL COMMENT '수정 일시'
) ENGINE=InnoDB DEFAULT CHARSET=utf8 COMMENT '비밀번호 초기화 관리[비밀번호 초기화 관리]';
ALTER TABLE T_RESET_PASSWORD ADD CONSTRAINT T_RESET_PASSWORD_PK PRIMARY KEY(RESET_ID);
-- CREATE INDEX T_RESET_PASSWORD_IX1 ON T_RESET_PASSWORD(RESET_ID);


-- 관리자 회사
DROP TABLE IF EXISTS T_COMPANY CASCADE;
CREATE TABLE IF NOT EXISTS T_COMPANY ( 
    COMPANY_ID VARCHAR(16) NOT NULL COMMENT '회사 ID'
  , COMPANY_CODE VARCHAR(16) NOT NULL COMMENT '회사 코드'
  , COMPANY_NO VARCHAR(16) NOT NULL COMMENT '사업자번호'
  , COMPANY_NM VARCHAR(100) NOT NULL COMMENT '회사 명'
  , COMPANY_DSC VARCHAR(4000) COMMENT '회사 설명'
  , ADDRESS VARCHAR(4000) NOT NULL COMMENT '주소'
  , TELEPHONE_NO VARCHAR(16) COMMENT '전화번호'
  , REPRESENTATIVE_NM VARCHAR(16) COMMENT '대표자명'
  , NOTE VARCHAR(4000) COMMENT '비고'
  , USE_YN VARCHAR(1) DEFAULT 'Y' COMMENT '사용 여부'
  , RGST_ID VARCHAR(32) NOT NULL COMMENT '등록 ID'
  , RGST_DT TIMESTAMP NOT NULL COMMENT '등록 일시'
  , MODI_ID VARCHAR(32) NOT NULL COMMENT '수정 ID'
  , MODI_DT TIMESTAMP NOT NULL COMMENT '수정 일시'
 ) ENGINE=InnoDB DEFAULT CHARSET=utf8 COMMENT '회사[회사]';
ALTER TABLE T_COMPANY ADD CONSTRAINT T_COMPANY_PK PRIMARY KEY(COMPANY_ID,COMPANY_NO);
-- CREATE INDEX T_COMPANY_IX1 ON T_COMPANY(COMPANY_ID,COMPANY_NO);


-- 공통 알람
DROP TABLE IF EXISTS T_ALARM CASCADE;
CREATE TABLE IF NOT EXISTS T_ALARM (
    ALARM_ID VARCHAR(16) NOT NULL COMMENT '알람 ID'
  , SJ VARCHAR(100) COMMENT '제목'
  , CN TEXT COMMENT '내용'
  , ALARM_SE VARCHAR(1) COMMENT '알람 구분'
  , SENDER_ID VARCHAR(16) NOT NULL COMMENT '보내는 사용자 ID'
  , RECIPIENT_ID VARCHAR(16) NOT NULL COMMENT '받는 사용자 ID'
  , CHECK_YN VARCHAR(1) DEFAULT 'N' NOT NULL COMMENT '확인 여부'
  , RGST_ID VARCHAR(32) NOT NULL COMMENT '등록 ID'
  , RGST_DT TIMESTAMP NOT NULL COMMENT '등록 일시'
  , MODI_ID VARCHAR(32) NOT NULL COMMENT '수정 ID'
  , MODI_DT TIMESTAMP NOT NULL COMMENT '수정 일시'
) ENGINE=InnoDB DEFAULT CHARSET=utf8 COMMENT '알람[알람]';
ALTER TABLE T_ALARM ADD CONSTRAINT T_ALARM_PK PRIMARY KEY(ALARM_ID);
-- CREATE INDEX T_ALARM_IX1 ON T_ALARM(ALARM_ID);


-- 이력    사용자 이력
DROP TABLE IF EXISTS T_USER_HIST CASCADE;
CREATE TABLE IF NOT EXISTS T_USER_HIST (
    HIST_DT TIMESTAMP NOT NULL COMMENT '이력 일시'
  , USER_ID VARCHAR(32) NOT NULL COMMENT '사용자 ID'
  , USER_NM VARCHAR(100) COMMENT '사용자 명'
  , PSTN_CODE VARCHAR(16) COMMENT '직위 코드'
  , PSTN_NM VARCHAR(100) COMMENT '직위 명'
  , DEPT_CODE VARCHAR(16) COMMENT '부서 코드'
  , DEPT_NM VARCHAR(100) COMMENT '부서 명'
  , HDEPT_CODE VARCHAR(16) COMMENT '본부 코드'
  , HDEPT_NM VARCHAR(100) COMMENT '본부 명'
  , ADOF_DEPT_CODE VARCHAR(16) COMMENT '겸직 부서 코드'
  , ADOF_DEPT_NM VARCHAR(100) COMMENT '겸직 부서 명'
  , COMPANY_CODE VARCHAR(16) COMMENT '회사 코드'
  , COMPANY_NM VARCHAR(100) COMMENT '회사 명'
  , DUTY_SE VARCHAR(32) COMMENT '직책 구분'
  , LAST_LOG_DT TIMESTAMP COMMENT '마지막 로그 일시'
  , START_DT TIMESTAMP COMMENT '시작 일시'
  , END_DT TIMESTAMP COMMENT '종료 일시'
  , FILE_URL VARCHAR(256) COMMENT '파일 URL'
  , MGR_AUTH_ID VARCHAR(32) COMMENT '관리자 권한 ID'
  , MGR_AUTH_CL VARCHAR(32) COMMENT '관리자 권한 분류'
  , MGR_AUTH_NM VARCHAR(100) COMMENT '관리자 권한 명'
  , MGR_AUTH_USE_YN VARCHAR(1) COMMENT '관리자 권한 사용 여부'
  , USER_AUTH_ID VARCHAR(32) COMMENT '사용자 권한 ID'
  , USER_AUTH_CL VARCHAR(32) COMMENT '사용자 권한 분류'
  , USER_AUTH_NM VARCHAR(100) COMMENT '사용자 권한 명'
  , USER_AUTH_USE_YN VARCHAR(1) COMMENT '사용자 권한 사용 여부'
  , MGR_SYS_ENV JSON COMMENT '관리자 시스템 환경'
  , USER_SYS_HOME VARCHAR(32) COMMENT '사용자 시스템 홈'
  , USER_SYS_ENV JSON COMMENT '사용자 시스템 환경'
  , BF_DEPT_CODE VARCHAR(16) COMMENT '이전 부서 코드'
  , DEPT_UPDT_DT TIMESTAMP COMMENT '부서 변경 일시'
  , USE_YN VARCHAR(1) COMMENT '사용 여부'
  , MODI_SE VARCHAR(32) COMMENT '수정 구분'
  , RGST_ID VARCHAR(32) COMMENT '등록 ID'
  , RGST_DT TIMESTAMP COMMENT '등록 일시'
  , MODI_ID VARCHAR(32) COMMENT '수정 ID'
  , MODI_DT TIMESTAMP COMMENT '수정 일시'
) ENGINE=InnoDB DEFAULT CHARSET=utf8 COMMENT '사용자 이력[사용자 정보 이력]';
-- ALTER TABLE T_USER_HIST ADD CONSTRAINT T_USER_HIST_PK PRIMARY KEY();
CREATE INDEX T_USER_HIST_IX1 ON T_USER_HIST(USER_ID, HIST_DT);


-- 공통 공휴일 관리
DROP TABLE IF EXISTS T_HOLIDAY CASCADE;
CREATE TABLE IF NOT EXISTS T_HOLIDAY (
    HOLI_NM VARCHAR(32) COMMENT '휴일명'
  , SOLAR_DATE VARCHAR(32) DEFAULT CURRENT_TIMESTAMP NOT NULL COMMENT '양력일'
  , LUNAR_DATE VARCHAR(32) DEFAULT CURRENT_TIMESTAMP COMMENT '음력일'
  , GANJI VARCHAR(256) COMMENT '간지'
  , LEAP_YEAR VARCHAR(1) DEFAULT 'N' COMMENT '윤년'
  , MEMO VARCHAR(4000) DEFAULT 'N' COMMENT '메모'
  , USE_YN VARCHAR(1) DEFAULT 'Y' COMMENT '사용 여부'
  , HOLI_TYPE VARCHAR(1) DEFAULT 'C' COMMENT '휴일 타입(C:국가, W: 주말, T: 임시)'
) ENGINE=InnoDB DEFAULT CHARSET=utf8 COMMENT '공휴일 관리[공휴일 관리]';
ALTER TABLE T_HOLIDAY ADD CONSTRAINT T_HOLIDAY_PK PRIMARY KEY(SOLAR_DATE);
-- CREATE INDEX T_HOLIDAY_IX1 ON T_HOLIDAY(SOLAR_DATE);

-- 로그 로그 참조 정보
DROP TABLE IF EXISTS T_LOG_REF_INFO CASCADE;
CREATE TABLE IF NOT EXISTS T_LOG_REF_INFO (
    LOG_ID NUMERIC(9,0) NOT NULL COMMENT '로그 참조 ID'
  , CONTROLLER_NM VARCHAR(256) NOT NULL COMMENT '컨트롤러 명'
  , METHOD_NM VARCHAR(256) NOT NULL COMMENT '메소드 명'
  , PROGRAM_NM VARCHAR(256) NOT NULL COMMENT '프로그램 명'
  , RGST_ID VARCHAR(32) COMMENT '등록 ID'
  , RGST_DT TIMESTAMP COMMENT '등록 일시'
) ENGINE=InnoDB DEFAULT CHARSET=utf8 COMMENT '로그 참조 정보[접속 로그 참조 정보]';
ALTER TABLE T_LOG_REF_INFO ADD CONSTRAINT T_LOG_REF_INFO_PK PRIMARY KEY(LOG_ID,CONTROLLER_NM,METHOD_NM);
-- CREATE INDEX T_LOG_REF_INFO_IX1 ON T_LOG_REF_INFO(LOG_ID,CONTROLLER_NM,METHOD_NM);


-- 관리자 공급 업체 관리
DROP TABLE IF EXISTS T_SUPPLIER CASCADE;
CREATE TABLE IF NOT EXISTS T_SUPPLIER (
    SUPPLIER_ID VARCHAR(16) NOT NULL COMMENT '업체 ID'
  , UP_COMPANY_CODE VARCHAR(16) NOT NULL COMMENT '소속 회사 코드'
  , SUPPLIER_CODE VARCHAR(16) NOT NULL COMMENT '업체 코드'
  , SUPPLIER_NO VARCHAR(16) NOT NULL COMMENT '업체 사업자번호'
  , SUPPLIER_NM VARCHAR(256) NOT NULL COMMENT '업체 명'
  , SUPPLIER_DSC VARCHAR(4000) COMMENT '업체 설명'
  , ADDRESS VARCHAR(4000) NOT NULL COMMENT '주소'
  , TELEPHONE_NO VARCHAR(16) COMMENT '전화번호'
  , REPRESENTATIVE_NM VARCHAR(16) COMMENT '대표자명'
  , NOTE VARCHAR(4000) COMMENT '비고'
  , USE_YN VARCHAR(1) DEFAULT 'Y' COMMENT '사용 여부'
  , RGST_ID VARCHAR(32) NOT NULL COMMENT '등록 ID'
  , RGST_DT TIMESTAMP NOT NULL COMMENT '등록 일시'
  , MODI_ID VARCHAR(32) NOT NULL COMMENT '수정 ID'
  , MODI_DT TIMESTAMP NOT NULL COMMENT '수정 일시'
) ENGINE=InnoDB DEFAULT CHARSET=utf8 COMMENT '공급 업체 관리[공급 업체 관리]';
ALTER TABLE T_SUPPLIER ADD CONSTRAINT T_SUPPLIER_PK PRIMARY KEY(SUPPLIER_ID);
-- CREATE INDEX T_SUPPLIER_IX1 ON T_SUPPLIER(SUPPLIER_ID);	

-- 관리자    공급 업체 관리
TRUNCATE TABLE T_SUPPLIER;



-- 공통 제품 코드 관리
DROP TABLE IF EXISTS T_PACKAGING_CODE CASCADE;
CREATE TABLE IF NOT EXISTS T_PACKAGING_CODE (
    GROUP_ID VARCHAR(64) NOT NULL COMMENT '그룹 ID'
  , UP_COMPANY_CODE VARCHAR(16) NOT NULL COMMENT '소속 회사 코드'
  , CODE_ID VARCHAR(64) NOT NULL COMMENT '코드 ID'
  , CODE_KEY VARCHAR(16) COMMENT '코드 키'
  , CODE_NM VARCHAR(100) NOT NULL COMMENT '코드 명'
  , CODE_DSC VARCHAR(1000) COMMENT '코드 설명'
  , ORD_SEQ NUMERIC(5,0) NOT NULL COMMENT '정렬 순서'
  , USE_YN VARCHAR(1) NOT NULL COMMENT '사용 여부'
  , RGST_ID VARCHAR(32) NOT NULL COMMENT '등록 ID'
  , RGST_DT TIMESTAMP NOT NULL COMMENT '등록 일시'
  , MODI_ID VARCHAR(32) NOT NULL COMMENT '수정 ID'
  , MODI_DT TIMESTAMP NOT NULL COMMENT '수정 일시'
) ENGINE=InnoDB DEFAULT CHARSET=utf8 COMMENT '제품 코드 관리[제품 코드 관리]';
ALTER TABLE T_PACKAGING_CODE ADD CONSTRAINT T_PACKAGING_CODE_PK PRIMARY KEY(GROUP_ID,UP_COMPANY_CODE,CODE_ID);
-- CREATE INDEX T_PACKAGING_CODE_IX1 ON T_PACKAGING_CODE(GROUP_ID,UP_COMPANY_CODE,CODE_ID);

-- 공통    제품 코드 관리
TRUNCATE TABLE T_PACKAGING_CODE;



-- 관리자 공급 업체 담당자 관리
DROP TABLE IF EXISTS T_SUPPLIER_MANAGER CASCADE;
CREATE TABLE IF NOT EXISTS T_SUPPLIER_MANAGER (
    MANAGER_ID VARCHAR(16) NOT NULL COMMENT '담당자 ID'
  , SUPPLIER_CODE VARCHAR(16) NOT NULL COMMENT '업체 코드'
  , MANAGER_NM VARCHAR(256) NOT NULL COMMENT '담당자 명'
  , MANAGER_PHONE VARCHAR(16) NOT NULL COMMENT '담당자 연락처'
  , MANAGER_MAIL VARCHAR(256) NOT NULL COMMENT '담당자 메일'
  , MANAGER_DEPT VARCHAR(256) COMMENT '담당자 부서'
  , MANAGER_PSTN VARCHAR(256) COMMENT '담당자 직위'
  , USE_YN VARCHAR(1) DEFAULT 'Y' NOT NULL COMMENT '사용 여부'
  , RGST_ID VARCHAR(32) NOT NULL COMMENT '등록 ID'
  , RGST_DT TIMESTAMP NOT NULL COMMENT '등록 일시'
  , MODI_ID VARCHAR(32) NOT NULL COMMENT '수정 ID'
  , MODI_DT TIMESTAMP NOT NULL COMMENT '수정 일시'
) ENGINE=InnoDB DEFAULT CHARSET=utf8 COMMENT '공급 업체 담당자 관리[공급 업체 담당자 관리]';
ALTER TABLE T_SUPPLIER_MANAGER ADD CONSTRAINT T_SUPPLIER_MANAGER_PK PRIMARY KEY(MANAGER_ID);
-- CREATE INDEX T_SUPPLIER_MANAGER_IX1 ON T_SUPPLIER_MANAGER(MANAGER_ID);	

-- 관리자    공급 업체 담당자 관리
TRUNCATE TABLE T_SUPPLIER_MANAGER;



-- 공통 환경부 코드 관리
DROP TABLE IF EXISTS T_ENVIRONMENT_CODE CASCADE;
CREATE TABLE IF NOT EXISTS T_ENVIRONMENT_CODE (
    GROUP_ID VARCHAR(64) NOT NULL COMMENT '그룹 ID'
  , UP_COMPANY_CODE VARCHAR(16) NOT NULL COMMENT '소속 회사 코드'
  , CODE_ID VARCHAR(64) NOT NULL COMMENT '코드 ID'
  , REVISION_YEAR VARCHAR(4) NOT NULL COMMENT '개정 년'
  , REVISION_MONTH VARCHAR(2) NOT NULL COMMENT '개정 월'
  , CODE_KEY VARCHAR(16) COMMENT '코드 키'
  , CODE_NM VARCHAR(100) NOT NULL COMMENT '코드 명'
  , CODE_DSC VARCHAR(1000) COMMENT '코드 설명'
  , RPT_MAT_STRUCT VARCHAR(1) COMMENT '포장재질구조증명서'
  , RPT_DEV_ANAL VARCHAR(1) COMMENT '기기분석증명서'
  , RPT_VISUAL_JUDG VARCHAR(1) COMMENT '육안판정서'
  , RPT_TEST VARCHAR(1) COMMENT '공인시험성적서'
  , RPT_PERMISSION VARCHAR(1) COMMENT '신고허가서류'
  , RPT_ETC VARCHAR(1) COMMENT '기타서류'
  , ORD_SEQ NUMERIC(5,0) NOT NULL COMMENT '정렬 순서'
  , USE_YN VARCHAR(1) NOT NULL COMMENT '사용 여부'
  , RGST_ID VARCHAR(32) NOT NULL COMMENT '등록 ID'
  , RGST_DT TIMESTAMP NOT NULL COMMENT '등록 일시'
  , MODI_ID VARCHAR(32) NOT NULL COMMENT '수정 ID'
  , MODI_DT TIMESTAMP NOT NULL COMMENT '수정 일시'
) ENGINE=InnoDB DEFAULT CHARSET=utf8 COMMENT '환경부 코드 관리[환경부 코드 관리]';
ALTER TABLE T_ENVIRONMENT_CODE ADD CONSTRAINT T_ENVIRONMENT_CODE_PK PRIMARY KEY(GROUP_ID,UP_COMPANY_CODE,CODE_ID);
-- CREATE INDEX T_ENVIRONMENT_CODE_IX1 ON T_ENVIRONMENT_CODE(GROUP_ID,UP_COMPANY_CODE,CODE_ID);	

-- 공통    환경부 코드 관리
TRUNCATE TABLE T_ENVIRONMENT_CODE;




-- 데이터
---------------------------------------------------------------------------------------------------


-- 공통    코드
TRUNCATE TABLE T_CODE;
INSERT INTO T_CODE (GROUP_ID,CODE_ID,CODE_NM,CODE_DSC,ORD_SEQ,USE_YN,RGST_ID,RGST_DT,MODI_ID,MODI_DT) VALUES
('GROUP_ID','ACCOUNT_LOCK_PD','미사용 잠금 기간 설정',NULL,NULL,'Y','SYSTEM',NOW(),'SYSTEM',NOW()),
('ACCOUNT_LOCK_PD','LOCK_PD','180','장기 미사용 사용자 잠금 기간',NULL,'Y','SYSTEM',NOW(),'SYSTEM',NOW()),
('GROUP_ID','ACTIVE_YN','활성화 여부',NULL,NULL,'Y','SYSTEM',NOW(),'SYSTEM',NOW()),
('ACTIVE_YN','N','비활성',NULL,NULL,'Y','SYSTEM',NOW(),'SYSTEM',NOW()),
('ACTIVE_YN','Y','활성',NULL,NULL,'Y','SYSTEM',NOW(),'SYSTEM',NOW()),
('GROUP_ID','CHATBOT_STAT_CD','챗봇 통계 코드','챗봇 통계 코드',NULL,'Y','SYSTEM',NOW(),'SYSTEM',NOW()),
('CHATBOT_STAT_CD','TOTAL_SESSION_COUNT','모든 세션 건수','모든 세션 건수',1,'Y','SYSTEM',NOW(),'SYSTEM',NOW()),
('CHATBOT_STAT_CD','TOTAL_MESSAGE_COUNT','모든 메시지 건수','모든 메시지 건수',2,'Y','SYSTEM',NOW(),'SYSTEM',NOW()),
('CHATBOT_STAT_CD','AVG_MESSAGE_COUNT_PER_SESSION','세션 당 평균 메시지 건수','세션 당 평균 메시지 건수',3,'Y','SYSTEM',NOW(),'SYSTEM',NOW()),
('CHATBOT_STAT_CD','TOTAL_ACTIVE_USER_COUNT','실사용자','실사용자',4,'Y','SYSTEM',NOW(),'SYSTEM',NOW()),
('CHATBOT_STAT_CD','TOTAL_NORMAL_MESSAGING_USER_COUNT','일반 메시지 사용자','일반 메시지 사용자',5,'Y','SYSTEM',NOW(),'SYSTEM',NOW()),
('CHATBOT_STAT_CD','TOTAL_VALID_MESSAGE_COUNT','일반 메시지 건수','일반 메시지 건수',6,'Y','SYSTEM',NOW(),'SYSTEM',NOW()),
('CHATBOT_STAT_CD','TOTAL_FAILED_MESSAGE_COUNT','실패 대화','실패 대화',7,'Y','SYSTEM',NOW(),'SYSTEM',NOW()),
('CHATBOT_STAT_CD','TOTAL_SINGLE_ANSWER_MESSAGE_COUNT','단일 답변 건수','단일 답변 건수',8,'Y','SYSTEM',NOW(),'SYSTEM',NOW()),
('GROUP_ID','COMPANY_CODE','회사 구분',NULL,NULL,'Y','SYSTEM',NOW(),'SYSTEM',NOW()),
('COMPANY_CODE','SB','신한은행',NULL,1,'Y','SYSTEM',NOW(),'SYSTEM',NOW()),
('COMPANY_CODE','GS','신한금융투자',NULL,2,'Y','SYSTEM',NOW(),'SYSTEM',NOW()),
('COMPANY_CODE','DS','신한DS',NULL,3,'Y','SYSTEM',NOW(),'SYSTEM',NOW()),
('COMPANY_CODE','RT','알티데이터랩',NULL,4,'','SYSTEM',NOW(),'SYSTEM',NOW()),
('GROUP_ID','DATE_LIMIT_YN','기간 시용 적용 여부','기간 시용 적용 여부',NULL,'Y','SYSTEM',NOW(),'SYSTEM',NOW()),
('DATE_LIMIT_YN','Y','사용','기간 적용 여부 사용',1,'Y','SYSTEM',NOW(),'SYSTEM',NOW()),
('DATE_LIMIT_YN','N','미사용','기간 적용 여부 미사용',2,'Y','SYSTEM',NOW(),'SYSTEM',NOW()),
('GROUP_ID','FAQ_CAT','FAQ 카테고리',NULL,NULL,'Y','SYSTEM',NOW(),'SYSTEM',NOW()),
('FAQ_CAT','ETC','기타',NULL,NULL,'Y','SYSTEM',NOW(),'SYSTEM',NOW()),
('FAQ_CAT','LOGIN','로그인',NULL,NULL,'Y','SYSTEM',NOW(),'SYSTEM',NOW()),
('FAQ_CAT','MANUAL','사용문의',NULL,NULL,'Y','SYSTEM',NOW(),'SYSTEM',NOW()),
('FAQ_CAT','PROJECT','프로젝트',NULL,NULL,'Y','SYSTEM',NOW(),'SYSTEM',NOW()),
('FAQ_CAT','SYSTEM','시스템',NULL,NULL,'Y','SYSTEM',NOW(),'SYSTEM',NOW()),
('GROUP_ID','FILE','대용량 파일 설정','배치에서 사용',NULL,'Y','SYSTEM',NOW(),'SYSTEM',NOW()),
('FILE','PD','180','대용량 파일 유지 기간 / 단위 일(INTERVAL)',NULL,'Y','SYSTEM',NOW(),'SYSTEM',NOW()),
('FILE','LIMIT','10485760','대용량 파일 사이즈 / 단위 byte',NULL,'Y','SYSTEM',NOW(),'SYSTEM',NOW()),
('GROUP_ID','IMPORTANT_YN','중요 여부',NULL,NULL,'Y','SYSTEM',NOW(),'SYSTEM',NOW()),
('IMPORTANT_YN','N','일반',NULL,NULL,'Y','SYSTEM',NOW(),'SYSTEM',NOW()),
('IMPORTANT_YN','Y','중요',NULL,NULL,'Y','SYSTEM',NOW(),'SYSTEM',NOW()),
('GROUP_ID','LANG','언어',NULL,NULL,'Y','SYSTEM',NOW(),'SYSTEM',NOW()),
('LANG','chn','중국어',NULL,NULL,'Y','SYSTEM',NOW(),'SYSTEM',NOW()),
('LANG','eng','영어',NULL,NULL,'Y','SYSTEM',NOW(),'SYSTEM',NOW()),
('LANG','jpn','일본어',NULL,NULL,'Y','SYSTEM',NOW(),'SYSTEM',NOW()),
('LANG','kor','한국어',NULL,NULL,'Y','SYSTEM',NOW(),'SYSTEM',NOW()),
('GROUP_ID','LOGIN_MESSAGE','로그인 실패 메시지',NULL,NULL,'Y','SYSTEM',NOW(),'SYSTEM',NOW()),
('LOGIN_MESSAGE','ACCOUNT_DISABLE','계정 미사용','사용자 계정으로 로그인 할 수 없습니다.',NULL,'Y','SYSTEM',NOW(),'SYSTEM',NOW()),
('LOGIN_MESSAGE','ACCOUNT_EXPIRE','계정 만료','사용자 계정이 만료되었습니다.',NULL,'Y','SYSTEM',NOW(),'SYSTEM',NOW()),
('LOGIN_MESSAGE','ACCOUNT_LOCK','계정 잠김','사용자 계정이 잠겨있습니다.',NULL,'Y','SYSTEM',NOW(),'SYSTEM',NOW()),
('LOGIN_MESSAGE','AUTH_FAIL','계정 권한 없음','사용자 계정의 권한이 없습니다.',NULL,'Y','SYSTEM',NOW(),'SYSTEM',NOW()),
('LOGIN_MESSAGE','DB_CONNECT_FAIL','UDB 연결 실패','UDB 인증 서버와 연결이 원활하지 않습니다.',NULL,'Y','SYSTEM',NOW(),'SYSTEM',NOW()),
('LOGIN_MESSAGE','DB_LOGIN_FAIL','UDB 인증 실패','UDB 인증을 실패하였습니다.',NULL,'Y','SYSTEM',NOW(),'SYSTEM',NOW()),
('LOGIN_MESSAGE','DB_LOGIN_INIT','비밀번호 초기화','비밀번호가 초기화 되었습니다.\n신규 비밀번호로 변경하셔야 로그인이 가능합니다.',NULL,'Y','SYSTEM',NOW(),'SYSTEM',NOW()),
('LOGIN_MESSAGE','DB_LOGIN_LOCK','비밀번호 오류 5회 초과','비밀번호 오류 5회 초과 하였습니다.\n관리자에게 문의해주세요.',NULL,'Y','SYSTEM',NOW(),'SYSTEM',NOW()),
('LOGIN_MESSAGE','DB_LOGIN_NOT_MATCH','사용자 및 비밀번호 불일치','사용자 및 비밀번호가 일치하지 않습니다.',NULL,'Y','SYSTEM',NOW(),'SYSTEM',NOW()),
('LOGIN_MESSAGE','LOGIN_FAIL','기본 실패 메시지','로그인을 하지 못하였습니다.',NULL,'Y','SYSTEM',NOW(),'SYSTEM',NOW()),
('LOGIN_MESSAGE','SSO_CONNECT_FAIL','SSO 연결 실패','SSO 인증 서버와 연결이 원활하지 않습니다.',NULL,'Y','SYSTEM',NOW(),'SYSTEM',NOW()),
('LOGIN_MESSAGE','SSO_LOGIN_FAIL','SSO 인증 실패','SSO 인증을 실패하였습니다.',NULL,'Y','SYSTEM',NOW(),'SYSTEM',NOW()),
('LOGIN_MESSAGE','USER_NOT_FOUND','사용자 조회 불가','사용자 정보를 조회하지 못하였습니다.',NULL,'Y','SYSTEM',NOW(),'SYSTEM',NOW()),
('GROUP_ID','MENU_SE','메뉴 구분',NULL,NULL,'Y','SYSTEM',NOW(),'SYSTEM',NOW()),
('MENU_SE','F','기능',NULL,NULL,'Y','SYSTEM',NOW(),'SYSTEM',NOW()),
('MENU_SE','M','메뉴 구분',NULL,NULL,'Y','SYSTEM',NOW(),'SYSTEM',NOW()),
('GROUP_ID','OPEN_YN','공개 여부',NULL,NULL,'Y','SYSTEM',NOW(),'SYSTEM',NOW()),
('OPEN_YN','N','비공개',NULL,NULL,'Y','SYSTEM',NOW(),'SYSTEM',NOW()),
('OPEN_YN','Y','공개',NULL,NULL,'Y','SYSTEM',NOW(),'SYSTEM',NOW()),
('GROUP_ID','POPUP_YN','팝업 사용 여부','공지사항 팝업 설정',NULL,'Y','SYSTEM',NOW(),'SYSTEM',NOW()),
('POPUP_YN','N','팝업 미사용',NULL,NULL,'Y','SYSTEM',NOW(),'SYSTEM',NOW()),
('POPUP_YN','Y','팝업 사용',NULL,NULL,'Y','SYSTEM',NOW(),'SYSTEM',NOW()),
('GROUP_ID','QNA_CAT','QNA 카테고리',NULL,NULL,'Y','SYSTEM',NOW(),'SYSTEM',NOW()),
('QNA_CAT','ETC','기타',NULL,NULL,'Y','SYSTEM',NOW(),'SYSTEM',NOW()),
('QNA_CAT','LOGIN','로그인',NULL,NULL,'Y','SYSTEM',NOW(),'SYSTEM',NOW()),
('QNA_CAT','MANUAL','사용문의',NULL,NULL,'Y','SYSTEM',NOW(),'SYSTEM',NOW()),
('QNA_CAT','PROJECT','프로젝트',NULL,NULL,'Y','SYSTEM',NOW(),'SYSTEM',NOW()),
('QNA_CAT','SYSTEM','시스템',NULL,NULL,'Y','SYSTEM',NOW(),'SYSTEM',NOW()),
('GROUP_ID','QNA_STAT_CODE','QNA 답변 상태',NULL,NULL,'Y','SYSTEM',NOW(),'SYSTEM',NOW()),
('QNA_STAT_CODE','ANSWERED','답변 완료',NULL,NULL,'Y','SYSTEM',NOW(),'SYSTEM',NOW()),
('QNA_STAT_CODE','READED','확인중',NULL,NULL,'Y','SYSTEM',NOW(),'SYSTEM',NOW()),
('QNA_STAT_CODE','UNREAD','미확인',NULL,NULL,'Y','SYSTEM',NOW(),'SYSTEM',NOW()),
('GROUP_ID','USER_SEARCH_CODE','사용자 검색 구분',NULL,NULL,'Y','SYSTEM',NOW(),'SYSTEM',NOW()),
('USER_SEARCH_CODE','deptNm','부서명',NULL,NULL,'Y','SYSTEM',NOW(),'SYSTEM',NOW()),
('USER_SEARCH_CODE','userId','사번',NULL,NULL,'Y','SYSTEM',NOW(),'SYSTEM',NOW()),
('USER_SEARCH_CODE','userNm','성명',NULL,NULL,'Y','SYSTEM',NOW(),'SYSTEM',NOW()),
('GROUP_ID','USE_YN','사용 여부',NULL,NULL,'Y','SYSTEM',NOW(),'SYSTEM',NOW()),
('USE_YN','N','미사용',NULL,NULL,'Y','SYSTEM',NOW(),'SYSTEM',NOW()),
('USE_YN','Y','사용',NULL,NULL,'Y','SYSTEM',NOW(),'SYSTEM',NOW());


-- 공통    부서
TRUNCATE TABLE T_DEPT;
INSERT INTO T_DEPT (DEPT_CODE,DEPT_NM,HDEPT_CODE,USE_YN,MODI_SE,RGST_ID,RGST_DT,MODI_ID,MODI_DT) VALUES
('D0','알티데이터랩',NULL,'Y','C','SYSTEM',NOW(),'SYSTEM',NOW()),
('D1','경영지원그룹','S1','Y','C','SYSTEM',NOW(),'SYSTEM',NOW()),
('D10','디자인부','S1','Y','C','SYSTEM',NOW(),'SYSTEM',NOW()),
('D2','경영지원부','S1','Y','C','SYSTEM',NOW(),'SYSTEM',NOW()),
('D3','영업부','S1','Y','C','SYSTEM',NOW(),'SYSTEM',NOW()),
('D4','개발그룹','S2','Y','C','SYSTEM',NOW(),'SYSTEM',NOW()),
('D5','개발부','S2','Y','C','SYSTEM',NOW(),'SYSTEM',NOW()),
('D6','Data Analytics','S2','Y','C','SYSTEM',NOW(),'SYSTEM',NOW()),
('D7','Data Engineering','S2','Y','C','SYSTEM',NOW(),'SYSTEM',NOW()),
('D8','Data Service P/F','S2','Y','C','SYSTEM',NOW(),'SYSTEM',NOW()),
('D9','웹개발부','S2','Y','C','SYSTEM',NOW(),'SYSTEM',NOW());


-- 공통    본부
TRUNCATE TABLE T_HDEPT;
INSERT INTO T_HDEPT (HDEPT_CODE,HDEPT_NM,USE_YN,MODI_SE,RGST_ID,RGST_DT,MODI_ID,MODI_DT) VALUES
('S1','포털사업본부','Y','C','SYSTEM',NOW(),'SYSTEM',NOW()),
('S2','개발본부','Y','C','SYSTEM',NOW(),'SYSTEM',NOW());



-- 공통    직위
TRUNCATE TABLE T_PSTN;
INSERT INTO T_PSTN (PSTN_CODE,PSTN_NM,USE_YN,MODI_SE,RGST_ID,RGST_DT,MODI_ID,MODI_DT) VALUES
('P1','책임','Y','C','SYSTEM',NOW(),'SYSTEM',NOW()),
('P2','수석','Y','C','SYSTEM',NOW(),'SYSTEM',NOW());


-- 공통    사용자
TRUNCATE TABLE T_USER;
INSERT INTO T_USER (USER_ID,USER_NM,PASSWORD,EMAIL,PHONE,PSTN_CODE,DEPT_CODE,HDEPT_CODE,ADOF_DEPT_CODE,COMPANY_CODE,DUTY_SE,LAST_LOG_DT,START_DT,END_DT,DT_LIMIT_YN,FILE_URL,MGR_SYS_ENV,USER_SYS_HOME,USER_SYS_ENV,BF_DEPT_CODE,DEPT_UPDT_DT,USE_YN,PASS_INIT,PASS_ERROR,MODI_SE,RGST_ID,RGST_DT,MODI_ID,MODI_DT) VALUES
('SYSTEM','시스템',SHA2('pplus!1',256),'system@pplus.com','02-000-0000','P2','D1','S1',NULL,'PPLUS','N',DATE_FORMAT('2021-12-16','%Y-%m-%d %T'),DATE_FORMAT('2020-11-01','%Y-%m-%d'),DATE_FORMAT('2021-12-31','%Y-%m-%d'),'N',NULL,NULL,NULL,NULL,NULL,NULL,'Y','Y',0,'R','SYSTEM',NOW(),'SYSTEM',NOW()),
('admin','관리자',SHA2('pplus!1',256),'admin@pplus.com','010-9999-0000','P2','D1','S1',NULL,'PPLUS','Y',DATE_FORMAT('2021-12-16','%Y-%m-%d %T'),DATE_FORMAT('2020-11-01','%Y-%m-%d'),DATE_FORMAT('2021-12-31','%Y-%m-%d'),'N',NULL,NULL,NULL,NULL,NULL,NULL,'Y','Y',0,'R','SYSTEM',NOW(),'SYSTEM',NOW()),
('jinix55','관리자',SHA2('1',256),'jinix55@gmail.com','010-5327-3000','P2','D1','S1',NULL,'PPLUS','Y',DATE_FORMAT('2021-12-16','%Y-%m-%d %T'),DATE_FORMAT('2020-11-01','%Y-%m-%d'),DATE_FORMAT('2021-12-31','%Y-%m-%d'),'N',NULL,NULL,NULL,NULL,NULL,NULL,'Y','Y',0,'R','SYSTEM',NOW(),'SYSTEM',NOW()),
('test11','테스트11',SHA2('pplus!1',256),'test11@pplus.com','010-9999-0001','P2','D1','S1','D2','PPLUS','Y',DATE_FORMAT('2021-12-16','%Y-%m-%d %T'),DATE_FORMAT('2020-11-01','%Y-%m-%d'),DATE_FORMAT('2021-12-31','%Y-%m-%d'),'Y',NULL,NULL,NULL,NULL,NULL,NULL,'Y','Y',0,'R','SYSTEM',NOW(),'SYSTEM',NOW()),
('test12','테스트12',SHA2('pplus!1',256),'test12@pplus.com','010-9999-0002','P1','D1','S1',NULL,'DTCOMPANY','Y',DATE_FORMAT('2021-12-16','%Y-%m-%d %T'),DATE_FORMAT('2020-11-01','%Y-%m-%d'),DATE_FORMAT('2021-12-31','%Y-%m-%d'),'Y',NULL,NULL,NULL,NULL,NULL,NULL,'Y','Y',0,'R','SYSTEM',NOW(),'SYSTEM',NOW()),
('test13','테스트13',SHA2('pplus!1',256),'test13@pplus.com','010-9999-0003','P1','D1','S1',NULL,'PCT','N',DATE_FORMAT('2021-12-16','%Y-%m-%d %T'),DATE_FORMAT('2020-11-01','%Y-%m-%d'),DATE_FORMAT('2021-12-31','%Y-%m-%d'),'Y',NULL,NULL,NULL,NULL,NULL,NULL,'Y','Y',0,'R','SYSTEM',NOW(),'SYSTEM',NOW()),
('test14','테스트14',SHA2('pplus!1',256),'test14@pplus.com','010-9999-0004','P1','D1','S1',NULL,'PCT','N',DATE_FORMAT('2021-12-16','%Y-%m-%d %T'),DATE_FORMAT('2020-11-01','%Y-%m-%d'),DATE_FORMAT('2021-12-31','%Y-%m-%d'),'Y',NULL,NULL,NULL,NULL,NULL,NULL,'Y','Y',0,'R','SYSTEM',NOW(),'SYSTEM',NOW()),
('test15','테스트15',SHA2('pplus!1',256),'test15@pplus.com','010-9999-0005','P1','D1','S1',NULL,'DTCOMPANY','N',DATE_FORMAT('2021-12-16','%Y-%m-%d %T'),DATE_FORMAT('2020-11-01','%Y-%m-%d'),DATE_FORMAT('2021-12-31','%Y-%m-%d'),'Y',NULL,NULL,NULL,NULL,NULL,NULL,'Y','Y',0,'R','SYSTEM',NOW(),'SYSTEM',NOW()),
('test21','테스트21',SHA2('pplus!1',256),'test21@pplus.com','010-9999-0006','P1','D2','S1','D1','PPLUS','Y',DATE_FORMAT('2021-12-16','%Y-%m-%d %T'),DATE_FORMAT('2020-11-01','%Y-%m-%d'),DATE_FORMAT('2021-12-31','%Y-%m-%d'),'Y',NULL,NULL,NULL,NULL,NULL,NULL,'Y','Y',0,'R','SYSTEM',NOW(),'SYSTEM',NOW()),
('test22','테스트22',SHA2('pplus!1',256),'test22@pplus.com','010-9999-0007','P1','D2','S1',NULL,'PPLUS','Y',DATE_FORMAT('2021-12-16','%Y-%m-%d %T'),DATE_FORMAT('2020-11-01','%Y-%m-%d'),DATE_FORMAT('2021-12-31','%Y-%m-%d'),'Y',NULL,NULL,NULL,NULL,NULL,NULL,'Y','Y',0,'R','SYSTEM',NOW(),'SYSTEM',NOW()),
('test23','테스트23',SHA2('pplus!1',256),'test23@pplus.com','010-9999-0008','P1','D2','S1',NULL,'PPLUS','N',DATE_FORMAT('2021-12-16','%Y-%m-%d %T'),DATE_FORMAT('2020-11-01','%Y-%m-%d'),DATE_FORMAT('2021-12-31','%Y-%m-%d'),'Y',NULL,NULL,NULL,NULL,NULL,NULL,'Y','Y',0,'R','SYSTEM',NOW(),'SYSTEM',NOW()),
('test24','테스트24',SHA2('pplus!1',256),'test24@pplus.com','010-9999-0009','P2','D2','S1',NULL,'PPLUS','N',DATE_FORMAT('2021-12-16','%Y-%m-%d %T'),DATE_FORMAT('2020-11-01','%Y-%m-%d'),DATE_FORMAT('2021-12-31','%Y-%m-%d'),'Y',NULL,NULL,NULL,NULL,NULL,NULL,'Y','Y',0,'R','SYSTEM',NOW(),'SYSTEM',NOW()),
('test25','테스트25',SHA2('pplus!1',256),'test25@pplus.com','010-9999-0010','P2','D2','S1',NULL,'PPLUS','N',DATE_FORMAT('2021-12-16','%Y-%m-%d %T'),DATE_FORMAT('2020-11-01','%Y-%m-%d'),DATE_FORMAT('2021-12-31','%Y-%m-%d'),'Y',NULL,NULL,NULL,NULL,NULL,NULL,'Y','Y',0,'R','SYSTEM',NOW(),'SYSTEM',NOW()),
('test26','테스트26',SHA2('pplus!1',256),'test26@pplus.com','010-9999-0011','P2','D2','S1','D1','PPLUS','N',DATE_FORMAT('2021-12-16','%Y-%m-%d %T'),DATE_FORMAT('2020-11-01','%Y-%m-%d'),DATE_FORMAT('2021-12-31','%Y-%m-%d'),'Y',NULL,NULL,NULL,NULL,NULL,NULL,'Y','Y',0,'R','SYSTEM',NOW(),'SYSTEM',NOW()),
('test27','테스트27',SHA2('pplus!1',256),'test27@pplus.com','010-9999-0012','P2','D2','S1',NULL,'PPLUS','N',DATE_FORMAT('2021-12-16','%Y-%m-%d %T'),DATE_FORMAT('2020-11-01','%Y-%m-%d'),DATE_FORMAT('2021-12-31','%Y-%m-%d'),'Y',NULL,NULL,NULL,NULL,NULL,NULL,'Y','Y',0,'R','SYSTEM',NOW(),'SYSTEM',NOW()),
('test28','테스트28',SHA2('pplus!1',256),'test28@pplus.com','010-9999-0013','P2','D2','S1',NULL,'PPLUS','N',DATE_FORMAT('2021-12-16','%Y-%m-%d %T'),DATE_FORMAT('2020-11-01','%Y-%m-%d'),DATE_FORMAT('2021-12-31','%Y-%m-%d'),'Y',NULL,NULL,NULL,NULL,NULL,NULL,'Y','Y',0,'R','SYSTEM',NOW(),'SYSTEM',NOW()),
('test29','테스트29',SHA2('pplus!1',256),'test29@pplus.com','010-9999-0014','P2','D2','S1',NULL,'PPLUS','N',DATE_FORMAT('2021-12-16','%Y-%m-%d %T'),DATE_FORMAT('2020-11-01','%Y-%m-%d'),DATE_FORMAT('2021-12-31','%Y-%m-%d'),'Y',NULL,NULL,NULL,NULL,NULL,NULL,'Y','Y',0,'R','SYSTEM',NOW(),'SYSTEM',NOW()),
('fail11','실패11',SHA2('pplus!1',256),'fail11@pplus.com','010-9999-0015','P1','D1','S1',NULL,'DTCOMPANY','N',DATE_FORMAT('2021-12-16','%Y-%m-%d %T'),DATE_FORMAT('2020-11-01','%Y-%m-%d'),DATE_FORMAT('2021-12-31','%Y-%m-%d'),'Y',NULL,NULL,NULL,NULL,NULL,NULL,'N','Y',0,'R','SYSTEM',NOW(),'SYSTEM',NOW()),
('fail12','실패12',SHA2('pplus!1',256),'fail12@pplus.com','010-9999-0016','P1','D1','S1',NULL,'DTCOMPANY','N',DATE_FORMAT('2021-12-16','%Y-%m-%d %T'),DATE_FORMAT('2020-11-01','%Y-%m-%d'),DATE_FORMAT('2021-12-31','%Y-%m-%d'),'Y',NULL,NULL,NULL,NULL,NULL,NULL,'N','Y',0,'R','SYSTEM',NOW(),'SYSTEM',NOW()),
('fail13','실패13',SHA2('pplus!1',256),'fail13@pplus.com','010-9999-0017','P2','D1','S1',NULL,'DTCOMPANY','N',DATE_FORMAT('2021-12-16','%Y-%m-%d %T'),DATE_FORMAT('2020-11-01','%Y-%m-%d'),DATE_FORMAT('2021-12-31','%Y-%m-%d'),'Y',NULL,NULL,NULL,NULL,NULL,NULL,'N','Y',0,'R','SYSTEM',NOW(),'SYSTEM',NOW());


-- 공통    사용자 테스트
TRUNCATE TABLE T_USER_TEST;
INSERT INTO T_USER_TEST (USER_ID,USER_NM,RGST_ID,RGST_DT) VALUES
('SYSTEM','시스템','SYSTEM',NOW()),
('admin','관리자','SYSTEM',NOW()),
('test11','테스트11','SYSTEM',NOW()),
('test12','테스트12','SYSTEM',NOW()),
('test13','테스트13','SYSTEM',NOW()),
('test14','테스트14','SYSTEM',NOW()),
('test15','테스트15','SYSTEM',NOW()),
('test21','테스트21','SYSTEM',NOW()),
('test22','테스트22','SYSTEM',NOW()),
('test23','테스트23','SYSTEM',NOW()),
('test24','테스트24','SYSTEM',NOW()),
('test25','테스트25','SYSTEM',NOW()),
('test26','테스트26','SYSTEM',NOW()),
('test27','테스트27','SYSTEM',NOW()),
('test28','테스트28','SYSTEM',NOW()),
('test29','테스트29','SYSTEM',NOW()),
('fail11','실패11','SYSTEM',NOW()),
('fail12','실패12','SYSTEM',NOW()),
('fail13','실패13','SYSTEM',NOW());


-- 공통    부서 분류
TRUNCATE TABLE T_DEPT_CL;
INSERT INTO T_DEPT_CL (DEPT_CODE,UP_DEPT_CODE,DEPT_NM,ORD_SEQ,LV,DEPT_PATH,GROUP_CODE,UP_GROUP_CODE,USE_YN,MODI_SE,RGST_ID,RGST_DT,MODI_ID,MODI_DT) VALUES
('D0','Top','알티데이터랩','1','1','top/D0','D0','Top','Y','C','SYSTEM',NOW(),'SYSTEM',NOW()),
('D1','D0','경영지원그룹','2','2','top/D0/D1','D1','D0','Y','C','SYSTEM',NOW(),'SYSTEM',NOW()),
('D2','D1','경영지원부','3','3','top/D0/D1/D2','D2','D1','Y','C','SYSTEM',NOW(),'SYSTEM',NOW()),
('D3','D1','영업부','4','3','top/D0/D1/D3','D3','D1','Y','C','SYSTEM',NOW(),'SYSTEM',NOW()),
('D4','D0','개발 그룹','5','2','top/D0/D4','D4','D0','Y','C','SYSTEM',NOW(),'SYSTEM',NOW()),
('D5','D4','개발부','6','3','top/D0/D4/D5','D5','D4','Y','C','SYSTEM',NOW(),'SYSTEM',NOW()),
('D6','D4','디자인부','7','3','top/D0/D4/D6','D6','D4','Y','C','SYSTEM',NOW(),'SYSTEM',NOW());



-- 공통    게시판 공지사항
TRUNCATE TABLE T_BBS_NOTICE;
INSERT INTO T_BBS_NOTICE (NOTICE_ID,SJ,CN,IMPORTANT_YN,ORD_SEQ,FILE_ID,USE_YN,RGST_ID,RGST_DT,MODI_ID,MODI_DT) VALUES
('nt2000001','공지사항 1','공지사항 내용 1','N','2',NULL,'Y','SYSTEM',NOW(),'SYSTEM',NOW()),
('nt2000002','공지사항 2','공지사항 내용 2','N','1',NULL,'Y','SYSTEM',NOW(),'SYSTEM',NOW()),
('nt2000003','공지사항 3','공지사항 내용 3','Y','3',NULL,'Y','SYSTEM',NOW(),'SYSTEM',NOW());



-- 공통    게시판 FAQ
TRUNCATE TABLE T_BBS_FAQ;
INSERT INTO T_BBS_FAQ (FAQ_ID,CL_CODE,QSTN,ANSW,ORD_SEQ,FILE_ID,USE_YN,RGST_ID,RGST_DT,MODI_ID,MODI_DT) VALUES
('fq2000001','LOGIN','로그인 질문 1','로그인 답변 1','1',NULL,'Y','SYSTEM',NOW(),'SYSTEM',NOW()),
('fq2000002','LOGIN','로그인 질문 2','로그인 답변 2','2',NULL,'Y','SYSTEM',NOW(),'SYSTEM',NOW()),
('fq2000003','SYSTEM','시스템 질문 1','시스템 답변 1','2',NULL,'Y','SYSTEM',NOW(),'SYSTEM',NOW()),
('fq2000004','SYSTEM','시스템 질문 2','시스템 답변 2','1',NULL,'Y','SYSTEM',NOW(),'SYSTEM',NOW());

-- 그룹
TRUNCATE TABLE T_GROUP;
INSERT INTO T_GROUP (USER_ID,AUTH_ID,USE_YN,RGST_ID,RGST_DT,MODI_ID,MODI_DT) VALUES
('admin','au2000001','Y','SYSTEM',NOW(),'SYSTEM',NOW()),
('jinix55','au2000001','Y','SYSTEM',NOW(),'SYSTEM',NOW()),
('test11','au2000001','Y','SYSTEM',NOW(),'SYSTEM',NOW()),
('test12','au2000001','Y','SYSTEM',NOW(),'SYSTEM',NOW()),
('test13','au2000001','Y','SYSTEM',NOW(),'SYSTEM',NOW()),
('test14','au2000002','Y','SYSTEM',NOW(),'SYSTEM',NOW()),
('test15','au2000002','Y','SYSTEM',NOW(),'SYSTEM',NOW());



-- 그룹 권한
TRUNCATE TABLE T_GROUP_AUTH;
INSERT INTO T_GROUP_AUTH (AUTH_ID,COMPANY_CODE,AUTH_CL,AUTH_NM,AUTH_DSC,USE_YN,RGST_ID,RGST_DT,MODI_ID,MODI_DT) VALUES
('au2000001','PPLUS','P','최고관리자','최고관리자','Y','SYSTEM',NOW(),'SYSTEM',NOW()),
('au2000002','DTCOMPANY','A','A사이트 관리자','A사이트 관리자','Y','SYSTEM',NOW(),'SYSTEM',NOW()),
('au2000003','PCT','A','B사이트 관리자','B사이트 관리자','Y','SYSTEM',NOW(),'SYSTEM',NOW()),
('au2000004','DTCOMPANY','U','A사이트 직원','A사이트 직원','Y','SYSTEM',NOW(),'SYSTEM',NOW());


-- 그룹 메뉴
TRUNCATE TABLE T_GROUP_MENU;
INSERT INTO T_GROUP_MENU (MENU_ID,UP_MENU_ID,MENU_NM,MENU_URL,MENU_DSC,ORD_SEQ,MENU_SE,MENU_ATTR,USE_YN,ICON_NM,RGST_ID,RGST_DT,MODI_ID,MODI_DT) VALUES
('mn5000000','mn5000001','비밀번호변경','/member/pwdChange','','0','F','{"attr":{"insert":true,"update":true,"delete":true,"detail":true}}','Y','','SYSTEM',NOW(),'SYSTEM',NOW()),
('mn5000001',NULL,'HOME','/','','1','A','{"attr":{"insert":true,"update":true,"delete":true,"detail":true}}','Y','','SYSTEM',NOW(),'SYSTEM',NOW()),
('mn5000002','mn5000001','계정관리','/member','','2','A','{"attr":{"insert":true,"update":true,"delete":true,"detail":true}}','Y','user','SYSTEM',NOW(),'SYSTEM',NOW()),
('mn5000003','mn5000002','계정관리','/member/member','','3','M','{"attr":{"insert":true,"update":true,"delete":true,"detail":true}}','Y','','SYSTEM',NOW(),'SYSTEM',NOW()),
('mn5000004','mn5000001','시스템관리','/system','','4','A','{"attr":{"insert":true,"update":true,"delete":true,"detail":true}}','Y','system','SYSTEM',NOW(),'SYSTEM',NOW()),
('mn5000005','mn5000004','회사관리','/system/company','','5','M','{"attr":{"insert":true,"update":true,"delete":true,"detail":true}}','Y','','SYSTEM',NOW(),'SYSTEM',NOW()),
('mn5000006','mn5000004','그룹관리','/system/role','','6','M','{"attr":{"insert":true,"update":true,"delete":true,"detail":true}}','Y','','SYSTEM',NOW(),'SYSTEM',NOW()),
('mn5000007','mn5000004','공통코드관리','/system/code','','7','M','{"attr":{"insert":true,"update":true,"delete":true,"detail":true}}','Y','','SYSTEM',NOW(),'SYSTEM',NOW()),
('mn5000008','mn5000004','휴일관리','/system/holiday','','8','M','{"attr":{"insert":true,"update":true,"delete":true,"detail":true}}','Y','','SYSTEM',NOW(),'SYSTEM',NOW()),
('mn5000009','mn5000001','메뉴관리','/memu','','9','A','{"attr":{"insert":true,"update":true,"delete":true,"detail":true}}','Y','menu','SYSTEM',NOW(),'SYSTEM',NOW()),
('mn5000010','mn5000009','메뉴관리','/menu/menu','','10','M','{"attr":{"insert":true,"update":true,"delete":true,"detail":true}}','Y','','SYSTEM',NOW(),'SYSTEM',NOW()),
('mn5000011','mn5000009','레포트관리','/menu/report','','11','M','{"attr":{"insert":true,"update":true,"delete":true,"detail":true}}','Y','','SYSTEM',NOW(),'SYSTEM',NOW()),
('mn5000012','mn5000001','로그관리','/log','','12','A','{"attr":{"insert":true,"update":true,"delete":true,"detail":true}}','Y','loglist','SYSTEM',NOW(),'SYSTEM',NOW()),
('mn5000013','mn5000012','로그인이력관리','/log/loginHst','','13','M','{"attr":{"insert":true,"update":true,"delete":true,"detail":true}}','Y','','SYSTEM',NOW(),'SYSTEM',NOW()),
('mn5000014','mn5000012','작업이력관리','/log/jobHst','','14','M','{"attr":{"insert":true,"update":true,"delete":true,"detail":true}}','Y','','SYSTEM',NOW(),'SYSTEM',NOW()),
('mn5000015','mn5000001','게시판관리','/board','','15','A','{"attr":{"insert":true,"update":true,"delete":true,"detail":true}}','Y','board','SYSTEM',NOW(),'SYSTEM',NOW()),
('mn5000016','mn5000015','공지사항','/board/notice','','16','M','{"attr":{"insert":true,"update":true,"delete":true,"detail":true}}','Y','','SYSTEM',NOW(),'SYSTEM',NOW()),
('mn5000017','mn5000015','FAQ','/board/faq','','17','M','{"attr":{"insert":true,"update":true,"delete":true,"detail":true}}','Y','','SYSTEM',NOW(),'SYSTEM',NOW()),
('mn5000018','mn5000015','QNA','/board/qna','','18','M','{"attr":{"insert":true,"update":true,"delete":true,"detail":true}}','Y','','SYSTEM',NOW(),'SYSTEM',NOW()),
('mn5000019','mn5000001','알람관리','/alarm','','19','A','{"attr":{"insert":true,"update":true,"delete":true,"detail":true}}','Y','alarm','SYSTEM',NOW(),'SYSTEM',NOW()),
('mn5000020','mn5000019','알람관리','/alarm/alarm','','20','M','{"attr":{"insert":true,"update":true,"delete":true,"detail":true}}','Y','alarm','SYSTEM',NOW(),'SYSTEM',NOW());




-- 그룹 메뉴 권한
TRUNCATE TABLE T_GROUP_MENU_AUTH;
INSERT INTO T_GROUP_MENU_AUTH (AUTH_ID,MENU_ID,MENU_ATTR,USE_YN,RGST_ID,RGST_DT,MODI_ID,MODI_DT) VALUES
('au2000001','mn5000001','{"attr":{"insert":true,"update":true,"delete":true,"detail":true}}','Y','SYSTEM',NOW(),'SYSTEM',NOW()),
('au2000001','mn5000002','{"attr":{"insert":true,"update":true,"delete":true,"detail":true}}','Y','SYSTEM',NOW(),'SYSTEM',NOW()),
('au2000001','mn5000003','{"attr":{"insert":true,"update":true,"delete":true,"detail":true}}','Y','SYSTEM',NOW(),'SYSTEM',NOW()),
('au2000001','mn5000004','{"attr":{"insert":true,"update":true,"delete":true,"detail":true}}','Y','SYSTEM',NOW(),'SYSTEM',NOW()),
('au2000001','mn5000005','{"attr":{"insert":true,"update":true,"delete":true,"detail":true}}','Y','SYSTEM',NOW(),'SYSTEM',NOW()),
('au2000001','mn5000006','{"attr":{"insert":true,"update":true,"delete":true,"detail":true}}','Y','SYSTEM',NOW(),'SYSTEM',NOW()),
('au2000001','mn5000007','{"attr":{"insert":true,"update":true,"delete":true,"detail":true}}','Y','SYSTEM',NOW(),'SYSTEM',NOW()),
('au2000001','mn5000008','{"attr":{"insert":true,"update":true,"delete":true,"detail":true}}','Y','SYSTEM',NOW(),'SYSTEM',NOW()),
('au2000001','mn5000009','{"attr":{"insert":true,"update":true,"delete":true,"detail":true}}','Y','SYSTEM',NOW(),'SYSTEM',NOW()),
('au2000001','mn5000010','{"attr":{"insert":true,"update":true,"delete":true,"detail":true}}','Y','SYSTEM',NOW(),'SYSTEM',NOW()),
('au2000001','mn5000011','{"attr":{"insert":true,"update":true,"delete":true,"detail":true}}','Y','SYSTEM',NOW(),'SYSTEM',NOW()),
('au2000001','mn5000012','{"attr":{"insert":true,"update":true,"delete":true,"detail":true}}','Y','SYSTEM',NOW(),'SYSTEM',NOW()),
('au2000001','mn5000013','{"attr":{"insert":true,"update":true,"delete":true,"detail":true}}','Y','SYSTEM',NOW(),'SYSTEM',NOW()),
('au2000001','mn5000014','{"attr":{"insert":true,"update":true,"delete":true,"detail":true}}','Y','SYSTEM',NOW(),'SYSTEM',NOW()),
('au2000001','mn5000015','{"attr":{"insert":true,"update":true,"delete":true,"detail":true}}','Y','SYSTEM',NOW(),'SYSTEM',NOW()),
('au2000001','mn5000016','{"attr":{"insert":true,"update":true,"delete":true,"detail":true}}','Y','SYSTEM',NOW(),'SYSTEM',NOW()),
('au2000001','mn5000017','{"attr":{"insert":true,"update":true,"delete":true,"detail":true}}','Y','SYSTEM',NOW(),'SYSTEM',NOW()),
('au2000001','mn5000018','{"attr":{"insert":true,"update":true,"delete":true,"detail":true}}','Y','SYSTEM',NOW(),'SYSTEM',NOW()),
('au2000001','mn5000019','{"attr":{"insert":true,"update":true,"delete":true,"detail":true}}','Y','SYSTEM',NOW(),'SYSTEM',NOW()),
('au2000001','mn5000020','{"attr":{"insert":true,"update":true,"delete":true,"detail":true}}','Y','SYSTEM',NOW(),'SYSTEM',NOW()),
('au2000002','mn5000001','{"attr":{"insert":true,"update":true,"delete":true,"detail":true}}','Y','SYSTEM',NOW(),'SYSTEM',NOW()),
('au2000002','mn5000002','{"attr":{"insert":true,"update":true,"delete":true,"detail":true}}','N','SYSTEM',NOW(),'SYSTEM',NOW()),
('au2000002','mn5000003','{"attr":{"insert":true,"update":true,"delete":true,"detail":true}}','N','SYSTEM',NOW(),'SYSTEM',NOW()),
('au2000002','mn5000004','{"attr":{"insert":true,"update":true,"delete":true,"detail":true}}','N','SYSTEM',NOW(),'SYSTEM',NOW()),
('au2000002','mn5000005','{"attr":{"insert":true,"update":true,"delete":true,"detail":true}}','N','SYSTEM',NOW(),'SYSTEM',NOW()),
('au2000002','mn5000006','{"attr":{"insert":true,"update":true,"delete":true,"detail":true}}','N','SYSTEM',NOW(),'SYSTEM',NOW()),
('au2000002','mn5000007','{"attr":{"insert":true,"update":true,"delete":true,"detail":true}}','N','SYSTEM',NOW(),'SYSTEM',NOW()),
('au2000002','mn5000008','{"attr":{"insert":true,"update":true,"delete":true,"detail":true}}','N','SYSTEM',NOW(),'SYSTEM',NOW()),
('au2000002','mn5000009','{"attr":{"insert":true,"update":true,"delete":true,"detail":true}}','N','SYSTEM',NOW(),'SYSTEM',NOW()),
('au2000002','mn5000010','{"attr":{"insert":true,"update":true,"delete":true,"detail":true}}','N','SYSTEM',NOW(),'SYSTEM',NOW()),
('au2000002','mn5000011','{"attr":{"insert":true,"update":true,"delete":true,"detail":true}}','N','SYSTEM',NOW(),'SYSTEM',NOW());


-- 로그 로그 참조 정보 초기 데이터
TRUNCATE TABLE T_LOG_REF_INFO;
INSERT INTO T_LOG_REF_INFO (LOG_ID,CONTROLLER_NM,METHOD_NM,PROGRAM_NM,RGST_ID,RGST_DT) VALUES
('1','LoginSuccessLoggingAuthenticationSuccessHandler','onAuthenticationSuccess','로그인 성공','SYSTEM',NOW()),
('2','LogoutHandler','onLogoutSuccess','로그아웃','SYSTEM',NOW()),
('3','CodeController','code','코드 등록','SYSTEM',NOW()),
('4','CodeController','groupSave','코드 그룹 ID 등록','SYSTEM',NOW()),
('5','CodeController','groupDelete','코드 그룹 ID 삭제','SYSTEM',NOW()),
('6','CodeController','codesForGroupCd','코드 상세','SYSTEM',NOW()),
('7','CodeController','save','코드 등록','SYSTEM',NOW()),
('8','CodeController','delete','코드 삭제','SYSTEM',NOW()),
('9','IndexController','index','HOME','SYSTEM',NOW()),
('10','LoginController','login','로그인','SYSTEM',NOW()),
('11','LogController','list','로그 목록','SYSTEM',NOW()),
('12','MemberController','list','사용자 목록','SYSTEM',NOW()),
('13','MemberController','select','사용자 상세','SYSTEM',NOW()),
('14','MemberController','insert','사용자 등록','SYSTEM',NOW()),
('15','MemberController','update','사용자 수정','SYSTEM',NOW()),
('16','MemberController','popupList','사용자 검색','SYSTEM',NOW()),
('17','MenuController','menu','메뉴 목록','SYSTEM',NOW()),
('18','MenuController','save','메뉴 등록','SYSTEM',NOW()),
('19','MenuController','delete','메뉴 삭제','SYSTEM',NOW()),
('20','MenuController','menuPopup','메뉴 검색','SYSTEM',NOW()),
('21','MenuAuthController','menu','메뉴 권한 목록','SYSTEM',NOW()),
('22','MenuAuthController','AuthSearch','메뉴 권한 목록','SYSTEM',NOW()),
('23','RoleController','list','권한 목록','SYSTEM',NOW()),
('24','RoleController','insert','권한 등록','SYSTEM',NOW()),
('25','RoleController','delete','권한 삭제','SYSTEM',NOW()),
('26','RoleController','select','권한 상세','SYSTEM',NOW()),
('27','LogController','getLoginLog','로그인 이력 조회','SYSTEM',NOW()),
('28','LogController','getJobHstLog','작업 이력 조회','SYSTEM',NOW()),
('29','ProjectController','getProject','프로젝트 조회','SYSTEM',NOW()),
('30','ProjectController','getScenario','시나리오 조회','SYSTEM',NOW()),
('31','HolidayController','list','공휴일 관리 조회','SYSTEM',NOW()),
('32','ServiceController','getService','서비스 조회','SYSTEM',NOW()),
('33','ProjectController','getDomain','도메인 조회','SYSTEM',NOW()),
('34','AnalysisController','channel','채널별 모니터링 조회','SYSTEM',NOW()),
('35','AnalysisController','channelDetail','채널별 모니터링 상세보기','SYSTEM',NOW()),
('36','ProjectController','getVoiceBot','음성봇 관리 조회','SYSTEM',NOW()),
('37','ProjectController','getImage','이미지 관리 조회','SYSTEM',NOW()),
('38','ProjectController','getCampaign','캠페인 관리 조회','SYSTEM',NOW()),
('39','ServiceController','getConversationTkr','대화 트래킹 조회','SYSTEM',NOW()),
('40','ServiceController','getVoiceBotLearning','음성봇 학습관리 조회','SYSTEM',NOW()),
('41','ServiceController','getEvaluation','평가셋 관리 조회','SYSTEM',NOW()),
('42','ServiceController','getVoceBotIngressCtr','음성봇 인입제어 조회','SYSTEM',NOW()),
('43','AnalysisController','getMonitoring','모니터링 조회','SYSTEM',NOW()),
('44','AnalysisController','summary','분석 요약 조회','SYSTEM',NOW()),
('45','StatisticsController','getStatistics','대시보드 조회','SYSTEM',NOW()),
('46','StatisticsController','getUsage','이용통계 조회','SYSTEM',NOW()),
('47','StatisticsController','getResponse','응답통계 조회','SYSTEM',NOW()),
('48','StatisticsController','getKnowledge','지식통계 조회','SYSTEM',NOW());


-- 회사 초기 데이터
TRUNCATE TABLE T_COMPANY;
INSERT INTO T_COMPANY (COMPANY_ID,COMPANY_CODE,COMPANY_NO,TELEPHONE_NO,COMPANY_NM,ADDRESS,COMPANY_DSC,NOTE,USE_YN,RGST_ID,RGST_DT,MODI_ID,MODI_DT) VALUES
('CP00001','PPLUS','123-45-67890','02-123-45678','피플러스','서울','피플러스',NULL,'Y','SYSTEM',NOW(),'SYSTEM',NOW()),
('CP00002','DTCOMPANY','999-18-34634','010-3454-1235','디티컴퍼니㈜','부산','샘플 회사',NULL,'Y','SYSTEM',NOW(),'SYSTEM',NOW()),
('CP00003','PCT','554-13-45675','','주식회사 피씨티','부산','샘플 회사',NULL,'Y','SYSTEM',NOW(),'SYSTEM',NOW());
