-- MariaDB
-- 관리자 권한으로 실행

-- 계정 생성
-- portal 데이터베이스 구조
CREATE DATABASE IF NOT EXISTS portal CHARACTER SET utf8 ;
USE portal;
create user portal;
create user portal@localhost identified by 'Portal@1';
create user portal@'%' identified by 'Portal@1';
grant ALL PRIVILEGES on portal.* to portal@localhost with grant option;
grant ALL PRIVILEGES on portal.* to portal@'%' with grant option;
COMMIT;

GRANT ALL ON *.* TO portal@'%' IDENTIFIED BY 'Portal@1';
flush privileges;


-- 세션 관리
CREATE TABLE SPRING_SESSION (
        PRIMARY_ID CHAR(36) NOT NULL,
        SESSION_ID CHAR(36) NOT NULL,
        CREATION_TIME BIGINT NOT NULL,
        LAST_ACCESS_TIME BIGINT NOT NULL,
        MAX_INACTIVE_INTERVAL INT NOT NULL,
        EXPIRY_TIME BIGINT NOT NULL,
        PRINCIPAL_NAME VARCHAR(100),
        CONSTRAINT SPRING_SESSION_PK PRIMARY KEY (PRIMARY_ID)
);

CREATE UNIQUE INDEX SPRING_SESSION_IX1 ON SPRING_SESSION (SESSION_ID);
CREATE INDEX SPRING_SESSION_IX2 ON SPRING_SESSION (EXPIRY_TIME);
CREATE INDEX SPRING_SESSION_IX3 ON SPRING_SESSION (PRINCIPAL_NAME);

CREATE TABLE SPRING_SESSION_ATTRIBUTES (
   SESSION_PRIMARY_ID CHAR(36) NOT NULL,
   ATTRIBUTE_NAME VARCHAR(200) NOT NULL,
   ATTRIBUTE_BYTES LONGBLOB NOT NULL,
   CONSTRAINT SPRING_SESSION_ATTRIBUTES_PK PRIMARY KEY (SESSION_PRIMARY_ID, ATTRIBUTE_NAME),
   CONSTRAINT SPRING_SESSION_ATTRIBUTES_FK FOREIGN KEY (SESSION_PRIMARY_ID) REFERENCES SPRING_SESSION(PRIMARY_ID) ON DELETE CASCADE
);



-- 공통    코드
DROP TABLE IF EXISTS T_CODE CASCADE;
CREATE TABLE IF NOT EXISTS T_CODE (
    GROUP_ID VARCHAR(64) NOT NULL COMMENT '그룹 ID'
  , CODE_ID VARCHAR(64) NOT NULL COMMENT '코드 ID'
  , CODE_NM VARCHAR(100) COMMENT '코드 명'
  , CODE_DSC VARCHAR(1000) COMMENT '코드 설명'
  , ORD_SEQ NUMERIC(5,0) COMMENT '정렬 순서'
  , USE_YN VARCHAR(1) DEFAULT 'N' COMMENT '사용 여부'
  , RGST_ID VARCHAR(32) NOT NULL COMMENT '등록 ID'
  , RGST_DT TIMESTAMP DEFAULT CURRENT_TIMESTAMP NOT NULL COMMENT '등록 일시'
  , MODI_ID VARCHAR(32) NOT NULL COMMENT '수정 ID'
  , MODI_DT TIMESTAMP DEFAULT CURRENT_TIMESTAMP NOT NULL COMMENT '수정 일시'
)ENGINE=InnoDB DEFAULT CHARSET=utf8 COMMENT '코드[공통 코드]';
ALTER TABLE T_CODE ADD CONSTRAINT T_CODE_PK PRIMARY KEY(GROUP_ID, CODE_ID);
-- CREATE INDEX T_CODE_IX1 ON T_CODE();

-- 공통    부서
DROP TABLE IF EXISTS T_DEPT CASCADE;
CREATE TABLE IF NOT EXISTS T_DEPT (
    DEPT_CODE VARCHAR(16) NOT NULL COMMENT '부서 코드'
  , DEPT_NM VARCHAR(100) COMMENT '부서 명'
  , HDEPT_CODE VARCHAR(16) COMMENT '본부 코드'
  , USE_YN VARCHAR(1) DEFAULT 'N' COMMENT '사용 여부'
  , MODI_SE VARCHAR(32) COMMENT '수정 구분[I: 등록 / U: 수정 / D: 삭제 / C: 완료 / R: 삭제완료]'
  , RGST_ID VARCHAR(32) NOT NULL COMMENT '등록 ID'
  , RGST_DT TIMESTAMP DEFAULT CURRENT_TIMESTAMP NOT NULL COMMENT '등록 일시'
  , MODI_ID VARCHAR(32) NOT NULL COMMENT '수정 ID'
  , MODI_DT TIMESTAMP DEFAULT CURRENT_TIMESTAMP NOT NULL COMMENT '수정 일시'
)ENGINE=InnoDB DEFAULT CHARSET=utf8 COMMENT '부서[부서 정보]';
ALTER TABLE T_DEPT ADD CONSTRAINT T_DEPT_PK PRIMARY KEY(DEPT_CODE);
-- CREATE INDEX T_DEPT_IX1 ON T_DEPT();

-- 공통    본부
DROP TABLE IF EXISTS T_HDEPT CASCADE;
CREATE TABLE IF NOT EXISTS T_HDEPT (
    HDEPT_CODE VARCHAR(16) NOT NULL COMMENT '본부 코드'
  , HDEPT_NM VARCHAR(100) COMMENT '본부 명'
  , USE_YN VARCHAR(1) DEFAULT 'N' COMMENT '사용 여부'
  , MODI_SE VARCHAR(32) COMMENT '수정 구분[I: 등록 / U: 수정 / D: 삭제 / C: 완료 / R: 삭제완료]'
  , RGST_ID VARCHAR(32) NOT NULL COMMENT '등록 ID'
  , RGST_DT TIMESTAMP DEFAULT CURRENT_TIMESTAMP NOT NULL COMMENT '등록 일시'
  , MODI_ID VARCHAR(32) NOT NULL COMMENT '수정 ID'
  , MODI_DT TIMESTAMP DEFAULT CURRENT_TIMESTAMP NOT NULL COMMENT '수정 일시'
)ENGINE=InnoDB DEFAULT CHARSET=utf8 COMMENT '본부[본부 정보]';
ALTER TABLE T_HDEPT ADD CONSTRAINT T_HDEPT_PK PRIMARY KEY(HDEPT_CODE);
-- CREATE INDEX T_HDEPT_IX1 ON T_HDEPT();

-- 공통    직위
DROP TABLE IF EXISTS T_PSTN CASCADE;
CREATE TABLE IF NOT EXISTS T_PSTN (
    PSTN_CODE VARCHAR(16) NOT NULL COMMENT '직위 코드'
  , PSTN_NM VARCHAR(100) COMMENT '직위 명'
  , USE_YN VARCHAR(1) DEFAULT 'N' COMMENT '사용 여부'
  , MODI_SE VARCHAR(32) COMMENT '수정 구분[I: 등록 / U: 수정 / D: 삭제 / C: 완료 / R: 삭제완료]'
  , RGST_ID VARCHAR(32) NOT NULL COMMENT '등록 ID'
  , RGST_DT TIMESTAMP DEFAULT CURRENT_TIMESTAMP NOT NULL COMMENT '등록 일시'
  , MODI_ID VARCHAR(32) NOT NULL COMMENT '수정 ID'
  , MODI_DT TIMESTAMP DEFAULT CURRENT_TIMESTAMP NOT NULL COMMENT '수정 일시'
)ENGINE=InnoDB DEFAULT CHARSET=utf8 COMMENT '직위[직위 정보]';
ALTER TABLE T_PSTN ADD CONSTRAINT T_PSTN_PK PRIMARY KEY(PSTN_CODE);
-- CREATE INDEX T_PSTN_IX1 ON T_PSTN();

-- 공통    사용자
DROP TABLE IF EXISTS T_USER CASCADE;
CREATE TABLE IF NOT EXISTS T_USER (
    USER_ID VARCHAR(32) NOT NULL COMMENT '사용자 ID'
  , USER_NM VARCHAR(100) NOT NULL COMMENT '사용자 명'
  , PASSWORD VARCHAR(256) NOT NULL COMMENT '비밀번호'
  , EMAIL VARCHAR(256) NOT NULL COMMENT '이메일'
  , PHONE VARCHAR(16) NOT NULL COMMENT '연락처'
  , PSTN_CODE VARCHAR(16) COMMENT '직위 코드'
  , DEPT_CODE VARCHAR(16) COMMENT '부서 코드'
  , HDEPT_CODE VARCHAR(16) COMMENT '본부 코드'
  , ADOF_DEPT_CODE VARCHAR(16) COMMENT '겸직 부서 코드'
  , COMPANY_CODE VARCHAR(16) COMMENT '회사 코드'
  , DUTY_SE VARCHAR(32) COMMENT '직책 구분'
  , LAST_LOG_DT TIMESTAMP COMMENT '마지막 로그 일시'
  , START_DT TIMESTAMP COMMENT '시작 일시'
  , END_DT TIMESTAMP COMMENT '종료 일시'
  , DT_LIMIT_YN VARCHAR(1) COMMENT '사용기한 적용 여부 사용기한 적용 여부(Y/N)'
  , FILE_URL VARCHAR(256) COMMENT '파일 URL 사진 파일'
  , MGR_SYS_ENV JSON COMMENT '관리자 시스템 환경'
  , USER_SYS_HOME VARCHAR(32) COMMENT '사용자 시스템 홈'
  , USER_SYS_ENV JSON COMMENT '사용자 시스템 환경'
  , BF_DEPT_CODE VARCHAR(16) COMMENT '이전 부서 코드'
  , DEPT_UPDT_DT TIMESTAMP COMMENT '부서 변경 일시'
  , USE_YN VARCHAR(1) DEFAULT 'N' COMMENT '사용 여부'
  , PASS_INIT VARCHAR(1) DEFAULT 'Y' COMMENT '비밀번호 초기화'
  , PASS_ERROR NUMERIC(1,0) DEFAULT '0' NOT NULL COMMENT '비밀번호 오류 횟수'
  , MODI_SE VARCHAR(32) COMMENT '수정 구분 I: 등록 / U: 수정 / D: 삭제 / C: 완료 / R: 삭제완료'
  , RGST_ID VARCHAR(32) NOT NULL COMMENT '등록 ID'
  , RGST_DT TIMESTAMP DEFAULT CURRENT_TIMESTAMP NOT NULL COMMENT '등록 일시'
  , MODI_ID VARCHAR(32) NOT NULL COMMENT '수정 ID'
  , MODI_DT TIMESTAMP DEFAULT CURRENT_TIMESTAMP NOT NULL COMMENT '수정 일시'
) ENGINE=InnoDB DEFAULT CHARSET=utf8 COMMENT '사용자[사용자 정보]';
ALTER TABLE T_USER ADD CONSTRAINT T_USER_PK PRIMARY KEY(USER_ID);
-- CREATE INDEX T_USER_IX1 ON T_USER(USER_ID);


-- 공통    사용자 테스트
DROP TABLE IF EXISTS T_USER_TEST CASCADE;
CREATE TABLE IF NOT EXISTS T_USER_TEST (
    USER_ID VARCHAR(32) NOT NULL COMMENT '사용자 ID'
  , USER_NM VARCHAR(100) COMMENT '사용자 명'
  , RGST_ID VARCHAR(32) COMMENT '등록 ID'
  , RGST_DT TIMESTAMP COMMENT '등록 일시'
)ENGINE=InnoDB DEFAULT CHARSET=utf8 COMMENT '사용자 테스트[HR 연계에 포함되지 않는 테스트 사용자]';
ALTER TABLE T_USER_TEST ADD CONSTRAINT T_USER_TEST_PK PRIMARY KEY(USER_ID);
-- CREATE INDEX T_USER_TEST_IX1 ON T_USER_TEST();


-- 공통    부서 분류
DROP TABLE IF EXISTS T_DEPT_CL CASCADE;
CREATE TABLE IF NOT EXISTS T_DEPT_CL (
    DEPT_CODE VARCHAR(16) NOT NULL COMMENT '부서 코드'
  , UP_DEPT_CODE VARCHAR(16) COMMENT '상위 부서 코드'
  , DEPT_NM VARCHAR(100) COMMENT '부서 명'
  , ORD_SEQ NUMERIC(5,0) COMMENT '정렬 순서'
  , LV NUMERIC(5,0) COMMENT '레벨'
  , DEPT_PATH VARCHAR(1000) COMMENT '부서 경로'
  , GROUP_CODE VARCHAR(32) COMMENT '그룹 코드'
  , UP_GROUP_CODE VARCHAR(32) COMMENT '상위 그룹 코드'
  , USE_YN VARCHAR(1) DEFAULT 'N' COMMENT '사용 여부'
  , MODI_SE VARCHAR(32) COMMENT '수정 구분'
  , RGST_ID VARCHAR(32) NOT NULL COMMENT '등록 ID'
  , RGST_DT TIMESTAMP DEFAULT CURRENT_TIMESTAMP NOT NULL COMMENT '등록 일시'
  , MODI_ID VARCHAR(32) NOT NULL COMMENT '수정 ID'
  , MODI_DT TIMESTAMP DEFAULT CURRENT_TIMESTAMP NOT NULL COMMENT '수정 일시'
)ENGINE=InnoDB DEFAULT CHARSET=utf8 COMMENT '부서 분류[부서 조직도 정보]';
ALTER TABLE T_DEPT_CL ADD CONSTRAINT T_DEPT_CL_PK PRIMARY KEY(DEPT_CODE);
-- CREATE INDEX T_DEPT_CL_IX1 ON T_DEPT_CL();


-- 공통    ID 순번
DROP TABLE IF EXISTS T_ID_SN CASCADE;
CREATE TABLE IF NOT EXISTS T_ID_SN (
    ID_TY VARCHAR(32) NOT NULL COMMENT 'ID 타입'
  , ID_SE VARCHAR(32) NOT NULL COMMENT 'ID 구분'
  , ID_SN NUMERIC(9,0) DEFAULT 0 NOT NULL COMMENT 'ID 순번'
  , MODI_DT TIMESTAMP DEFAULT CURRENT_TIMESTAMP NOT NULL COMMENT '수정 일시'
)ENGINE=InnoDB DEFAULT CHARSET=utf8 COMMENT 'ID 순번[ID 순번 관리]';
ALTER TABLE T_ID_SN ADD CONSTRAINT T_ID_SN_PK PRIMARY KEY(ID_TY, ID_SE);
-- CREATE INDEX T_ID_SN_IX1 ON T_ID_SN();


-- 공통    파일
DROP TABLE IF EXISTS T_FILE CASCADE;
CREATE TABLE IF NOT EXISTS T_FILE (
    FILE_ID VARCHAR(32) NOT NULL COMMENT '파일 ID'
  , STORAGE_SE VARCHAR(32) NOT NULL COMMENT '저장소 구분'
  , BUCKET_NM VARCHAR(256) COMMENT '버킷 명[S3 / NAS]'
  , SAVE_PATH VARCHAR(256) COMMENT '저장 경로'
  , SAVE_FILE_NM VARCHAR(256) COMMENT '저장 파일 명'
  , SAVE_FILE_VER VARCHAR(100) COMMENT '저장 파일 버전'
  , FILE_CL VARCHAR(32) COMMENT '파일 분류'
  , FILE_NM VARCHAR(256) COMMENT '파일 명'
  , FILE_EXTSN VARCHAR(32) COMMENT '파일 확장자'
  , FILE_SIZE NUMERIC(19,0) COMMENT '파일 사이즈'
  , FILE_URL VARCHAR(256) COMMENT '파일 URL'
  , REF_ID VARCHAR(64) COMMENT '참조 ID'
  , REF_VER NUMERIC(9,3) COMMENT '참조 버전'
  , ATMC_DEL_YN VARCHAR(1) COMMENT '자동 삭제 여부'
  , ATMC_DEL_DT TIMESTAMP COMMENT '자동 삭제 일시'
  , DEL_YN VARCHAR(1) DEFAULT 'N' COMMENT '삭제 여부'
  , USE_YN VARCHAR(1) DEFAULT 'N' COMMENT '사용 여부'
  , RGST_ID VARCHAR(32) NOT NULL COMMENT '등록 ID'
  , RGST_DT TIMESTAMP DEFAULT CURRENT_TIMESTAMP NOT NULL COMMENT '등록 일시'
  , MODI_ID VARCHAR(32) NOT NULL COMMENT '수정 ID'
  , MODI_DT TIMESTAMP DEFAULT CURRENT_TIMESTAMP NOT NULL COMMENT '수정 일시'
)ENGINE=InnoDB DEFAULT CHARSET=utf8 COMMENT '파일[파일 정보]';
ALTER TABLE T_FILE ADD CONSTRAINT T_FILE_PK PRIMARY KEY(FILE_ID);
-- CREATE INDEX T_FILE_IX1 ON T_FILE();


-- 공통    게시판 공지사항
DROP TABLE IF EXISTS T_BBS_NOTICE CASCADE;
CREATE TABLE IF NOT EXISTS T_BBS_NOTICE (
    NOTICE_ID VARCHAR(32) NOT NULL COMMENT '공지사항 ID'
  , SJ VARCHAR(100) COMMENT '제목'
  , CN TEXT COMMENT '내용'
  , IMPORTANT_YN VARCHAR(1) DEFAULT 'N' COMMENT '중요 여부'
  , ORD_SEQ NUMERIC(5,0) DEFAULT 0 COMMENT '정렬 순서'
  , FILE_ID VARCHAR(32) COMMENT '파일 ID'
  , VIEW_CNT NUMERIC(9,0) COMMENT '뷰 건수'
  , POPUP_YN VARCHAR(1) COMMENT '팝업 여부'
  , START_DT TIMESTAMP COMMENT '시작 일시[게시 및 팝업 노출 시작 일시]'
  , END_DT TIMESTAMP COMMENT '종료 일시[게시 및 팝업 노출 종료 일시]'
  , USE_YN VARCHAR(1) DEFAULT 'N' COMMENT '사용 여부'
  , RGST_ID VARCHAR(32) NOT NULL COMMENT '등록 ID'
  , RGST_DT TIMESTAMP DEFAULT CURRENT_TIMESTAMP NOT NULL COMMENT '등록 일시'
  , MODI_ID VARCHAR(32) NOT NULL COMMENT '수정 ID'
  , MODI_DT TIMESTAMP DEFAULT CURRENT_TIMESTAMP NOT NULL COMMENT '수정 일시'
)ENGINE=InnoDB DEFAULT CHARSET=utf8  COMMENT '게시판 공지사항[공지사항 관리]';
ALTER TABLE T_BBS_NOTICE ADD CONSTRAINT T_BBS_NOTICE_PK PRIMARY KEY(NOTICE_ID);
-- CREATE INDEX T_BBS_NOTICE_IX1 ON T_BBS_NOTICE();


-- 공통    게시판 FAQ
DROP TABLE IF EXISTS T_BBS_FAQ CASCADE;
CREATE TABLE IF NOT EXISTS T_BBS_FAQ (
    FAQ_ID VARCHAR(32) NOT NULL COMMENT 'FAQ ID'
  , CL_CODE VARCHAR(32) COMMENT '분류 코드[CODE GROUP_ID: FAQ_CL_CODE]'
  , QSTN VARCHAR(1000) COMMENT '질문'
  , ANSW TEXT COMMENT '답변'
  , ORD_SEQ NUMERIC(5,0) DEFAULT 0 COMMENT '정렬 순서'
  , FILE_ID VARCHAR(32) COMMENT '파일 ID'
  , VIEW_CNT NUMERIC(9,0) COMMENT '뷰 건수'
  , USE_YN VARCHAR(1) DEFAULT 'N' COMMENT'사용 여부'
  , RGST_ID VARCHAR(32) NOT NULL COMMENT '등록 ID'
  , RGST_DT TIMESTAMP DEFAULT CURRENT_TIMESTAMP NOT NULL COMMENT '등록 일시'
  , MODI_ID VARCHAR(32) NOT NULL COMMENT '수정 ID'
  , MODI_DT TIMESTAMP DEFAULT CURRENT_TIMESTAMP NOT NULL COMMENT '수정 일시'
)ENGINE=InnoDB DEFAULT CHARSET=utf8 COMMENT '게시판 FAQ[FAQ 관리]';
ALTER TABLE T_BBS_FAQ ADD CONSTRAINT T_BBS_FAQ_PK PRIMARY KEY(FAQ_ID);
-- CREATE INDEX T_BBS_FAQ_IX1 ON T_BBS_FAQ();


-- 공통    게시판 QNA
DROP TABLE IF EXISTS T_BBS_QNA CASCADE;
CREATE TABLE IF NOT EXISTS T_BBS_QNA (
    QNA_ID VARCHAR(32) NOT NULL COMMENT 'QNA ID'
  , CL_CODE VARCHAR(32) COMMENT '분류 코드'
  , SJ VARCHAR(100) COMMENT '제목'
  , CN TEXT COMMENT '내용'
  , FILE_ID VARCHAR(32) COMMENT '파일 ID'
  , ANSW TEXT COMMENT '답변'
  , ANSW_FILE_ID VARCHAR(32) COMMENT '답변 파일 ID'
  , ANSW_RGST_ID VARCHAR(32) COMMENT '답변 등록 ID'
  , ANSW_RGST_DT TIMESTAMP COMMENT '답변 등록 일시'
  , OPEN_YN VARCHAR(1) COMMENT '공개 여부'
  , QNA_STAT VARCHAR(32) COMMENT 'QNA 상태'
  , BF_QNA_ID VARCHAR(32) COMMENT '이전 QNA ID'
  , VIEW_CNT NUMERIC(9,0) COMMENT '뷰 건수'
  , USE_YN VARCHAR(1) DEFAULT 'N' COMMENT '사용 여부'
  , RGST_ID VARCHAR(32) NOT NULL COMMENT '등록 ID'
  , RGST_DT TIMESTAMP DEFAULT CURRENT_TIMESTAMP NOT NULL COMMENT '등록 일시'
  , MODI_ID VARCHAR(32) NOT NULL COMMENT '수정 ID'
  , MODI_DT TIMESTAMP DEFAULT CURRENT_TIMESTAMP NOT NULL COMMENT '수정 일시'
)ENGINE=InnoDB DEFAULT CHARSET=utf8  COMMENT '게시판 QNA[QNA 관리]';
ALTER TABLE T_BBS_QNA ADD CONSTRAINT T_BBS_QNA_PK PRIMARY KEY(QNA_ID);
-- CREATE INDEX T_BBS_QNA_IX1 ON T_BBS_QNA();


-- 관리자    그룹 관리
DROP TABLE IF EXISTS T_GROUP CASCADE;
CREATE TABLE IF NOT EXISTS T_GROUP (
    USER_ID VARCHAR(32) NOT NULL COMMENT '사용자 ID'
  , AUTH_ID VARCHAR(32) NOT NULL COMMENT '권한 ID'
  , USE_YN VARCHAR(1) DEFAULT 'N' COMMENT '사용 여부'
  , RGST_ID VARCHAR(32) NOT NULL COMMENT '등록 ID'
  , RGST_DT TIMESTAMP DEFAULT CURRENT_TIMESTAMP NOT NULL COMMENT '등록 일시'
  , MODI_ID VARCHAR(32) NOT NULL COMMENT '수정 ID'
  , MODI_DT TIMESTAMP DEFAULT CURRENT_TIMESTAMP NOT NULL COMMENT '수정 일시'
)ENGINE=InnoDB DEFAULT CHARSET=utf8  COMMENT '관리자 권한[관리자 권한 관리]';
ALTER TABLE T_GROUP ADD CONSTRAINT T_GROUP_PK PRIMARY KEY(USER_ID);
-- CREATE INDEX T_GROUP_IX1 ON T_GROUP();


-- 관리자    그룹 권한 관리
DROP TABLE IF EXISTS T_GROUP_AUTH CASCADE;
CREATE TABLE IF NOT EXISTS T_GROUP_AUTH (
    AUTH_ID VARCHAR(32) NOT NULL COMMENT '권한 ID'
  , COMPANY_CODE VARCHAR(16) COMMENT '회사 코드'
  , AUTH_CL VARCHAR(32) COMMENT '권한 분류 CODE GROUP_ID: MGR_AUTH_CL'
  , AUTH_NM VARCHAR(100) COMMENT '권한 명'
  , AUTH_DSC VARCHAR(1000) COMMENT '권한 설명'
  , USE_YN VARCHAR(1) DEFAULT 'N' COMMENT '사용 여부'
  , RGST_ID VARCHAR(32) NOT NULL COMMENT '등록 ID'
  , RGST_DT TIMESTAMP DEFAULT CURRENT_TIMESTAMP NOT NULL COMMENT '등록 일시'
  , MODI_ID VARCHAR(32) NOT NULL COMMENT '수정 ID'
  , MODI_DT TIMESTAMP DEFAULT CURRENT_TIMESTAMP NOT NULL COMMENT '수정 일시'
)ENGINE=InnoDB DEFAULT CHARSET=utf8  COMMENT '관리자 시스템 권한[관리자 시스템 권한 관리]';
ALTER TABLE T_GROUP_AUTH ADD CONSTRAINT T_GROUP_AUTH_PK PRIMARY KEY(AUTH_ID);
-- CREATE INDEX T_GROUP_AUTH_IX1 ON T_GROUP_AUTH();


-- 관리자 그룹 메뉴 관리
DROP TABLE IF EXISTS T_GROUP_MENU CASCADE;
CREATE TABLE IF NOT EXISTS T_GROUP_MENU (
    MENU_ID VARCHAR(16) NOT NULL COMMENT '메뉴 ID'
  , UP_MENU_ID VARCHAR(16) COMMENT '상위 메뉴 ID'
  , MENU_NM VARCHAR(100) COMMENT '메뉴 명'
  , MENU_URL VARCHAR(256) COMMENT '메뉴 URL'
  , MENU_DSC VARCHAR(1000) COMMENT '메뉴 설명'
  , ORD_SEQ NUMERIC(5,0) COMMENT '정렬 순서'
  , MENU_SE VARCHAR(32) DEFAULT 'M' COMMENT '메뉴 구분 CODE GROUP_ID: MENU_SE'
  , MENU_ATTR JSON COMMENT '메뉴 속성'
  , USE_YN VARCHAR(1) DEFAULT 'N' COMMENT '사용 여부'
  , ICON_NM VARCHAR(16) COMMENT '아이콘 명'
  , RGST_ID VARCHAR(32) NOT NULL COMMENT '등록 ID'
  , RGST_DT TIMESTAMP DEFAULT CURRENT_TIMESTAMP NOT NULL COMMENT '등록 일시'
  , MODI_ID VARCHAR(32) NOT NULL COMMENT '수정 ID'
  , MODI_DT TIMESTAMP DEFAULT CURRENT_TIMESTAMP NOT NULL COMMENT '수정 일시'
) ENGINE=InnoDB DEFAULT CHARSET=utf8 COMMENT '그룹 메뉴[그룹 메뉴]';
ALTER TABLE T_GROUP_MENU ADD CONSTRAINT T_GROUP_MENU_PK PRIMARY KEY(MENU_ID);
-- CREATE INDEX T_GROUP_MENU_IX1 ON T_GROUP_MENU();


-- 관리자    그룹 메뉴 권한 관리
DROP TABLE IF EXISTS T_GROUP_MENU_AUTH CASCADE;
CREATE TABLE IF NOT EXISTS t_group_menu_auth (
    AUTH_ID VARCHAR(32) NOT NULL COMMENT '권한 ID'
  , MENU_ID VARCHAR(16) NOT NULL COMMENT '메뉴 ID'
  , MENU_ATTR JSON COMMENT '메뉴 속성'
  , USE_YN VARCHAR(1) DEFAULT 'N' COMMENT '사용 여부'
  , RGST_ID VARCHAR(32) NOT NULL COMMENT '등록 ID'
  , RGST_DT TIMESTAMP DEFAULT CURRENT_TIMESTAMP NOT NULL COMMENT '등록 일시'
  , MODI_ID VARCHAR(32) NOT NULL COMMENT '수정 ID'
  , MODI_DT TIMESTAMP DEFAULT CURRENT_TIMESTAMP NOT NULL COMMENT '수정 일시'
)ENGINE=InnoDB DEFAULT CHARSET=utf8 COMMENT '관리자 시스템 메뉴 권한[관리자 시스템 메뉴 권한 관리]';
ALTER TABLE t_group_menu_auth ADD CONSTRAINT t_group_menu_auth_PK PRIMARY KEY(AUTH_ID, MENU_ID);
-- CREATE INDEX t_group_menu_auth_IX1 ON t_group_menu_auth();


-- 로그 로그 요청 사용자 시스템
DROP TABLE IF EXISTS T_LOG_RQST_MGR_SYS CASCADE;
CREATE TABLE IF NOT EXISTS T_LOG_RQST_MGR_SYS (
    LOG_DT TIMESTAMP NOT NULL COMMENT '로그 일시'
  , USER_ID VARCHAR(32) NOT NULL COMMENT '사용자 ID'
  , USER_NM VARCHAR(100) COMMENT '사용자 명'
  , PSTN_CODE VARCHAR(16) COMMENT '직위 코드'
  , PSTN_NM VARCHAR(100) COMMENT '직위 명'
  , DEPT_CODE VARCHAR(16) COMMENT '부서 코드'
  , DEPT_NM VARCHAR(100) COMMENT '부서 명'
  , AUTH_ID VARCHAR(32) COMMENT '권한 ID'
  , AUTH_NM VARCHAR(100) COMMENT '권한 명'
  , CLIENT_IP VARCHAR(45) COMMENT '클라이언트 IP'
  , SERVER_IP VARCHAR(45) COMMENT '서버 IP'
  , RQST_METHOD VARCHAR(16) COMMENT '요청 메소드'
  , RQST_URI VARCHAR(256) COMMENT '요청 URI'
  , PROGRAM_NM VARCHAR(256) COMMENT '프로그램 명'
  , CONTROLLER_NM VARCHAR(256) COMMENT '컨트롤러 명'
  , METHOD_NM VARCHAR(256) COMMENT '메소드 명'
  , MSG JSON COMMENT '메시지'
) ENGINE=InnoDB DEFAULT CHARSET=utf8 COMMENT '로그 요청 사용자 시스템[사용자 시스템 요청 로그]';
-- ALTER TABLE T_LOG_RQST_MGR_SYS ADD CONSTRAINT T_LOG_RQST_MGR_SYS_PK PRIMARY KEY(USER_ID,LOG_DT);
CREATE INDEX T_LOG_RQST_MGR_SYS_IX1 ON T_LOG_RQST_MGR_SYS(USER_ID,LOG_DT);


-- 로그 로그인 이력
DROP TABLE IF EXISTS T_LOGIN_USER_HIST CASCADE;
CREATE TABLE IF NOT EXISTS T_LOGIN_USER_HIST (
    LOG_DT TIMESTAMP NOT NULL COMMENT '로그 일시'
  , USER_ID VARCHAR(32) NOT NULL COMMENT '사용자 ID'
  , USER_NM VARCHAR(100) NOT NULL COMMENT '사용자 명'
  , PSTN_CODE VARCHAR(16) COMMENT '직위 코드'
  , PSTN_NM VARCHAR(100) COMMENT '직위 명'
  , DEPT_CODE VARCHAR(16) COMMENT '부서 코드'
  , DEPT_NM VARCHAR(100) COMMENT '부서 명'
  , AUTH_ID VARCHAR(32) COMMENT '권한 ID'
  , AUTH_NM VARCHAR(100) COMMENT '권한 명'
  , CLIENT_IP VARCHAR(45) COMMENT '클라이언트 IP'
  , SERVER_IP VARCHAR(45) COMMENT '서버 IP'
) ENGINE=InnoDB DEFAULT CHARSET=utf8 COMMENT '로그인 이력[사용자 로그인 이력 로그]';
-- ALTER TABLE T_LOGIN_USER_HIST ADD CONSTRAINT T_LOGIN_USER_HIST_PK PRIMARY KEY(USER_ID,LOG_DT);
CREATE INDEX T_LOGIN_USER_HIST_IX1 ON T_LOGIN_USER_HIST(LOG_DT,USER_ID);


-- 공통 레포트 관리
DROP TABLE IF EXISTS T_REPORT CASCADE;
CREATE TABLE IF NOT EXISTS T_REPORT (
    REPORT_ID VARCHAR(16) NOT NULL COMMENT '레포트 ID'
  , REPORT_NM VARCHAR(256) NOT NULL COMMENT '레포트 명'
  , REPORT_URL VARCHAR(4000) NOT NULL COMMENT '레포트 URL'
  , COMPANY_CODE VARCHAR(16) NOT NULL COMMENT '회사 코드'
  , GROUP_ID VARCHAR(64) COMMENT '그룹 ID'
  , REPORT_TYPE VARCHAR(1) NOT NULL COMMENT '레포트 타입'
  , REPORT_SIZE VARCHAR(16) COMMENT '레포트 사이즈'
  , REPORT_DSC VARCHAR(4000) COMMENT '레포트 설명'
  , USE_YN VARCHAR(1) DEFAULT 'Y' COMMENT '사용 여부'
  , RGST_ID VARCHAR(32) NOT NULL COMMENT '등록 ID'
  , RGST_DT TIMESTAMP NOT NULL COMMENT '등록 일시'
  , MODI_ID VARCHAR(32) NOT NULL COMMENT '수정 ID'
  , MODI_DT TIMESTAMP NOT NULL COMMENT '수정 일시'
) ENGINE=InnoDB DEFAULT CHARSET=utf8 COMMENT '레포트 관리[레포트 관리]';
ALTER TABLE T_REPORT ADD CONSTRAINT T_REPORT_PK PRIMARY KEY(REPORT_ID);
-- CREATE INDEX T_REPORT_IX1 ON T_REPORT(REPORT_ID);

-- 공통    레포트 관리
TRUNCATE TABLE T_REPORT;		
INSERT INTO portal.t_report
(REPORT_ID, REPORT_NM, REPORT_URL, COMPANY_CODE, GROUP_ID, REPORT_TYPE, REPORT_SIZE, REPORT_DSC, USE_YN, RGST_ID, RGST_DT, MODI_ID, MODI_DT) VALUES
('test01', '테스트이름11', 'http://110.10.189.106:8889/logpresso/dashboard/pw78eed90ea3c75e61?apikey=38741ca9-d580-f0d7-0737-1b21143a0336', 'RTDATALAB', 'au2000002', 'L', '600X1200', '11111', 'Y', 'jinix55', '2021-12-15 10:45:38.000', 'jinix55', '2021-12-14 11:58:32.000'),
('test02', '구글사이트', 'https://www.google.com/', 'RTDATALAB', '', 'L', '1', '1', 'Y', 'jinix55', '2021-12-14 14:14:29.000', 'jinix55', '2021-12-14 14:14:29.000'),
('test03', '테스트12', 'http://110.10.189.106:8889/logpresso/dashboard/pw78eed90ea3c75e61?apikey=38741ca9-d580-f0d7-0737-1b21143a0336', 'RTDATALAB', NULL, 'T', '1', '12', 'Y', 'jinix55', '2021-12-28 18:55:29.000', 'jinix55', '2021-12-28 18:55:29.000');



-- 공통 비밀번호 초기화 관리
DROP TABLE IF EXISTS T_RESET_PASSWORD CASCADE;
CREATE TABLE IF NOT EXISTS T_RESET_PASSWORD (
    RESET_ID VARCHAR(16) NOT NULL COMMENT '초기화 ID'
  , COMPANY_NM VARCHAR(100) NOT NULL COMMENT '회사 명'
  , USER_NM VARCHAR(100) NOT NULL COMMENT '사용자 명'
  , USER_ID VARCHAR(32) NOT NULL COMMENT '사용자 ID'
  , RESET_CNT NUMERIC(9,0) NOT NULL COMMENT '카운트'
  , APPROVAL_YN VARCHAR(1) DEFAULT 'N' COMMENT '승인 여부'
  , USE_YN VARCHAR(1) DEFAULT 'Y' COMMENT '사용 여부'
  , RGST_ID VARCHAR(32) NOT NULL COMMENT '등록 ID'
  , RGST_DT TIMESTAMP NOT NULL COMMENT '등록 일시'
  , MODI_ID VARCHAR(32) NOT NULL COMMENT '수정 ID'
  , MODI_DT TIMESTAMP NOT NULL COMMENT '수정 일시'
) ENGINE=InnoDB DEFAULT CHARSET=utf8 COMMENT '비밀번호 초기화 관리[비밀번호 초기화 관리]';
ALTER TABLE T_RESET_PASSWORD ADD CONSTRAINT T_RESET_PASSWORD_PK PRIMARY KEY(RESET_ID);
-- CREATE INDEX T_RESET_PASSWORD_IX1 ON T_RESET_PASSWORD(RESET_ID);


-- 관리자 회사
DROP TABLE IF EXISTS T_COMPANY CASCADE;
CREATE TABLE IF NOT EXISTS T_COMPANY ( 
    COMPANY_ID VARCHAR(16) NOT NULL COMMENT '회사 ID'
  , COMPANY_CODE VARCHAR(16) NOT NULL COMMENT '회사 코드'
  , COMPANY_NO VARCHAR(16) NOT NULL COMMENT '사업자번호'
  , COMPANY_NM VARCHAR(100) NOT NULL COMMENT '회사 명'
  , COMPANY_DSC VARCHAR(4000) COMMENT '회사 설명'
  , ADDRESS VARCHAR(4000) NOT NULL COMMENT '주소'
  , TELEPHONE_NO VARCHAR(16) COMMENT '전화번호'
  , REPRESENTATIVE_NM VARCHAR(16) COMMENT '대표자명'
  , NOTE VARCHAR(4000) COMMENT '비고'
  , USE_YN VARCHAR(1) DEFAULT 'Y' COMMENT '사용 여부'
  , RGST_ID VARCHAR(32) NOT NULL COMMENT '등록 ID'
  , RGST_DT TIMESTAMP NOT NULL COMMENT '등록 일시'
  , MODI_ID VARCHAR(32) NOT NULL COMMENT '수정 ID'
  , MODI_DT TIMESTAMP NOT NULL COMMENT '수정 일시'
 ) ENGINE=InnoDB DEFAULT CHARSET=utf8 COMMENT '회사[회사]';
ALTER TABLE T_COMPANY ADD CONSTRAINT T_COMPANY_PK PRIMARY KEY(COMPANY_ID,COMPANY_NO);
-- CREATE INDEX T_COMPANY_IX1 ON T_COMPANY(COMPANY_ID,COMPANY_NO);


-- 공통 알람
DROP TABLE IF EXISTS T_ALARM CASCADE;
CREATE TABLE IF NOT EXISTS T_ALARM (
    ALARM_ID VARCHAR(16) NOT NULL COMMENT '알람 ID'
  , SJ VARCHAR(100) COMMENT '제목'
  , CN TEXT COMMENT '내용'
  , ALARM_SE VARCHAR(1) COMMENT '알람 구분'
  , SENDER_ID VARCHAR(16) NOT NULL COMMENT '보내는 사용자 ID'
  , RECIPIENT_ID VARCHAR(16) NOT NULL COMMENT '받는 사용자 ID'
  , CHECK_YN VARCHAR(1) DEFAULT 'N' NOT NULL COMMENT '확인 여부'
  , RGST_ID VARCHAR(32) NOT NULL COMMENT '등록 ID'
  , RGST_DT TIMESTAMP NOT NULL COMMENT '등록 일시'
  , MODI_ID VARCHAR(32) NOT NULL COMMENT '수정 ID'
  , MODI_DT TIMESTAMP NOT NULL COMMENT '수정 일시'
) ENGINE=InnoDB DEFAULT CHARSET=utf8 COMMENT '알람[알람]';
ALTER TABLE T_ALARM ADD CONSTRAINT T_ALARM_PK PRIMARY KEY(ALARM_ID);
-- CREATE INDEX T_ALARM_IX1 ON T_ALARM(ALARM_ID);


-- 이력    사용자 이력
DROP TABLE IF EXISTS T_USER_HIST CASCADE;
CREATE TABLE IF NOT EXISTS T_USER_HIST (
    HIST_DT TIMESTAMP NOT NULL COMMENT '이력 일시'
  , USER_ID VARCHAR(32) NOT NULL COMMENT '사용자 ID'
  , USER_NM VARCHAR(100) COMMENT '사용자 명'
  , PSTN_CODE VARCHAR(16) COMMENT '직위 코드'
  , PSTN_NM VARCHAR(100) COMMENT '직위 명'
  , DEPT_CODE VARCHAR(16) COMMENT '부서 코드'
  , DEPT_NM VARCHAR(100) COMMENT '부서 명'
  , HDEPT_CODE VARCHAR(16) COMMENT '본부 코드'
  , HDEPT_NM VARCHAR(100) COMMENT '본부 명'
  , ADOF_DEPT_CODE VARCHAR(16) COMMENT '겸직 부서 코드'
  , ADOF_DEPT_NM VARCHAR(100) COMMENT '겸직 부서 명'
  , COMPANY_CODE VARCHAR(16) COMMENT '회사 코드'
  , COMPANY_NM VARCHAR(100) COMMENT '회사 명'
  , DUTY_SE VARCHAR(32) COMMENT '직책 구분'
  , LAST_LOG_DT TIMESTAMP COMMENT '마지막 로그 일시'
  , START_DT TIMESTAMP COMMENT '시작 일시'
  , END_DT TIMESTAMP COMMENT '종료 일시'
  , FILE_URL VARCHAR(256) COMMENT '파일 URL'
  , MGR_AUTH_ID VARCHAR(32) COMMENT '관리자 권한 ID'
  , MGR_AUTH_CL VARCHAR(32) COMMENT '관리자 권한 분류'
  , MGR_AUTH_NM VARCHAR(100) COMMENT '관리자 권한 명'
  , MGR_AUTH_USE_YN VARCHAR(1) COMMENT '관리자 권한 사용 여부'
  , USER_AUTH_ID VARCHAR(32) COMMENT '사용자 권한 ID'
  , USER_AUTH_CL VARCHAR(32) COMMENT '사용자 권한 분류'
  , USER_AUTH_NM VARCHAR(100) COMMENT '사용자 권한 명'
  , USER_AUTH_USE_YN VARCHAR(1) COMMENT '사용자 권한 사용 여부'
  , MGR_SYS_ENV JSON COMMENT '관리자 시스템 환경'
  , USER_SYS_HOME VARCHAR(32) COMMENT '사용자 시스템 홈'
  , USER_SYS_ENV JSON COMMENT '사용자 시스템 환경'
  , BF_DEPT_CODE VARCHAR(16) COMMENT '이전 부서 코드'
  , DEPT_UPDT_DT TIMESTAMP COMMENT '부서 변경 일시'
  , USE_YN VARCHAR(1) COMMENT '사용 여부'
  , MODI_SE VARCHAR(32) COMMENT '수정 구분'
  , RGST_ID VARCHAR(32) COMMENT '등록 ID'
  , RGST_DT TIMESTAMP COMMENT '등록 일시'
  , MODI_ID VARCHAR(32) COMMENT '수정 ID'
  , MODI_DT TIMESTAMP COMMENT '수정 일시'
) ENGINE=InnoDB DEFAULT CHARSET=utf8 COMMENT '사용자 이력[사용자 정보 이력]';
-- ALTER TABLE T_USER_HIST ADD CONSTRAINT T_USER_HIST_PK PRIMARY KEY();
CREATE INDEX T_USER_HIST_IX1 ON T_USER_HIST(USER_ID, HIST_DT);


-- 공통 공휴일 관리
DROP TABLE IF EXISTS T_HOLIDAY CASCADE;
CREATE TABLE IF NOT EXISTS T_HOLIDAY (
    HOLI_NM VARCHAR(32) COMMENT '휴일명'
  , SOLAR_DATE VARCHAR(32) DEFAULT CURRENT_TIMESTAMP NOT NULL COMMENT '양력일'
  , LUNAR_DATE VARCHAR(32) DEFAULT CURRENT_TIMESTAMP COMMENT '음력일'
  , GANJI VARCHAR(256) COMMENT '간지'
  , LEAP_YEAR VARCHAR(1) DEFAULT 'N' COMMENT '윤년'
  , MEMO VARCHAR(4000) DEFAULT 'N' COMMENT '메모'
  , USE_YN VARCHAR(1) DEFAULT 'Y' COMMENT '사용 여부'
  , HOLI_TYPE VARCHAR(1) DEFAULT 'C' COMMENT '휴일 타입(C:국가, W: 주말, T: 임시)'
) ENGINE=InnoDB DEFAULT CHARSET=utf8 COMMENT '공휴일 관리[공휴일 관리]';
ALTER TABLE T_HOLIDAY ADD CONSTRAINT T_HOLIDAY_PK PRIMARY KEY(SOLAR_DATE);
-- CREATE INDEX T_HOLIDAY_IX1 ON T_HOLIDAY(SOLAR_DATE);

-- 로그 로그 참조 정보
DROP TABLE IF EXISTS T_LOG_REF_INFO CASCADE;
CREATE TABLE IF NOT EXISTS T_LOG_REF_INFO (
    LOG_ID NUMERIC(9,0) NOT NULL COMMENT '로그 참조 ID'
  , CONTROLLER_NM VARCHAR(256) NOT NULL COMMENT '컨트롤러 명'
  , METHOD_NM VARCHAR(256) NOT NULL COMMENT '메소드 명'
  , PROGRAM_NM VARCHAR(256) NOT NULL COMMENT '프로그램 명'
  , RGST_ID VARCHAR(32) COMMENT '등록 ID'
  , RGST_DT TIMESTAMP COMMENT '등록 일시'
) ENGINE=InnoDB DEFAULT CHARSET=utf8 COMMENT '로그 참조 정보[접속 로그 참조 정보]';
ALTER TABLE T_LOG_REF_INFO ADD CONSTRAINT T_LOG_REF_INFO_PK PRIMARY KEY(LOG_ID,CONTROLLER_NM,METHOD_NM);
-- CREATE INDEX T_LOG_REF_INFO_IX1 ON T_LOG_REF_INFO(LOG_ID,CONTROLLER_NM,METHOD_NM);



-- 공휴일 관리 데이터(calendar_lunar_solar_v1.sql 우선 실행)
TRUNCATE TABLE T_HOLIDAY;
INSERT INTO T_HOLIDAY (
	SOLAR_DATE
	, LUNAR_DATE
	, GANJI
	, LEAP_YEAR
	, HOLI_NM
	, USE_YN
	, HOLI_TYPE
	, MEMO
) SELECT
	SOLAR_DATE
	, LUNAR_DATE
	, GANJI
	, CASE WHEN YUN = 1 THEN 'Y' ELSE 'N' END AS LEAP_YEAR
	, CASE
		WHEN MEMO = '' THEN
			CASE 
				WHEN dayofweek(SOLAR_DATE) = 7 THEN '토요일'
				ELSE '일요일'
			END
		ELSE MEMO END AS HOLI_NM
	, 'Y' AS USE_YN
	, CASE
		WHEN MEMO = '' THEN
			CASE 
				WHEN dayofweek(SOLAR_DATE) > 0 THEN 'W'
			END 
		ELSE 'C' END AS HOLI_TYPE
	, '' AS MEMO
FROM calendar_lunar_solar WHERE (solar_date BETWEEN '1900-01-01' AND '2200-12-31' AND dayofweek(solar_date) IN (1,7)) OR (MEMO != '' AND MEMO IS NOT NULL);
COMMIT;


-- 공통 제품 코드 관리
DROP TABLE IF EXISTS T_PACKAGING_CODE CASCADE;
CREATE TABLE IF NOT EXISTS T_PACKAGING_CODE (
    GROUP_ID VARCHAR(64) NOT NULL COMMENT '그룹 ID'
  , UP_COMPANY_CODE VARCHAR(16) NOT NULL COMMENT '소속 회사 코드'
  , CODE_TYPE VARCHAR(4) NOT NULL COMMENT '코드 타입'
  , CODE_ID VARCHAR(64) NOT NULL COMMENT '코드 ID'
  , CODE_KEY VARCHAR(16) COMMENT '코드 키'
  , CODE_NM VARCHAR(256) NOT NULL COMMENT '코드 명'
  , CODE_DSC VARCHAR(1000) COMMENT '코드 설명'
  , ORD_SEQ NUMERIC(5,0) NOT NULL COMMENT '정렬 순서'
  , USE_YN VARCHAR(1) NOT NULL COMMENT '사용 여부'
  , RGST_ID VARCHAR(32) NOT NULL COMMENT '등록 ID'
  , RGST_DT TIMESTAMP NOT NULL COMMENT '등록 일시'
  , MODI_ID VARCHAR(32) NOT NULL COMMENT '수정 ID'
  , MODI_DT TIMESTAMP NOT NULL COMMENT '수정 일시'
) ENGINE=InnoDB DEFAULT CHARSET=utf8 COMMENT '제품 코드 관리[제품 코드 관리]';
-- ALTER TABLE T_PACKAGING_CODE ADD CONSTRAINT T_PACKAGING_CODE_PK PRIMARY KEY(GROUP_ID,UP_COMPANY_CODE,CODE_ID);
-- CREATE INDEX T_PACKAGING_CODE_IX1 ON T_PACKAGING_CODE(GROUP_ID,UP_COMPANY_CODE,CODE_ID);

-- 공통    제품 코드 관리 데이터
TRUNCATE TABLE T_PACKAGING_CODE;
INSERT INTO T_PACKAGING_CODE (GROUP_ID,UP_COMPANY_CODE,CODE_TYPE,CODE_ID,CODE_KEY,CODE_NM,CODE_DSC,ORD_SEQ,USE_YN,RGST_ID,RGST_DT,MODI_ID,MODI_DT) VALUES
('GROUP_ID','RTDATALAB','DNS','COMPLEX_FILM','DA','복합필름','복합필름','1','Y','SYSTEM',NOW(),'SYSTEM',NOW()),
('COMPLEX_FILM','RTDATALAB','DNS','FILM','1000','필름','필름','2','Y','SYSTEM',NOW(),'SYSTEM',NOW()),
('COMPLEX_FILM','RTDATALAB','DNS','LEAD','1100','리드','리드','3','Y','SYSTEM',NOW(),'SYSTEM',NOW()),
('COMPLEX_FILM','RTDATALAB','DNS','TOP','1200','Top','Top','4','Y','SYSTEM',NOW(),'SYSTEM',NOW()),
('COMPLEX_FILM','RTDATALAB','DNS','BOTTOM','1300','Bottom','Bottom','5','Y','SYSTEM',NOW(),'SYSTEM',NOW()),
('COMPLEX_FILM','RTDATALAB','DNS','POUCH','1400','파우치','파우치','6','Y','SYSTEM',NOW(),'SYSTEM',NOW()),
('GROUP_ID','RTDATALAB','DNS','EXTRUDED_FILM','DB','압출필름 ','압출필름 ','7','Y','SYSTEM',NOW(),'SYSTEM',NOW()),
('EXTRUDED_FILM','RTDATALAB','DNS','FLAT_ROLL','1000','평판롤','평판롤','8','Y','SYSTEM',NOW(),'SYSTEM',NOW()),
('EXTRUDED_FILM','RTDATALAB','DNS','TUBE_ROLL','1100','튜브롤','튜브롤','9','Y','SYSTEM',NOW(),'SYSTEM',NOW()),
('EXTRUDED_FILM','RTDATALAB','DNS','POUCH','1300','파우치','파우치','10','Y','SYSTEM',NOW(),'SYSTEM',NOW()),
('GROUP_ID','RTDATALAB','DNS','SHEET','DC','시트','시트','11','Y','SYSTEM',NOW(),'SYSTEM',NOW()),
('SHEET','RTDATALAB','DNS','SHEET','1000','시트','시트','12','Y','SYSTEM',NOW(),'SYSTEM',NOW()),
('GROUP_ID','RTDATALAB','DNS','SHRINK_FILM','DD','수축필름','수축필름','13','Y','SYSTEM',NOW(),'SYSTEM',NOW()),
('SHRINK_FILM','RTDATALAB','DNS','SHRINK_FILM','1000','수축필름 ','수축필름 ','14','Y','SYSTEM',NOW(),'SYSTEM',NOW()),
('SHRINK_FILM','RTDATALAB','DNS','MOLD_SHRINK_FILM','1100','성형수축필름','성형수축필름','15','Y','SYSTEM',NOW(),'SYSTEM',NOW()),
('SHRINK_FILM','RTDATALAB','DNS','NECKBAND','1200','네크밴드','네크밴드','16','Y','SYSTEM',NOW(),'SYSTEM',NOW()),
('GROUP_ID','RTDATALAB','DNS','PLASTIC_CONTAINER','DE','플라스틱용기','플라스틱용기','17','Y','SYSTEM',NOW(),'SYSTEM',NOW()),
('PLASTIC_CONTAINER','RTDATALAB','DNS','BLOW_CONTAINER','1000','블로우용기','블로우용기','18','Y','SYSTEM',NOW(),'SYSTEM',NOW()),
('PLASTIC_CONTAINER','RTDATALAB','DNS','INJECTION_BLOWER','1100','사출블로우용기','사출블로우용기','19','Y','SYSTEM',NOW(),'SYSTEM',NOW()),
('PLASTIC_CONTAINER','RTDATALAB','DNS','THERMOFORMING_VESSEL','1200','열성형용기','열성형용기','20','Y','SYSTEM',NOW(),'SYSTEM',NOW()),
('PLASTIC_CONTAINER','RTDATALAB','DNS','INJECTION_CONTAINER','1300','사출용기','사출용기','21','Y','SYSTEM',NOW(),'SYSTEM',NOW()),
('GROUP_ID','RTDATALAB','DNS','TRAY','DF','트레이','트레이','22','Y','SYSTEM',NOW(),'SYSTEM',NOW()),
('TRAY','RTDATALAB','DNS','TRAY','1000','트레이','트레이','23','Y','SYSTEM',NOW(),'SYSTEM',NOW()),
('TRAY','RTDATALAB','DNS','BRYSTER','1100','브리스터','브리스터','24','Y','SYSTEM',NOW(),'SYSTEM',NOW()),
('TRAY','RTDATALAB','DNS','GIFT_TRAY','1200','선물트레이','선물트레이','25','Y','SYSTEM',NOW(),'SYSTEM',NOW()),
('GROUP_ID','RTDATALAB','DNS','GLASS_BOTTLE','DG','유리병','유리병','26','Y','SYSTEM',NOW(),'SYSTEM',NOW()),
('GLASS_BOTTLE','RTDATALAB','DNS','GLASS_BOTTLE','1000','유리병','유리병','27','Y','SYSTEM',NOW(),'SYSTEM',NOW()),
('GROUP_ID','RTDATALAB','DNS','TUBE_CONTAINER','DH','튜브용기','튜브용기','28','Y','SYSTEM',NOW(),'SYSTEM',NOW()),
('TUBE_CONTAINER','RTDATALAB','DNS','EXTRUDED_TUBE','1000','압출튜브','압출튜브','29','Y','SYSTEM',NOW(),'SYSTEM',NOW()),
('TUBE_CONTAINER','RTDATALAB','DNS','LAMINATING_TUBE','1100','라미네이팅튜브','라미네이팅튜브','30','Y','SYSTEM',NOW(),'SYSTEM',NOW()),
('TUBE_CONTAINER','RTDATALAB','DNS','AL_DRAWING_TUBE','11200','AL 드로잉튜브','AL 드로잉튜브','31','Y','SYSTEM',NOW(),'SYSTEM',NOW()),
('GROUP_ID','RTDATALAB','DNS','PAPER_CONTAINER','DI','종이용기','종이용기','32','Y','SYSTEM',NOW(),'SYSTEM',NOW()),
('PAPER_CONTAINER','RTDATALAB','DNS','PAPER_CUP','1000','종이컵','종이컵','33','Y','SYSTEM',NOW(),'SYSTEM',NOW()),
('PAPER_CONTAINER','RTDATALAB','DNS','CARTON','1100','종이팩','종이팩','34','Y','SYSTEM',NOW(),'SYSTEM',NOW()),
('GROUP_ID','RTDATALAB','DNS','COMPOUND_CONTAINER','DJ','복합용기','복합용기','35','Y','SYSTEM',NOW(),'SYSTEM',NOW()),
('COMPOUND_CONTAINER','RTDATALAB','DNS','BILLARD_CONTAINER','1000','빌라드용기 ','빌라드용기 ','36','Y','SYSTEM',NOW(),'SYSTEM',NOW()),
('COMPOUND_CONTAINER','RTDATALAB','DNS','PVC_CANS','1100','PVC 캔','PVC 캔','37','Y','SYSTEM',NOW(),'SYSTEM',NOW()),
('GROUP_ID','RTDATALAB','DNS','CAN','DK','캔','캔','38','Y','SYSTEM',NOW(),'SYSTEM',NOW()),
('CAN','RTDATALAB','DNS','2PC_CAN','1000','2PC캔','2PC캔','39','Y','SYSTEM',NOW(),'SYSTEM',NOW()),
('CAN','RTDATALAB','DNS','3PC_CAN','1100','3PC캔','3PC캔','40','Y','SYSTEM',NOW(),'SYSTEM',NOW()),
('CAN','RTDATALAB','DNS','MISCELLANEOUS','1200','잡관','잡관','41','Y','SYSTEM',NOW(),'SYSTEM',NOW()),
('CAN','RTDATALAB','DNS','AEROSOL_CAN','1300','에어로졸캔','에어로졸캔','42','Y','SYSTEM',NOW(),'SYSTEM',NOW()),
('GROUP_ID','RTDATALAB','DNS','CAP','DL','캡','캡','43','Y','SYSTEM',NOW(),'SYSTEM',NOW()),
('CAP','RTDATALAB','DNS','INJECTION_CAP','1000','사출캡','사출캡','44','Y','SYSTEM',NOW(),'SYSTEM',NOW()),
('CAP','RTDATALAB','DNS','THERMOFORMING_CAP','1100','열형성캡','열형성캡','45','Y','SYSTEM',NOW(),'SYSTEM',NOW()),
('CAP','RTDATALAB','DNS','PUMP','1200','펌프','펌프','46','Y','SYSTEM',NOW(),'SYSTEM',NOW()),
('CAP','RTDATALAB','DNS','METAL_CAP','1300','금속캡','금속캡','47','Y','SYSTEM',NOW(),'SYSTEM',NOW()),
('GROUP_ID','RTDATALAB','DNS','PLASTIC_CASE','DM','플라스틱케이스','플라스틱케이스','48','Y','SYSTEM',NOW(),'SYSTEM',NOW()),
('PLASTIC_CASE','RTDATALAB','DNS','PLASTIC_CASE','1000','플라스틱케이스 ','플라스틱케이스 ','49','Y','SYSTEM',NOW(),'SYSTEM',NOW()),
('GROUP_ID','RTDATALAB','DNS','BOX','DN','박스','박스','50','Y','SYSTEM',NOW(),'SYSTEM',NOW()),
('BOX','RTDATALAB','DNS','A-1_TYPE_BOX','1000','A-1형 박스 ','A-1형 박스 ','51','Y','SYSTEM',NOW(),'SYSTEM',NOW()),
('BOX','RTDATALAB','DNS','WRC_BOX','1100','WRC박스','WRC박스','52','Y','SYSTEM',NOW(),'SYSTEM',NOW()),
('BOX','RTDATALAB','DNS','OPEN_BOX','1200','오픈박스','오픈박스','53','Y','SYSTEM',NOW(),'SYSTEM',NOW()),
('BOX','RTDATALAB','DNS','GIFT_BOX','1300','선물박스','선물박스','54','Y','SYSTEM',NOW(),'SYSTEM',NOW()),
('GROUP_ID','RTDATALAB','DNS','BOX_PAPER','DO','박스간지','박스간지','55','Y','SYSTEM',NOW(),'SYSTEM',NOW()),
('BOX_PAPER','RTDATALAB','DNS','DAEGANJI','1000','대간지','대간지','56','Y','SYSTEM',NOW(),'SYSTEM',NOW()),
('BOX_PAPER','RTDATALAB','DNS','SOGANJI','1100','소간지','소간지','57','Y','SYSTEM',NOW(),'SYSTEM',NOW()),
('BOX_PAPER','RTDATALAB','DNS','HONEY_CELL','1200','허니셀','허니셀','58','Y','SYSTEM',NOW(),'SYSTEM',NOW()),
('BOX_PAPER','RTDATALAB','DNS','CONTOUR','1300','윤곽','윤곽','59','Y','SYSTEM',NOW(),'SYSTEM',NOW()),
('BOX_PAPER','RTDATALAB','DNS','PAD','1400','패드','패드','60','Y','SYSTEM',NOW(),'SYSTEM',NOW()),
('GROUP_ID','RTDATALAB','DNS','DRAWER','DP','지함','지함','61','Y','SYSTEM',NOW(),'SYSTEM',NOW()),
('DRAWER','RTDATALAB','DNS','DRAWER','1000','지함','지함','62','Y','SYSTEM',NOW(),'SYSTEM',NOW()),
('DRAWER','RTDATALAB','DNS','STOPPED','1100','중지함','중지함','63','Y','SYSTEM',NOW(),'SYSTEM',NOW()),
('DRAWER','RTDATALAB','DNS','IMAGINE','1200','상상자','상상자','64','Y','SYSTEM',NOW(),'SYSTEM',NOW()),
('DRAWER','RTDATALAB','DNS','LOWER_BOX','1300','하상자','하상자','65','Y','SYSTEM',NOW(),'SYSTEM',NOW()),
('DRAWER','RTDATALAB','DNS','BAGGY_BOX','1400','싸바리지함','싸바리지함','66','Y','SYSTEM',NOW(),'SYSTEM',NOW()),
('DRAWER','RTDATALAB','DNS','GIFT_BOX','1500','선물지함','선물지함','67','Y','SYSTEM',NOW(),'SYSTEM',NOW()),
('DRAWER','RTDATALAB','DNS','GIFT_BOX','1600','선물상상자','선물상상자','68','Y','SYSTEM',NOW(),'SYSTEM',NOW()),
('DRAWER','RTDATALAB','DNS','GIFT_BOX','1700','선물하상자','선물하상자','69','Y','SYSTEM',NOW(),'SYSTEM',NOW()),
('DRAWER','RTDATALAB','DNS','GIFT_WRAPPING','1800','선물싸바리지 함','선물싸바리지 함','70','Y','SYSTEM',NOW(),'SYSTEM',NOW()),
('GROUP_ID','RTDATALAB','DNS','PAPER_BOX','DQ','지함간지','지함간지','71','Y','SYSTEM',NOW(),'SYSTEM',NOW()),
('PAPER_BOX','RTDATALAB','DNS','DAEGANJI','1000','대간지','대간지','72','Y','SYSTEM',NOW(),'SYSTEM',NOW()),
('PAPER_BOX','RTDATALAB','DNS','SOGANJI','1100','소간지','소간지','73','Y','SYSTEM',NOW(),'SYSTEM',NOW()),
('PAPER_BOX','RTDATALAB','DNS','DECORATION_STAND','1200','장식대','장식대','74','Y','SYSTEM',NOW(),'SYSTEM',NOW()),
('PAPER_BOX','RTDATALAB','DNS','PAD','1300','패드','패드','75','Y','SYSTEM',NOW(),'SYSTEM',NOW()),
('PAPER_BOX','RTDATALAB','DNS','HONEY_CELL','1400','허니셀','허니셀','76','Y','SYSTEM',NOW(),'SYSTEM',NOW()),
('PAPER_BOX','RTDATALAB','DNS','GIFT_SLIP','1500','선물간지','선물간지','77','Y','SYSTEM',NOW(),'SYSTEM',NOW()),
('GROUP_ID','RTDATALAB','DNS','LABEL','DR','라벨','라벨','78','Y','SYSTEM',NOW(),'SYSTEM',NOW()),
('LABEL','RTDATALAB','DNS','LABEL','1000','라벨','라벨','79','Y','SYSTEM',NOW(),'SYSTEM',NOW()),
('LABEL','RTDATALAB','DNS','IMNOLD_LABEL','1100','임놀드라벨','임놀드라벨','80','Y','SYSTEM',NOW(),'SYSTEM',NOW()),
('GROUP_ID','RTDATALAB','DNS','STICKER','DS','스티커','스티커','81','Y','SYSTEM',NOW(),'SYSTEM',NOW()),
('STICKER','RTDATALAB','DNS','STICKER','1000','스티커','스티커','82','Y','SYSTEM',NOW(),'SYSTEM',NOW()),
('GROUP_ID','RTDATALAB','DNS','BELT','DT','지대','지대','83','Y','SYSTEM',NOW(),'SYSTEM',NOW()),
('BELT','RTDATALAB','DNS','SEWING_MACHINE_ZONE','1000','미싱지대','미싱지대','84','Y','SYSTEM',NOW(),'SYSTEM',NOW()),
('BELT','RTDATALAB','DNS','PUNCH_ZONE','1100','펀치지대','펀치지대','85','Y','SYSTEM',NOW(),'SYSTEM',NOW()),
('BELT','RTDATALAB','DNS','EASY_OPEN_ZONE','1200','이지오픈지대','이지오픈지대','86','Y','SYSTEM',NOW(),'SYSTEM',NOW()),
('BELT','RTDATALAB','DNS','ETC','1300','기타','기타','87','Y','SYSTEM',NOW(),'SYSTEM',NOW()),
('GROUP_ID','RTDATALAB','DNS','KB_PURCHASE_TOTAL','DU','KB(구매집계)','KB(구매집계)','88','Y','SYSTEM',NOW(),'SYSTEM',NOW()),
('KB_PURCHASE_TOTAL','RTDATALAB','DNS','HWANG_KP','1000','황KP','황KP','89','Y','SYSTEM',NOW(),'SYSTEM',NOW()),
('KB_PURCHASE_TOTAL','RTDATALAB','DNS','HUNDRED_KP','1100','백KP','백KP','90','Y','SYSTEM',NOW(),'SYSTEM',NOW()),
('KB_PURCHASE_TOTAL','RTDATALAB','DNS','ALLKP','1200','ALLKP','ALLKP','91','Y','SYSTEM',NOW(),'SYSTEM',NOW()),
('KB_PURCHASE_TOTAL','RTDATALAB','DNS','IMPORTED_PAPER','1300','수입지','수입지','92','Y','SYSTEM',NOW(),'SYSTEM',NOW()),
('GROUP_ID','RTDATALAB','DNS','PROCESSING_PLACE','DV','가공지','가공지','93','Y','SYSTEM',NOW(),'SYSTEM',NOW()),
('PROCESSING_PLACE','RTDATALAB','DNS','ILMAEJI','1000','일매지','일매지','94','Y','SYSTEM',NOW(),'SYSTEM',NOW()),
('PROCESSING_PLACE','RTDATALAB','DNS','WRAP_PAPER','1100','Wrap지','Wrap지','95','Y','SYSTEM',NOW(),'SYSTEM',NOW()),
('GROUP_ID','RTDATALAB','DNS','HUNDRED','DW','백','백','96','Y','SYSTEM',NOW(),'SYSTEM',NOW()),
('HUNDRED','RTDATALAB','DNS','SHOPPING_BAG','1000','쇼핑백','쇼핑백','97','Y','SYSTEM',NOW(),'SYSTEM',NOW()),
('HUNDRED','RTDATALAB','DNS','GIFT_SHOPPING_BAG','1100','선물쇼핑백','선물쇼핑백','98','Y','SYSTEM',NOW(),'SYSTEM',NOW()),
('HUNDRED','RTDATALAB','DNS','NON-WOVEN_BAG','1200','부직포백','부직포백','99','Y','SYSTEM',NOW(),'SYSTEM',NOW()),
('HUNDRED','RTDATALAB','DNS','CONTAINER_BAG','1300','컨테이너백','컨테이너백','100','Y','SYSTEM',NOW(),'SYSTEM',NOW()),
('HUNDRED','RTDATALAB','DNS','BUNDLE_BAG','1400','번들백','번들백','101','Y','SYSTEM',NOW(),'SYSTEM',NOW()),
('HUNDRED','RTDATALAB','DNS','GUITAR_BAG','9900','기타백','기타백','102','Y','SYSTEM',NOW(),'SYSTEM',NOW()),
('GROUP_ID','RTDATALAB','DNS','ETC','DZ','기타','기타','103','Y','SYSTEM',NOW(),'SYSTEM',NOW()),
('ETC','RTDATALAB','DNS','PACKING','1000','패킹','패킹','104','Y','SYSTEM',NOW(),'SYSTEM',NOW()),
('ETC','RTDATALAB','DNS','NON-WOVEN_FABRIC','1100','부직포천','부직포천','105','Y','SYSTEM',NOW(),'SYSTEM',NOW()),
('ETC','RTDATALAB','DNS','PLASTIC_BOX','1200','플라스틱박스','플라스틱박스','106','Y','SYSTEM',NOW(),'SYSTEM',NOW()),
('ETC','RTDATALAB','DNS','SPIROPOLE_BOX','1300','스피로폴박스','스피로폴박스','107','Y','SYSTEM',NOW(),'SYSTEM',NOW()),
('ETC','RTDATALAB','DNS','CASING_(TRANSFER)','1400','케이싱(이관) ','케이싱(이관) ','108','Y','SYSTEM',NOW(),'SYSTEM',NOW()),
('ETC','RTDATALAB','DNS','MANUAL','1500','설명서','설명서','109','Y','SYSTEM',NOW(),'SYSTEM',NOW()),
('ETC','RTDATALAB','DNS','PRINT_PAD','1600','인쇄패드','인쇄패드','110','Y','SYSTEM',NOW(),'SYSTEM',NOW()),
('ETC','RTDATALAB','DNS','CELLOPHANE_(TRANSFER)','1700','셀로판(이관)','셀로판(이관)','111','Y','SYSTEM',NOW(),'SYSTEM',NOW()),
('ETC','RTDATALAB','DNS','INJECTION_GUITAR','1800','사출기타','사출기타','112','Y','SYSTEM',NOW(),'SYSTEM',NOW()),
('ETC','RTDATALAB','DNS','INSERT_PAPER','1900','인서트지','인서트지','113','Y','SYSTEM',NOW(),'SYSTEM',NOW()),
('ETC','RTDATALAB','DNS','PP_BAG','2000','PP백','PP백','114','Y','SYSTEM',NOW(),'SYSTEM',NOW()),
('ETC','RTDATALAB','DNS','ALUMINUM_CUP','2100','알미늄컵','알미늄컵','115','Y','SYSTEM',NOW(),'SYSTEM',NOW()),
('ETC','RTDATALAB','DNS','ETC','9900','기타','기타','116','Y','SYSTEM',NOW(),'SYSTEM',NOW());



-- 공통 환경부 코드 관리
DROP TABLE IF EXISTS T_ENVIRONMENT_CODE CASCADE;
CREATE TABLE IF NOT EXISTS T_ENVIRONMENT_CODE (
    GROUP_ID VARCHAR(64) NOT NULL COMMENT '그룹 ID'
  , UP_COMPANY_CODE VARCHAR(16) COMMENT '소속 회사 코드'
  , CODE_ID VARCHAR(64) NOT NULL COMMENT '코드 ID'
  , REVISION_YEAR VARCHAR(4) NOT NULL COMMENT '개정 년'
  , REVISION_MONTH VARCHAR(2) NOT NULL COMMENT '개정 월'
  , CODE_KEY VARCHAR(16) COMMENT '코드 키'
  , CODE_NM VARCHAR(256) NOT NULL COMMENT '코드 명'
  , CODE_DSC VARCHAR(1000) COMMENT '코드 설명'
  , RPT_MAT_STRUCT VARCHAR(1) COMMENT '포장재질구조증명서'
  , RPT_DEV_ANAL VARCHAR(1) COMMENT '기기분석증명서'
  , RPT_VISUAL_JUDG VARCHAR(1) COMMENT '육안판정서'
  , RPT_TEST VARCHAR(1) COMMENT '공인시험성적서'
  , RPT_PERMISSION VARCHAR(1) COMMENT '신고허가서류'
  , RPT_ETC VARCHAR(1) COMMENT '기타서류'
  , ORD_SEQ NUMERIC(5,0) NOT NULL COMMENT '정렬 순서'
  , USE_YN VARCHAR(1) NOT NULL COMMENT '사용 여부'
  , RGST_ID VARCHAR(32) NOT NULL COMMENT '등록 ID'
  , RGST_DT TIMESTAMP NOT NULL COMMENT '등록 일시'
  , MODI_ID VARCHAR(32) NOT NULL COMMENT '수정 ID'
  , MODI_DT TIMESTAMP NOT NULL COMMENT '수정 일시'
) ENGINE=InnoDB DEFAULT CHARSET=utf8 COMMENT '환경부 코드 관리[환경부 코드 관리]';
-- ALTER TABLE T_ENVIRONMENT_CODE ADD CONSTRAINT T_ENVIRONMENT_CODE_PK PRIMARY KEY(GROUP_ID,CODE_ID,REVISION_YEAR,REVISION_MONTH);
-- CREATE INDEX T_ENVIRONMENT_CODE_IX1 ON T_ENVIRONMENT_CODE(GROUP_ID,CODE_ID,REVISION_YEAR,REVISION_MONTH);

TRUNCATE TABLE T_ENVIRONMENT_CODE;
INSERT INTO T_ENVIRONMENT_CODE (GROUP_ID,UP_COMPANY_CODE,CODE_ID,REVISION_YEAR,REVISION_MONTH,CODE_KEY,CODE_NM,CODE_DSC,RPT_MAT_STRUCT,RPT_DEV_ANAL,RPT_VISUAL_JUDG,RPT_TEST,RPT_PERMISSION,RPT_ETC,ORD_SEQ,USE_YN,RGST_ID,RGST_DT,MODI_ID,MODI_DT) VALUES
('GROUP_ID',NULL,'PA','2022','01','01','종이팩','종이팩','N','N','N','N','N','N','1','Y','SYSTEM',NOW(),'SYSTEM',NOW()),
('PA',NULL,'PA_B','2022','01','01','몸체','몸체','N','N','N','N','N','N','2','Y','SYSTEM',NOW(),'SYSTEM',NOW()),
('PA_B',NULL,'PA_B_B','2022','01','B','우수','우수','N','N','N','N','N','N','3','Y','SYSTEM',NOW(),'SYSTEM',NOW()),
('PA_B',NULL,'PA_B_D','2022','01','D','어려움','어려움','N','N','N','N','N','N','4','Y','SYSTEM',NOW(),'SYSTEM',NOW()),
('PA_B_B',NULL,'PA_B_B_01','2022','01','01','알루미늄 첩합 구조 미사용','알루미늄 첩합 구조 미사용','Y','N','N','N','N','N','5','Y','SYSTEM',NOW(),'SYSTEM',NOW()),
('PA_B_D',NULL,'PA_B_D_01','2022','01','01','알루미늄 첩합 구조 사용','알루미늄 첩합 구조 사용','N','N','N','N','N','N','6','Y','SYSTEM',NOW(),'SYSTEM',NOW()),
('PA_B_D',NULL,'PA_B_D_02','2022','01','02','백색을 제외한 펄프를 사용한 제품','백색을 제외한 펄프를 사용한 제품','N','N','N','N','N','N','7','Y','SYSTEM',NOW(),'SYSTEM',NOW()),
('PA',NULL,'PA_G','2022','01','03','마개및잡자재','마개및잡자재','N','N','N','N','N','N','8','Y','SYSTEM',NOW(),'SYSTEM',NOW()),
('PA_G',NULL,'PA_G_B','2022','01','B','우수','우수','N','N','N','N','N','N','9','Y','SYSTEM',NOW(),'SYSTEM',NOW()),
('PA_G',NULL,'PA_G_C','2022','01','C','보통','보통','N','N','N','N','N','N','10','Y','SYSTEM',NOW(),'SYSTEM',NOW()),
('PA_G',NULL,'PA_G_D','2022','01','D','어려움','어려움','N','N','N','N','N','N','11','Y','SYSTEM',NOW(),'SYSTEM',NOW()),
('PA_G_B',NULL,'PA_G_B_01','2022','01','01','미사용','미사용','Y','N','Y','N','N','N','12','Y','SYSTEM',NOW(),'SYSTEM',NOW()),
('PA_G_C',NULL,'PA_G_C_01','2022','01','01','마개 및 잡자재의 중량이 전체 중량(몸체와 분리 가능한 마개 포함)의 10% 이내인 경우 ','마개 및 잡자재의 중량이 전체 중량(몸체와 분리 가능한 마개 포함)의 10% 이내인 경우 ','Y','N','Y','N','N','N','13','Y','SYSTEM',NOW(),'SYSTEM',NOW()),
('PA_G_C',NULL,'PA_G_C_02','2022','01','02','몸체와 분리 불가능한 PE재질의 마개 및 잡자개가 전체중량의 10% 이내','몸체와 분리 불가능한 PE재질의 마개 및 잡자개가 전체중량의 10% 이내','Y','N','Y','N','N','N','14','Y','SYSTEM',NOW(),'SYSTEM',NOW()),
('PA_G_D',NULL,'PA_G_D_01','2022','01','01','몸체와 분리가 불가능한 합성수지 마개 또는 성형 구조물','몸체와 분리가 불가능한 합성수지 마개 또는 성형 구조물','N','N','N','N','N','N','15','Y','SYSTEM',NOW(),'SYSTEM',NOW()),
('PA_G_D',NULL,'PA_G_D_02','2022','01','02','마개 및 잡자재의 중량이 전체 중량(몸체와 분리 가능한 마개 포함)의 10% 이상인 경우 ','마개 및 잡자재의 중량이 전체 중량(몸체와 분리 가능한 마개 포함)의 10% 이상인 경우 ','N','N','N','N','N','N','16','Y','SYSTEM',NOW(),'SYSTEM',NOW()),
('GROUP_ID',NULL,'GL','2022','01','02','유리병','유리병','N','N','N','N','N','N','17','Y','SYSTEM',NOW(),'SYSTEM',NOW()),
('GL',NULL,'GL_B','2022','01','01','몸체','몸체','N','N','N','N','N','N','18','Y','SYSTEM',NOW(),'SYSTEM',NOW()),
('GL_B',NULL,'GL_B_B','2022','01','B','우수','우수','N','N','N','N','N','N','19','Y','SYSTEM',NOW(),'SYSTEM',NOW()),
('GL_B',NULL,'GL_B_D','2022','01','D','어려움','어려움','N','N','N','N','N','N','20','Y','SYSTEM',NOW(),'SYSTEM',NOW()),
('GL_B_B',NULL,'GL_B_B_01','2022','01','01','무색','무색','Y','N','Y','N','N','N','21','Y','SYSTEM',NOW(),'SYSTEM',NOW()),
('GL_B_B',NULL,'GL_B_B_02','2022','01','02','녹색','녹색','Y','N','Y','N','N','N','22','Y','SYSTEM',NOW(),'SYSTEM',NOW()),
('GL_B_B',NULL,'GL_B_B_03','2022','01','03','갈색','갈색','Y','N','Y','N','N','N','23','Y','SYSTEM',NOW(),'SYSTEM',NOW()),
('GL_B_D',NULL,'GL_B_D_01','2022','01','01','무색, 갈색, 녹색 이외의 색상','무색, 갈색, 녹색 이외의 색상','N','N','N','N','N','N','24','Y','SYSTEM',NOW(),'SYSTEM',NOW()),
('GL_B_D',NULL,'GL_B_D_02','2022','01','02','표면코팅 또는 도색','표면코팅 또는 도색','N','N','N','N','N','N','25','Y','SYSTEM',NOW(),'SYSTEM',NOW()),
('GL',NULL,'GL_L','2022','01','02','라벨','라벨','N','N','N','N','N','N','26','Y','SYSTEM',NOW(),'SYSTEM',NOW()),
('GL_L',NULL,'GL_L_B','2022','01','B','우수','우수','N','N','N','N','N','N','27','Y','SYSTEM',NOW(),'SYSTEM',NOW()),
('GL_L',NULL,'GL_L_C','2022','01','C','보통','보통','N','N','N','N','N','N','28','Y','SYSTEM',NOW(),'SYSTEM',NOW()),
('GL_L',NULL,'GL_L_D','2022','01','D','어려움','어려움','N','N','N','N','N','N','29','Y','SYSTEM',NOW(),'SYSTEM',NOW()),
('GL_L_B',NULL,'GL_L_B_01','2022','01','01','미사용(유통기한 및 제조일자만 표시된 경우 포함)','미사용(유통기한 및 제조일자만 표시된 경우 포함)','Y','N','Y','N','N','N','30','Y','SYSTEM',NOW(),'SYSTEM',NOW()),
('GL_L_B',NULL,'GL_L_B_02','2022','01','02','종이재질','종이재질','Y','N','N','N','N','N','31','Y','SYSTEM',NOW(),'SYSTEM',NOW()),
('GL_L_B',NULL,'GL_L_B_03','2022','01','03','절취선을 포함한비접(점)착식 합성수지 재질','절취선을 포함한비접(점)착식 합성수지 재질','Y','N','Y','N','N','N','32','Y','SYSTEM',NOW(),'SYSTEM',NOW()),
('GL_L_B',NULL,'GL_L_B_04','2022','01','04','접(점)착제가 사용된 합성수지 재질로서 몸체와 분리가능한 경우','접(점)착제가 사용된 합성수지 재질로서 몸체와 분리가능한 경우','Y','N','N','N','N','N','33','Y','SYSTEM',NOW(),'SYSTEM',NOW()),
('GL_L_B',NULL,'GL_L_B_05','2022','01','05','접(점)착제가 사용된 합성수지 재질로서 몸체와 분리가능하고 분리배출유도문구를 기제한경우','접(점)착제가 사용된 합성수지 재질로서 몸체와 분리가능하고 분리배출유도문구를 기제한경우','Y','N','N','N','N','N','34','Y','SYSTEM',NOW(),'SYSTEM',NOW()),
('GL_L_C',NULL,'GL_L_C_01','2022','01','01','절취선을 포함하지 않은 비접(점)착식 합성수지 재질','절취선을 포함하지 않은 비접(점)착식 합성수지 재질','Y','N','N','N','N','N','35','Y','SYSTEM',NOW(),'SYSTEM',NOW()),
('GL_L_C',NULL,'GL_L_C_02','2022','01','02','접(점)착제가 사용된 합성수지 재질로서라벨 분리배출 유도문구를 기제하지 않은 경우 ','접(점)착제가 사용된 합성수지 재질로서라벨 분리배출 유도문구를 기제하지 않은 경우 ','Y','N','Y','N','N','N','36','Y','SYSTEM',NOW(),'SYSTEM',NOW()),
('GL_L_D',NULL,'GL_L_D_01','2022','01','01','접(점)착제가 사용된 합성수지 재질로서 몸체와 분리 불가능한 경우','접(점)착제가 사용된 합성수지 재질로서 몸체와 분리 불가능한 경우','N','N','N','N','N','N','37','Y','SYSTEM',NOW(),'SYSTEM',NOW()),
('GL_L_D',NULL,'GL_L_D_02','2022','01','02','몸체에 직접 인쇄(유통기간, 제조일자 표시 제외)','몸체에 직접 인쇄(유통기간, 제조일자 표시 제외)','N','N','N','N','N','N','38','Y','SYSTEM',NOW(),'SYSTEM',NOW()),
('GL_L_D',NULL,'GL_L_D_03','2022','01','03','금속혼입재질','금속혼입재질','N','N','N','N','N','N','39','Y','SYSTEM',NOW(),'SYSTEM',NOW()),
('GL_L_D',NULL,'GL_L_D_04','2022','01','04','PVC계열','PVC계열','N','N','N','N','N','N','40','Y','SYSTEM',NOW(),'SYSTEM',NOW()),
('GL',NULL,'GL_G','2022','01','04','라벨, 마개및잡자재','라벨, 마개및잡자재','N','N','N','N','N','N','41','Y','SYSTEM',NOW(),'SYSTEM',NOW()),
('GL_G',NULL,'GL_G_B','2022','01','B','우수','우수','N','N','N','N','N','N','42','Y','SYSTEM',NOW(),'SYSTEM',NOW()),
('GL_G',NULL,'GL_G_D','2022','01','D','어려움','어려움','N','N','N','N','N','N','43','Y','SYSTEM',NOW(),'SYSTEM',NOW()),
('GL_G_B',NULL,'GL_G_B_01','2022','01','01','뚜껑 테 일체형 구조','뚜껑 테 일체형 구조','Y','N','Y','N','N','N','44','Y','SYSTEM',NOW(),'SYSTEM',NOW()),
('GL_G_B',NULL,'GL_G_B_02','2022','01','02','뚜껑 테 일체형 외 몸체와 분리가능한 마개 및 잡자재 (재질 구분 불필요)','뚜껑 테 일체형 외 몸체와 분리가능한 마개 및 잡자재 (재질 구분 불필요)','Y','N','Y','N','N','N','45','Y','SYSTEM',NOW(),'SYSTEM',NOW()),
('GL_G_D',NULL,'GL_G_D_01','2022','01','01','합성수지를 덧씌운 금속 마개','합성수지를 덧씌운 금속 마개','N','N','N','N','N','N','46','Y','SYSTEM',NOW(),'SYSTEM',NOW()),
('GL_G_D',NULL,'GL_G_D_02','2022','01','02','뚜껑·테 분리형','뚜껑·테 분리형','N','N','N','N','N','N','47','Y','SYSTEM',NOW(),'SYSTEM',NOW()),
('GL_G_D',NULL,'GL_G_D_03','2022','01','03','몸체와 분리불가능한 마개 및 잡자재 (재질 구분 불필요)','몸체와 분리불가능한 마개 및 잡자재 (재질 구분 불필요)','N','N','N','N','N','N','48','Y','SYSTEM',NOW(),'SYSTEM',NOW()),
('GROUP_ID',NULL,'CA','2022','01','03','금속캔','금속캔','N','N','N','N','N','N','49','Y','SYSTEM',NOW(),'SYSTEM',NOW()),
('CA',NULL,'CA_B','2022','01','01','몸체','몸체','N','N','N','N','N','N','50','Y','SYSTEM',NOW(),'SYSTEM',NOW()),
('CA_B',NULL,'CA_B_B','2022','01','B','우수','우수','N','N','N','N','N','N','51','Y','SYSTEM',NOW(),'SYSTEM',NOW()),
('CA_B',NULL,'CA_B_C','2022','01','C','보통','보통','N','N','N','N','N','N','52','Y','SYSTEM',NOW(),'SYSTEM',NOW()),
('CA_B_B',NULL,'CA_B_B_01','2022','01','01','금속 철캔','금속 철캔','Y','N','N','N','N','N','53','Y','SYSTEM',NOW(),'SYSTEM',NOW()),
('CA_B_C',NULL,'CA_B_C_01','2022','01','01','철 이외의 복합제질','철 이외의 복합제질','Y','N','N','N','N','N','54','Y','SYSTEM',NOW(),'SYSTEM',NOW()),
('CA',NULL,'CA_L','2022','01','02','라벨','라벨','N','N','N','N','N','N','55','Y','SYSTEM',NOW(),'SYSTEM',NOW()),
('CA_L',NULL,'CA_L_B','2022','01','B','우수','우수','N','N','N','N','N','N','56','Y','SYSTEM',NOW(),'SYSTEM',NOW()),
('CA_L',NULL,'CA_L_C','2022','01','C','보통','보통','N','N','N','N','N','N','57','Y','SYSTEM',NOW(),'SYSTEM',NOW()),
('CA_L_B',NULL,'CA_L_B_01','2022','01','01','몸체에 직접 인쇄','몸체에 직접 인쇄','Y','N','N','N','N','N','58','Y','SYSTEM',NOW(),'SYSTEM',NOW()),
('CA_L_C',NULL,'CA_L_C_01','2022','01','01','라벨 부착 (라벨재질 구분 불필요)','라벨 부착 (라벨재질 구분 불필요)','Y','N','Y','N','N','N','59','Y','SYSTEM',NOW(),'SYSTEM',NOW()),
('CA',NULL,'CA_G','2022','01','04','라벨, 마개및잡자재','라벨, 마개및잡자재','N','N','N','N','N','N','60','Y','SYSTEM',NOW(),'SYSTEM',NOW()),
('CA_G',NULL,'CA_G_B','2022','01','B','우수','우수','N','N','N','N','N','N','61','Y','SYSTEM',NOW(),'SYSTEM',NOW()),
('CA_G',NULL,'CA_G_C','2022','01','C','보통','보통','N','N','N','N','N','N','62','Y','SYSTEM',NOW(),'SYSTEM',NOW()),
('CA_G_B',NULL,'CA_G_B_01','2022','01','01','몸체와 동일한 재질','몸체와 동일한 재질','Y','N','N','N','N','N','63','Y','SYSTEM',NOW(),'SYSTEM',NOW()),
('CA_G_B',NULL,'CA_G_B_02','2022','01','02','알루미늄 재질','알루미늄 재질','Y','N','N','N','N','N','64','Y','SYSTEM',NOW(),'SYSTEM',NOW()),
('CA_G_C',NULL,'CA_G_C_01','2022','01','01','철, 알루미늄 이외의 재질(마개 잡자재, 재질 구분 불필요)','철, 알루미늄 이외의 재질(마개 잡자재, 재질 구분 불필요)','Y','N','N','N','N','N','65','Y','SYSTEM',NOW(),'SYSTEM',NOW()),
('GROUP_ID',NULL,'AL','2022','01','04','금속캔(알루미늄)','금속캔(알루미늄)','N','N','N','N','N','N','66','Y','SYSTEM',NOW(),'SYSTEM',NOW()),
('AL',NULL,'AL_B','2022','01','01','몸체','몸체','N','N','N','N','N','N','67','Y','SYSTEM',NOW(),'SYSTEM',NOW()),
('AL_B',NULL,'AL_B_B','2022','01','B','우수','우수','N','N','N','N','N','N','68','Y','SYSTEM',NOW(),'SYSTEM',NOW()),
('AL_B',NULL,'AL_B_D','2022','01','D','어려움','어려움','N','N','N','N','N','N','69','Y','SYSTEM',NOW(),'SYSTEM',NOW()),
('AL_B_B',NULL,'AL_B_B_01','2022','01','01','금속 알루미늄 캔','금속 알루미늄 캔','Y','N','N','N','N','N','70','Y','SYSTEM',NOW(),'SYSTEM',NOW()),
('AL_B_D',NULL,'AL_B_D_01','2022','01','01','알루미늄 이외의 복합재질 구조 (재질 구분 불필요)','알루미늄 이외의 복합재질 구조 (재질 구분 불필요)','N','N','N','N','N','N','71','Y','SYSTEM',NOW(),'SYSTEM',NOW()),
('AL',NULL,'AL_L','2022','01','02','라벨','라벨','N','N','N','N','N','N','72','Y','SYSTEM',NOW(),'SYSTEM',NOW()),
('AL_L',NULL,'AL_L_B','2022','01','B','우수','우수','N','N','N','N','N','N','73','Y','SYSTEM',NOW(),'SYSTEM',NOW()),
('AL_L',NULL,'AL_L_C','2022','01','C','보통','보통','N','N','N','N','N','N','74','Y','SYSTEM',NOW(),'SYSTEM',NOW()),
('AL_L',NULL,'AL_L_D','2022','01','D','어려움','어려움','N','N','N','N','N','N','75','Y','SYSTEM',NOW(),'SYSTEM',NOW()),
('AL_L_B',NULL,'AL_L_B_01','2022','01','01','몸체에 직접 인쇄','몸체에 직접 인쇄','Y','N','Y','N','N','N','76','Y','SYSTEM',NOW(),'SYSTEM',NOW()),
('AL_L_C',NULL,'AL_L_C_01','2022','01','01','몸체와 동일한 재질의 라벨','몸체와 동일한 재질의 라벨','Y','N','N','N','N','N','77','Y','SYSTEM',NOW(),'SYSTEM',NOW()),
('AL_L_C',NULL,'AL_L_C_02','2022','01','02','몸체와 다른 재질로서 몸체와 분리가 가능한 라벨 (재질 구분 불필요)','몸체와 다른 재질로서 몸체와 분리가 가능한 라벨 (재질 구분 불필요)','Y','N','Y','N','N','N','78','Y','SYSTEM',NOW(),'SYSTEM',NOW()),
('AL_L_D',NULL,'AL_L_D_01','2022','01','01','몸체와 다른 재질로서 몸체와 분리가 불가능한 경우','몸체와 다른 재질로서 몸체와 분리가 불가능한 경우','N','N','N','N','N','N','79','Y','SYSTEM',NOW(),'SYSTEM',NOW()),
('AL',NULL,'AL_G','2022','01','04','라벨, 마개및잡자재','라벨, 마개및잡자재','N','N','N','N','N','N','80','Y','SYSTEM',NOW(),'SYSTEM',NOW()),
('AL_G',NULL,'AL_G_B','2022','01','B','우수','우수','N','N','N','N','N','N','81','Y','SYSTEM',NOW(),'SYSTEM',NOW()),
('AL_G',NULL,'AL_G_C','2022','01','C','보통','보통','N','N','N','N','N','N','82','Y','SYSTEM',NOW(),'SYSTEM',NOW()),
('AL_G',NULL,'AL_G_D','2022','01','D','어려움','어려움','N','N','N','N','N','N','83','Y','SYSTEM',NOW(),'SYSTEM',NOW()),
('AL_G_B',NULL,'AL_G_B_01','2022','01','01','몸체와 동일한 재질','몸체와 동일한 재질','Y','N','N','N','N','N','84','Y','SYSTEM',NOW(),'SYSTEM',NOW()),
('AL_G_C',NULL,'AL_G_C_01','2022','01','01','몸체와 다른재질로서 분리 가능 (재질, 마개, 잡자재 구분 불필요)','몸체와 다른재질로서 분리 가능 (재질, 마개, 잡자재 구분 불필요)','Y','N','N','N','N','N','85','Y','SYSTEM',NOW(),'SYSTEM',NOW()),
('AL_G_D',NULL,'AL_G_D_01','2022','01','01','몸체와 다른 재질로서 몸체와 분리가 불가능한 경우','몸체와 다른 재질로서 몸체와 분리가 불가능한 경우','N','N','N','N','N','N','86','Y','SYSTEM',NOW(),'SYSTEM',NOW()),
('GROUP_ID',NULL,'SY','2022','01','05','일반 발포합성수지 단일·복합재질','일반 발포합성수지 단일·복합재질','N','N','N','N','N','N','87','Y','SYSTEM',NOW(),'SYSTEM',NOW()),
('SY',NULL,'SY_B','2022','01','01','몸체','몸체','N','N','N','N','N','N','88','Y','SYSTEM',NOW(),'SYSTEM',NOW()),
('SY_B',NULL,'SY_B_B','2022','01','B','우수','우수','N','N','N','N','N','N','89','Y','SYSTEM',NOW(),'SYSTEM',NOW()),
('SY_B',NULL,'SY_B_C','2022','01','C','보통','보통','N','N','N','N','N','N','90','Y','SYSTEM',NOW(),'SYSTEM',NOW()),
('SY_B',NULL,'SY_B_D','2022','01','D','어려움','어려움','N','N','N','N','N','N','91','Y','SYSTEM',NOW(),'SYSTEM',NOW()),
('SY_B_B',NULL,'SY_B_B_01','2022','01','01','백색 EPS ','백색 EPS ','Y','N','N','N','N','N','92','Y','SYSTEM',NOW(),'SYSTEM',NOW()),
('SY_B_B',NULL,'SY_B_B_02','2022','01','02','백색 EPE','백색 EPE','Y','N','N','N','N','N','93','Y','SYSTEM',NOW(),'SYSTEM',NOW()),
('SY_B_B',NULL,'SY_B_B_03','2022','01','03','백색 EPP','백색 EPP','Y','N','N','N','N','N','94','Y','SYSTEM',NOW(),'SYSTEM',NOW()),
('SY_B_B',NULL,'SY_B_B_04','2022','01','04','기타 단일재질 백색','기타 단일재질 백색','Y','N','N','N','N','N','95','Y','SYSTEM',NOW(),'SYSTEM',NOW()),
('SY_B_C',NULL,'SY_B_C_01','2022','01','01','검은색 EPE','검은색 EPE','Y','N','N','N','N','N','96','Y','SYSTEM',NOW(),'SYSTEM',NOW()),
('SY_B_C',NULL,'SY_B_C_02','2022','01','02','검은색 EPP','검은색 EPP','Y','N','N','N','N','N','97','Y','SYSTEM',NOW(),'SYSTEM',NOW()),
('SY_B_C',NULL,'SY_B_C_03','2022','01','03','복합재질 구조(기타 재질과의 조합 포함)로서 분리 가능한 경우','복합재질 구조(기타 재질과의 조합 포함)로서 분리 가능한 경우','Y','N','Y','N','N','N','98','Y','SYSTEM',NOW(),'SYSTEM',NOW()),
('SY_B_D',NULL,'SY_B_D_01','2022','01','01','복합재질 구조(기타 재질과의 조합 포함)로서 분리 불가능한 경우','복합재질 구조(기타 재질과의 조합 포함)로서 분리 불가능한 경우','N','N','N','N','N','N','99','Y','SYSTEM',NOW(),'SYSTEM',NOW()),
('SY_B_D',NULL,'SY_B_D_02','2022','01','02','백색 이외의 색상(재질, 색상 구분 불필요)','백색 이외의 색상(재질, 색상 구분 불필요)','N','N','N','N','N','N','100','Y','SYSTEM',NOW(),'SYSTEM',NOW()),
('SY',NULL,'SY_C','2022','01','04','라벨, 마개및잡자재','라벨, 마개및잡자재','N','N','N','N','N','N','101','Y','SYSTEM',NOW(),'SYSTEM',NOW()),
('SY_C',NULL,'SY_C_B','2022','01','B','우수','우수','N','N','N','N','N','N','102','Y','SYSTEM',NOW(),'SYSTEM',NOW()),
('SY_C',NULL,'SY_C_C','2022','01','C','보통','보통','N','N','N','N','N','N','103','Y','SYSTEM',NOW(),'SYSTEM',NOW()),
('SY_C',NULL,'SY_C_D','2022','01','D','어려움','어려움','N','N','N','N','N','N','104','Y','SYSTEM',NOW(),'SYSTEM',NOW()),
('SY_C_B',NULL,'SY_C_B_01','2022','01','01','미사용','미사용','Y','N','Y','N','N','N','105','Y','SYSTEM',NOW(),'SYSTEM',NOW()),
('SY_C_B',NULL,'SY_C_B_02','2022','01','02','몸체와 동일한 재질','몸체와 동일한 재질','Y','N','N','N','N','N','106','Y','SYSTEM',NOW(),'SYSTEM',NOW()),
('SY_C_B',NULL,'SY_C_B_03','2022','01','03','직접 인쇄(부분인쇄)','직접 인쇄(부분인쇄)','Y','N','Y','N','N','N','107','Y','SYSTEM',NOW(),'SYSTEM',NOW()),
('SY_C_C',NULL,'SY_C_C_01','2022','01','01','몸체와 다른 재질로서 몸체와 분리가 가능(라벨, 마개, 잡자재, 재질 구분불필요)','몸체와 다른 재질로서 몸체와 분리가 가능(라벨, 마개, 잡자재, 재질 구분불필요)','Y','N','Y','N','N','N','108','Y','SYSTEM',NOW(),'SYSTEM',NOW()),
('SY_C_D',NULL,'SY_C_D_01','2022','01','01','몸체에 직접 인쇄','몸체에 직접 인쇄','N','N','N','N','N','N','109','Y','SYSTEM',NOW(),'SYSTEM',NOW()),
('SY_C_D',NULL,'SY_C_D_02','2022','01','02','몸체와 다른 재질의 라벨로서 몸체와 분리 불가능 (재질구분 불필요)','몸체와 다른 재질의 라벨로서 몸체와 분리 불가능 (재질구분 불필요)','N','N','N','N','N','N','110','Y','SYSTEM',NOW(),'SYSTEM',NOW()),
('SY_C_D',NULL,'SY_C_D_03','2022','01','03','PVC계열의 재질','PVC계열의 재질','N','N','N','N','N','N','111','Y','SYSTEM',NOW(),'SYSTEM',NOW()),
('GROUP_ID',NULL,'PO','2022','01','06','폴리스티렌페이퍼(PSP)','폴리스티렌페이퍼(PSP)','N','N','N','N','N','N','112','Y','SYSTEM',NOW(),'SYSTEM',NOW()),
('PO',NULL,'PO_B','2022','01','01','몸체','몸체','N','N','N','N','N','N','113','Y','SYSTEM',NOW(),'SYSTEM',NOW()),
('PO_B',NULL,'PO_B_B','2022','01','B','우수','우수','N','N','N','N','N','N','114','Y','SYSTEM',NOW(),'SYSTEM',NOW()),
('PO_B',NULL,'PO_B_C','2022','01','C','보통','보통','N','N','N','N','N','N','115','Y','SYSTEM',NOW(),'SYSTEM',NOW()),
('PO_B',NULL,'PO_B_D','2022','01','D','어려움','어려움','N','N','N','N','N','N','116','Y','SYSTEM',NOW(),'SYSTEM',NOW()),
('PO_B_B',NULL,'PO_B_B_01','2022','01','01','백색 단일재질','백색 단일재질','Y','N','N','N','N','N','117','Y','SYSTEM',NOW(),'SYSTEM',NOW()),
('PO_B_C',NULL,'PO_B_C_01','2022','01','01','복합재질 구조(기타 재질과의 조합 포함)로서 분리가능한 경우','복합재질 구조(기타 재질과의 조합 포함)로서 분리가능한 경우','Y','N','Y','N','N','N','118','Y','SYSTEM',NOW(),'SYSTEM',NOW()),
('PO_B_D',NULL,'PO_B_D_01','2022','01','01','복합재질 구조(기타 재질과의 조합 포함)로서 분리 불가능한 경우','복합재질 구조(기타 재질과의 조합 포함)로서 분리 불가능한 경우','N','N','N','N','N','N','119','Y','SYSTEM',NOW(),'SYSTEM',NOW()),
('PO_B_D',NULL,'PO_B_D_02','2022','01','02','백색 이외의 색상(색상 구분 불필요)','백색 이외의 색상(색상 구분 불필요)','N','N','N','N','N','N','120','Y','SYSTEM',NOW(),'SYSTEM',NOW()),
('PO',NULL,'PO_C','2022','01','04','라벨, 마개및잡자재','라벨, 마개및잡자재','N','N','N','N','N','N','121','Y','SYSTEM',NOW(),'SYSTEM',NOW()),
('PO_C',NULL,'PO_C_A','2022','01','A','최우수','최우수','N','N','N','N','N','N','122','Y','SYSTEM',NOW(),'SYSTEM',NOW()),
('PO_C',NULL,'PO_C_B','2022','01','B','우수','우수','N','N','N','N','N','N','123','Y','SYSTEM',NOW(),'SYSTEM',NOW()),
('PO_C',NULL,'PO_C_C','2022','01','C','보통','보통','N','N','N','N','N','N','124','Y','SYSTEM',NOW(),'SYSTEM',NOW()),
('PO_C',NULL,'PO_C_D','2022','01','D','어려움','어려움','N','N','N','N','N','N','125','Y','SYSTEM',NOW(),'SYSTEM',NOW()),
('PO_C_A',NULL,'PO_C_A_01','2022','01','01','미사용','미사용','Y','N','Y','N','N','N','126','Y','SYSTEM',NOW(),'SYSTEM',NOW()),
('PO_C_A',NULL,'PO_C_A_02','2022','01','02','몸체와 동일한 재질로써 분리가 가능한 경우','몸체와 동일한 재질로써 분리가 가능한 경우','Y','N','Y','N','N','N','127','Y','SYSTEM',NOW(),'SYSTEM',NOW()),
('PO_C_B',NULL,'PO_C_B_01','2022','01','01','몸체와 다른 재질로써 분리가 가능한 경우(재질 구분 불필요)','몸체와 다른 재질로써 분리가 가능한 경우(재질 구분 불필요)','Y','N','N','N','N','N','128','Y','SYSTEM',NOW(),'SYSTEM',NOW()),
('PO_C_B',NULL,'PO_C_B_02','2022','01','02','직접인쇄(부분인쇄)','직접인쇄(부분인쇄)','Y','N','Y','N','N','N','129','Y','SYSTEM',NOW(),'SYSTEM',NOW()),
('PO_C_C',NULL,'PO_C_C_01','2022','01','01','몸체와 동일한 재질로서 몸체와 분리가 불가능한 경우','몸체와 동일한 재질로서 몸체와 분리가 불가능한 경우','Y','N','N','N','N','N','130','Y','SYSTEM',NOW(),'SYSTEM',NOW()),
('PO_C_D',NULL,'PO_C_D_01','2022','01','01','몸체에 직접 인쇄','몸체에 직접 인쇄','N','N','N','N','N','N','131','Y','SYSTEM',NOW(),'SYSTEM',NOW()),
('PO_C_D',NULL,'PO_C_D_02','2022','01','02','몸체와 다른 재질로서 몸체와 분리 불가능(라벨 재질구분 불필요)','몸체와 다른 재질로서 몸체와 분리 불가능(라벨 재질구분 불필요)','N','N','N','N','N','N','132','Y','SYSTEM',NOW(),'SYSTEM',NOW()),
('PO_C_D',NULL,'PO_C_D_03','2022','01','03','PVC 계열 재질','PVC 계열 재질','N','N','N','N','N','N','133','Y','SYSTEM',NOW(),'SYSTEM',NOW()),
('GROUP_ID',NULL,'PE','2022','01','07','페트병','페트병','N','N','N','N','N','N','134','Y','SYSTEM',NOW(),'SYSTEM',NOW()),
('PE',NULL,'PE_B','2022','01','01','몸체','몸체','N','N','N','N','N','N','135','Y','SYSTEM',NOW(),'SYSTEM',NOW()),
('PE_B',NULL,'PE_B_B','2022','01','B','우수','우수','N','N','N','N','N','N','136','Y','SYSTEM',NOW(),'SYSTEM',NOW()),
('PE_B',NULL,'PE_B_C','2022','01','C','보통','보통','N','N','N','N','N','N','137','Y','SYSTEM',NOW(),'SYSTEM',NOW()),
('PE_B',NULL,'PE_B_D','2022','01','D','어려움','어려움','N','N','N','N','N','N','138','Y','SYSTEM',NOW(),'SYSTEM',NOW()),
('PE_B_B',NULL,'PE_B_B_01','2022','01','01','단일재질 무색','단일재질 무색','Y','N','N','N','N','N','139','Y','SYSTEM',NOW(),'SYSTEM',NOW()),
('PE_B_C',NULL,'PE_B_C_01','2022','01','01','단일재질 녹색(먹는샘물, 음료류 제외)','단일재질 녹색(먹는샘물, 음료류 제외)','Y','N','N','N','N','N','140','Y','SYSTEM',NOW(),'SYSTEM',NOW()),
('PE_B_D',NULL,'PE_B_D_01','2022','01','01','PET-G 재질 혼합','PET-G 재질 혼합','N','N','N','N','N','N','141','Y','SYSTEM',NOW(),'SYSTEM',NOW()),
('PE_B_D',NULL,'PE_B_D_02','2022','01','02','유색(먹는샘물, 음료류)','유색(먹는샘물, 음료류)','N','N','N','N','N','N','142','Y','SYSTEM',NOW(),'SYSTEM',NOW()),
('PE_B_D',NULL,'PE_B_D_03','2022','01','03','녹색 이외의 유색(먹는샘물, 음료류 제외)','녹색 이외의 유색(먹는샘물, 음료류 제외)','N','N','N','N','N','N','143','Y','SYSTEM',NOW(),'SYSTEM',NOW()),
('PE_B_D',NULL,'PE_B_D_04','2022','01','04','복합재질','복합재질','N','N','N','N','N','N','144','Y','SYSTEM',NOW(),'SYSTEM',NOW()),
('PE',NULL,'PE_L','2022','01','02','라벨','라벨','N','N','N','N','N','N','145','Y','SYSTEM',NOW(),'SYSTEM',NOW()),
('PE_L',NULL,'PE_L_A','2022','01','A','최우수','최우수','N','N','N','N','N','N','146','Y','SYSTEM',NOW(),'SYSTEM',NOW()),
('PE_L',NULL,'PE_L_B','2022','01','B','우수','우수','N','N','N','N','N','N','147','Y','SYSTEM',NOW(),'SYSTEM',NOW()),
('PE_L',NULL,'PE_L_C','2022','01','C','보통','보통','N','N','N','N','N','N','148','Y','SYSTEM',NOW(),'SYSTEM',NOW()),
('PE_L',NULL,'PE_L_D','2022','01','D','어려움','어려움','N','N','N','N','N','N','149','Y','SYSTEM',NOW(),'SYSTEM',NOW()),
('PE_L_A',NULL,'PE_L_A_01','2022','01','01','비중 1미만, 비접(점)착식 라벨 (절취선 포함) ','비중 1미만, 비접(점)착식 라벨 (절취선 포함) ','Y','N','Y','Y','N','N','150','Y','SYSTEM',NOW(),'SYSTEM',NOW()),
('PE_L_A',NULL,'PE_L_A_02','2022','01','02','비중 1미만 0.5% 미만 열알칼리성 분리 접착제 사용 (가장자리 미도포- 절취선 포함) ','비중 1미만 0.5% 미만 열알칼리성 분리 접착제 사용 (가장자리 미도포- 절취선 포함) ','Y','N','Y','Y','N','N','151','Y','SYSTEM',NOW(),'SYSTEM',NOW()),
('PE_L_B',NULL,'PE_L_B_01','2022','01','01','비중 1 미만, 열알칼리성 분리 접(점)착제 사용도포면적: 전체의 20% 라벨의 60% 이하), (가장자리 미도포- 절취선 포함)','비중 1 미만, 열알칼리성 분리 접(점)착제 사용도포면적: 전체의 20% 라벨의 60% 이하), (가장자리 미도포- 절취선 포함)','Y','N','Y','Y','N','N','152','Y','SYSTEM',NOW(),'SYSTEM',NOW()),
('PE_L_C',NULL,'PE_L_C_01','2022','01','01','비중 1 미만, 비접(점)착식 라벨 (절취선 없음)','비중 1 미만, 비접(점)착식 라벨 (절취선 없음)','Y','N','Y','N','N','N','153','Y','SYSTEM',NOW(),'SYSTEM',NOW()),
('PE_L_C',NULL,'PE_L_C_02','2022','01','02','비중 1 미만 열알칼리성 분리 접(점)착제 사용 (접(점)착제 도표면적: 전체의 20% 라벨의 60% 이하), (가장자리 도포)','비중 1 미만 열알칼리성 분리 접(점)착제 사용 (접(점)착제 도표면적: 전체의 20% 라벨의 60% 이하), (가장자리 도포)','Y','N','N','Y','N','N','154','Y','SYSTEM',NOW(),'SYSTEM',NOW()),
('PE_L_C',NULL,'PE_L_C_03','2022','01','03','비중 1미만, 열알칼리성 분리 접(점)착제 사용(접(점)착제 도표면적: 전체의 20%, 라벨의 60% 초과)','비중 1미만, 열알칼리성 분리 접(점)착제 사용(접(점)착제 도표면적: 전체의 20%, 라벨의 60% 초과)','Y','N','N','Y','N','N','155','Y','SYSTEM',NOW(),'SYSTEM',NOW()),
('PE_L_C',NULL,'PE_L_C_04','2022','01','04','비중 1 이상의 합성수지 (절취선 포함) (색상,재질 구분 불필요) ','비중 1 이상의 합성수지 (절취선 포함) (색상,재질 구분 불필요) ','Y','N','Y','N','N','N','156','Y','SYSTEM',NOW(),'SYSTEM',NOW()),
('PE_L_D',NULL,'PE_L_D_01','2022','01','01','비중 1이상의 합성수지 (절취선이 없거나 가장자리 도포) (재질 구분 불필요) ','비중 1이상의 합성수지 (절취선이 없거나 가장자리 도포) (재질 구분 불필요) ','N','N','N','N','N','N','157','Y','SYSTEM',NOW(),'SYSTEM',NOW()),
('PE_L_D',NULL,'PE_L_D_02','2022','01','02','열알칼리성 분리가 불가능한 접(점)착제 사용','열알칼리성 분리가 불가능한 접(점)착제 사용','N','N','N','N','N','N','158','Y','SYSTEM',NOW(),'SYSTEM',NOW()),
('PE_L_D',NULL,'PE_L_D_03','2022','01','03','직접 인쇄(유통기간 및 제조일자 표시 제외)','직접 인쇄(유통기간 및 제조일자 표시 제외)','N','N','N','N','N','N','159','Y','SYSTEM',NOW(),'SYSTEM',NOW()),
('PE_L_D',NULL,'PE_L_D_04','2022','01','04','PVC 계열의 재질','PVC 계열의 재질','N','N','N','N','N','N','160','Y','SYSTEM',NOW(),'SYSTEM',NOW()),
('PE_L_D',NULL,'PE_L_D_05','2022','01','05','금속혼입재질','금속혼입재질','N','N','N','N','N','N','161','Y','SYSTEM',NOW(),'SYSTEM',NOW()),
('PE_L_D',NULL,'PE_L_D_06','2022','01','06','비중 1이상의 합성수지 (재질 구분 불필요)','비중 1이상의 합성수지 (재질 구분 불필요)','N','N','N','N','N','N','162','Y','SYSTEM',NOW(),'SYSTEM',NOW()),
('GROUP_ID',NULL,'TR','2022','01','08','단일재질 용기, 트레이류(페트병, 발포합성수지 제외)','단일재질 용기, 트레이류(페트병, 발포합성수지 제외)','N','N','N','N','N','N','163','Y','SYSTEM',NOW(),'SYSTEM',NOW()),
('TR',NULL,'TR_B','2022','01','01','몸체','몸체','N','N','N','N','N','N','164','Y','SYSTEM',NOW(),'SYSTEM',NOW()),
('TR_B',NULL,'TR_B_B','2022','01','B','우수','우수','N','N','N','N','N','N','165','Y','SYSTEM',NOW(),'SYSTEM',NOW()),
('TR_B',NULL,'TR_B_D','2022','01','D','어려움','어려움','N','N','N','N','N','N','166','Y','SYSTEM',NOW(),'SYSTEM',NOW()),
('TR_B_B',NULL,'TR_B_B_01','2022','01','01','PET 재질','PET 재질','Y','N','Y','N','N','N','167','Y','SYSTEM',NOW(),'SYSTEM',NOW()),
('TR_B_B',NULL,'TR_B_B_02','2022','01','02','PP 재질','PP 재질','Y','N','N','N','N','N','168','Y','SYSTEM',NOW(),'SYSTEM',NOW()),
('TR_B_B',NULL,'TR_B_B_03','2022','01','03','PS 재질','PS 재질','Y','N','Y','N','N','N','169','Y','SYSTEM',NOW(),'SYSTEM',NOW()),
('TR_B_B',NULL,'TR_B_B_04','2022','01','04','기타 단일재질','기타 단일재질','Y','N','N','N','N','N','170','Y','SYSTEM',NOW(),'SYSTEM',NOW()),
('TR_B_B',NULL,'TR_B_B_05','2022','01','05','단일재질 무색 페트','단일재질 무색 페트','Y','N','N','N','N','N','171','Y','SYSTEM',NOW(),'SYSTEM',NOW()),
('TR_B_D',NULL,'TR_B_D_01','2022','01','01','PET-G 수질 혼합','PET-G 수질 혼합','N','N','N','N','N','N','172','Y','SYSTEM',NOW(),'SYSTEM',NOW()),
('TR_B_D',NULL,'TR_B_D_02','2022','01','02','유색 PET 재질','유색 PET 재질','N','N','N','N','N','N','173','Y','SYSTEM',NOW(),'SYSTEM',NOW()),
('TR_B_D',NULL,'TR_B_D_03','2022','01','03','PVC 계열의 재질','PVC 계열의 재질','N','N','N','N','N','N','174','Y','SYSTEM',NOW(),'SYSTEM',NOW()),
('TR',NULL,'TR_C','2022','01','04','라벨, 마개및잡자재','라벨, 마개및잡자재','N','N','N','N','N','N','175','Y','SYSTEM',NOW(),'SYSTEM',NOW()),
('TR_C',NULL,'TR_C_B','2022','01','B','우수','우수','N','N','N','N','N','N','176','Y','SYSTEM',NOW(),'SYSTEM',NOW()),
('TR_C',NULL,'TR_C_C','2022','01','C','보통','보통','N','N','N','N','N','N','177','Y','SYSTEM',NOW(),'SYSTEM',NOW()),
('TR_C',NULL,'TR_C_D','2022','01','D','어려움','어려움','N','N','N','N','N','N','178','Y','SYSTEM',NOW(),'SYSTEM',NOW()),
('TR_C_B',NULL,'TR_C_B_01','2022','01','01','몸체가 PET 재질- 미사용','몸체가 PET 재질- 미사용','Y','N','N','N','N','N','179','Y','SYSTEM',NOW(),'SYSTEM',NOW()),
('TR_C_B',NULL,'TR_C_B_02','2022','01','02','몸체가 PET 재질- 비접(점)착식 (재질 구분 불필요)','몸체가 PET 재질- 비접(점)착식 (재질 구분 불필요)','Y','N','Y','N','N','N','180','Y','SYSTEM',NOW(),'SYSTEM',NOW()),
('TR_C_B',NULL,'TR_C_B_03','2022','01','03','몸체가 PET 이외재질 - 미사용','몸체가 PET 이외재질 - 미사용','Y','N','N','N','N','N','181','Y','SYSTEM',NOW(),'SYSTEM',NOW()),
('TR_C_B',NULL,'TR_C_B_04','2022','01','04','몸체가 PET 이외재질 - 몸체에 직접 인쇄','몸체가 PET 이외재질 - 몸체에 직접 인쇄','Y','N','Y','N','N','N','182','Y','SYSTEM',NOW(),'SYSTEM',NOW()),
('TR_C_B',NULL,'TR_C_B_05','2022','01','05','몸체가 PET 이외재질 - 몸체와 동일한 재질 | 몸체가 PE /PP 재질이면서 라벨, 마개 및 잡자재에 몸체와 다른 올레핀계열(PE,PP 등) 재질이 혼합된 경우 동일한 재질로 인정)','몸체가 PET 이외재질 - 몸체와 동일한 재질 | 몸체가 PE /PP 재질이면서 라벨, 마개 및 잡자재에 몸체와 다른 올레핀계열(PE,PP 등) 재질이 혼합된 경우 동일한 재질로 인정)','Y','N','N','N','N','N','183','Y','SYSTEM',NOW(),'SYSTEM',NOW()),
('TR_C_C',NULL,'TR_C_C_01','2022','01','01','몸체가 PET 재질- 접(점)착식','몸체가 PET 재질- 접(점)착식','Y','N','N','Y','N','N','184','Y','SYSTEM',NOW(),'SYSTEM',NOW()),
('TR_C_C',NULL,'TR_C_C_02','2022','01','02','몸체가 PET 재질- 직접인쇄 (재질 구분 불필요)','몸체가 PET 재질- 직접인쇄 (재질 구분 불필요)','Y','N','Y','N','N','N','185','Y','SYSTEM',NOW(),'SYSTEM',NOW()),
('TR_C_C',NULL,'TR_C_C_03','2022','01','03','몸체가 PET 이외재질- 몸체와 다른 재질로써 몸체와 분리가 가능(재질 구분 불필요)','몸체가 PET 이외재질- 몸체와 다른 재질로써 몸체와 분리가 가능(재질 구분 불필요)','Y','N','N','N','N','N','186','Y','SYSTEM',NOW(),'SYSTEM',NOW()),
('TR_C_C',NULL,'TR_C_C_04','2022','01','04','몸체가 PET 이외재질- 몸체와 다른 재질로써 몸체와 분리 불가능하나, 어린이보호포장에 관한 안전기준 준수를 위한 경우(재질 구분 불필요)','몸체가 PET 이외재질- 몸체와 다른 재질로써 몸체와 분리 불가능하나, 어린이보호포장에 관한 안전기준 준수를 위한 경우(재질 구분 불필요)','Y','N','N','N','N','N','187','Y','SYSTEM',NOW(),'SYSTEM',NOW()),
('TR_C_D',NULL,'TR_C_D_01','2022','01','01','몸체가 PET 재질 - PVC 계열 재질','몸체가 PET 재질 - PVC 계열 재질','N','N','N','N','N','N','188','Y','SYSTEM',NOW(),'SYSTEM',NOW()),
('TR_C_D',NULL,'TR_C_D_02','2022','01','02','몸체가 PET 이외재질- PVC 계열 재질','몸체가 PET 이외재질- PVC 계열 재질','N','N','N','N','N','N','189','Y','SYSTEM',NOW(),'SYSTEM',NOW()),
('TR_C_D',NULL,'TR_C_D_03','2022','01','03','몸체가 PET 이외재질- 몸체와 다른 재질로써 몸체와 분리 불가능(재질 구분 불필요)','몸체가 PET 이외재질- 몸체와 다른 재질로써 몸체와 분리 불가능(재질 구분 불필요)','N','N','N','N','N','N','190','Y','SYSTEM',NOW(),'SYSTEM',NOW()),
('TR_C_D',NULL,'TR_C_D_04','2022','01','04','몸체가 PET 이외재질-합성수지 이외의 재질이 함유된 리드 또는 마개를 쓰면서 빨대가 부착된 경우 ','몸체가 PET 이외재질-합성수지 이외의 재질이 함유된 리드 또는 마개를 쓰면서 빨대가 부착된 경우 ','N','N','N','N','N','N','191','Y','SYSTEM',NOW(),'SYSTEM',NOW()),
('GROUP_ID',NULL,'OT','2022','01','OT','복합재질 용기·트레이 및 단일·복합재질 필름·시트류(페트병, 발포합성수지 제외)','복합재질 용기·트레이 및 단일·복합재질 필름·시트류(페트병, 발포합성수지 제외)','N','N','N','N','N','N','192','Y','SYSTEM',NOW(),'SYSTEM',NOW()),
('OT',NULL,'OT_B','2022','01','01','몸체','몸체','N','N','N','N','N','N','193','Y','SYSTEM',NOW(),'SYSTEM',NOW()),
('OT_B',NULL,'OT_B_B','2022','01','B','우수','우수','N','N','N','N','N','N','194','Y','SYSTEM',NOW(),'SYSTEM',NOW()),
('OT_B',NULL,'OT_B_C','2022','01','C','보통','보통','N','N','N','N','N','N','195','Y','SYSTEM',NOW(),'SYSTEM',NOW()),
('OT_B',NULL,'OT_B_D','2022','01','D','어려움','어려움','N','N','N','N','N','N','196','Y','SYSTEM',NOW(),'SYSTEM',NOW()),
('OT_B_B',NULL,'OT_B_B_01','2022','01','01','복합재질 합성수지 용기·트레이(2가지 이상의 합성수지 재질)','복합재질 합성수지 용기·트레이(2가지 이상의 합성수지 재질)','Y','N','N','N','N','N','197','Y','SYSTEM',NOW(),'SYSTEM',NOW()),
('OT_B_B',NULL,'OT_B_B_02','2022','01','02','복합재질 합성수지 용기·트레이(합성수지+ 합성수지 이외 재질이 복합된 경우)','복합재질 합성수지 용기·트레이(합성수지+ 합성수지 이외 재질이 복합된 경우)','Y','N','N','N','N','N','198','Y','SYSTEM',NOW(),'SYSTEM',NOW()),
('OT_B_B',NULL,'OT_B_B_03','2022','01','03','단일재질 필름시트류','단일재질 필름시트류','Y','N','N','N','N','N','199','Y','SYSTEM',NOW(),'SYSTEM',NOW()),
('OT_B_B',NULL,'OT_B_B_04','2022','01','04','복합재질 필름시트류 (2가지 이상의 합성수지 재질)','복합재질 필름시트류 (2가지 이상의 합성수지 재질)','Y','N','N','N','N','N','200','Y','SYSTEM',NOW(),'SYSTEM',NOW()),
('OT_B_B',NULL,'OT_B_B_05','2022','01','05','복합재질 필름시트류(합성수지+합성수지 이외 재질(알루미늄 제외))','복합재질 필름시트류(합성수지+합성수지 이외 재질(알루미늄 제외))','Y','N','N','N','N','N','201','Y','SYSTEM',NOW(),'SYSTEM',NOW()),
('OT_B_B',NULL,'OT_B_B_06','2022','01','06','복합재질 필름시트류(알루미늄 두께 20㎛ 이하)','복합재질 필름시트류(알루미늄 두께 20㎛ 이하)','Y','N','N','Y','N','N','202','Y','SYSTEM',NOW(),'SYSTEM',NOW()),
('OT_B_C',NULL,'OT_B_C_01','2022','01','01','복합재질 필름 시트류(알루미늄 두께 20㎛ 초과)','복합재질 필름 시트류(알루미늄 두께 20㎛ 초과)','Y','N','N','Y','N','N','203','Y','SYSTEM',NOW(),'SYSTEM',NOW()),
('OT_B_D',NULL,'OT_B_D_01','2022','01','01','합성수지 이외 재질 병합사용 (알루미늄재질 20㎛ 이하사용 미포함)','합성수지 이외 재질 병합사용 (알루미늄재질 20㎛ 이하사용 미포함)','N','N','N','N','N','N','204','Y','SYSTEM',NOW(),'SYSTEM',NOW()),
('OT_B_D',NULL,'OT_B_D_02','2022','01','02','PVC 계열의 재질','PVC 계열의 재질','N','N','N','N','N','N','205','Y','SYSTEM',NOW(),'SYSTEM',NOW()),
('OT',NULL,'OT_C','2022','01','04','라벨, 마개및잡자재','라벨, 마개및잡자재','N','N','N','N','N','N','206','Y','SYSTEM',NOW(),'SYSTEM',NOW()),
('OT_C',NULL,'OT_C_B','2022','01','B','우수','우수','N','N','N','N','N','N','207','Y','SYSTEM',NOW(),'SYSTEM',NOW()),
('OT_C',NULL,'OT_C_C','2022','01','C','보통','보통','N','N','N','N','N','N','208','Y','SYSTEM',NOW(),'SYSTEM',NOW()),
('OT_C',NULL,'OT_C_D','2022','01','D','어려움','어려움','N','N','N','N','N','N','209','Y','SYSTEM',NOW(),'SYSTEM',NOW()),
('OT_C_B',NULL,'OT_C_B_01','2022','01','01','미사용','미사용','Y','N','Y','N','N','N','210','Y','SYSTEM',NOW(),'SYSTEM',NOW()),
('OT_C_B',NULL,'OT_C_B_02','2022','01','02','합성수지 재질','합성수지 재질','Y','N','N','N','N','N','211','Y','SYSTEM',NOW(),'SYSTEM',NOW()),
('OT_C_B',NULL,'OT_C_B_03','2022','01','03','몸체에 직접 인쇄 (재질 구분 불필요)','몸체에 직접 인쇄 (재질 구분 불필요)','Y','N','Y','N','N','N','212','Y','SYSTEM',NOW(),'SYSTEM',NOW()),
('OT_C_C',NULL,'OT_C_C_01','2022','01','01','합성수지 이외의 재질로 몸체와 분리 가능(재질 구분 불필요)','합성수지 이외의 재질로 몸체와 분리 가능(재질 구분 불필요)','Y','N','Y','N','N','N','213','Y','SYSTEM',NOW(),'SYSTEM',NOW()),
('OT_C_D',NULL,'OT_C_D_01','2022','01','01','PVC 계열의 재질','PVC 계열의 재질','N','N','N','N','N','N','214','Y','SYSTEM',NOW(),'SYSTEM',NOW()),
('OT_C_D',NULL,'OT_C_D_02','2022','01','02','합성수지 이외의 재질로 몸체와 분리 불가능한 경우 (재질 구분 불필요)','합성수지 이외의 재질로 몸체와 분리 불가능한 경우 (재질 구분 불필요)','N','N','N','N','N','N','215','Y','SYSTEM',NOW(),'SYSTEM',NOW()),
('GROUP_ID',NULL,'PA','2021','09','01','종이팩','종이팩','N','N','N','N','N','N','216','Y','SYSTEM',NOW(),'SYSTEM',NOW()),
('PA',NULL,'PA_B','2021','09','01','몸체','몸체','N','N','N','N','N','N','217','Y','SYSTEM',NOW(),'SYSTEM',NOW()),
('PA_B',NULL,'PA_B_B','2021','09','B','우수','우수','N','N','N','N','N','N','218','Y','SYSTEM',NOW(),'SYSTEM',NOW()),
('PA_B',NULL,'PA_B_D','2021','09','D','어려움','어려움','N','N','N','N','N','N','219','Y','SYSTEM',NOW(),'SYSTEM',NOW()),
('PA_B_B',NULL,'PA_B_B_01','2021','09','01','알루미늄 첩합 구조 미사용','알루미늄 첩합 구조 미사용','Y','Y','N','N','N','N','220','Y','SYSTEM',NOW(),'SYSTEM',NOW()),
('PA_B_D',NULL,'PA_B_D_01','2021','09','01','알루미늄 첩합 구조를 사용한 종이팩','알루미늄 첩합 구조를 사용한 종이팩','N','N','N','N','N','N','221','Y','SYSTEM',NOW(),'SYSTEM',NOW()),
('PA_B_D',NULL,'PA_B_D_02','2021','09','02','백색을 제외한 펄프를 사용한 제품','백색을 제외한 펄프를 사용한 제품','N','N','N','N','N','N','222','Y','SYSTEM',NOW(),'SYSTEM',NOW()),
('PA',NULL,'PA_G','2021','09','03','마개및잡자재','마개및잡자재','N','N','N','N','N','N','223','Y','SYSTEM',NOW(),'SYSTEM',NOW()),
('PA_G',NULL,'PA_G_B','2021','09','B','우수','우수','N','N','N','N','N','N','224','Y','SYSTEM',NOW(),'SYSTEM',NOW()),
('PA_G',NULL,'PA_G_C','2021','09','C','보통','보통','N','N','N','N','N','N','225','Y','SYSTEM',NOW(),'SYSTEM',NOW()),
('PA_G',NULL,'PA_G_D','2021','09','D','어려움','어려움','N','N','N','N','N','N','226','Y','SYSTEM',NOW(),'SYSTEM',NOW()),
('PA_G_B',NULL,'PA_G_B_01','2021','09','01','미사용','미사용','Y','N','N','N','N','N','227','Y','SYSTEM',NOW(),'SYSTEM',NOW()),
('PA_G_C',NULL,'PA_G_C_01','2021','09','01','몸체와 분리 가능한 마개 또는 성형 구조물','몸체와 분리 가능한 마개 또는 성형 구조물','Y','Y','N','N','N','N','228','Y','SYSTEM',NOW(),'SYSTEM',NOW()),
('PA_G_C',NULL,'PA_G_C_02','2021','09','02','몸체와 분리 불가능한 PE재질의 마개 및 잡자개가 전체중량의 10% 이내','몸체와 분리 불가능한 PE재질의 마개 및 잡자개가 전체중량의 10% 이내','Y','Y','N','N','N','N','229','Y','SYSTEM',NOW(),'SYSTEM',NOW()),
('PA_G_D',NULL,'PA_G_D_01','2021','09','01','몸체와 분리가 불가능한 합성수지 마개 또는 성형 구조물','몸체와 분리가 불가능한 합성수지 마개 또는 성형 구조물','N','N','N','N','N','N','230','Y','SYSTEM',NOW(),'SYSTEM',NOW()),
('PA_G_D',NULL,'PA_G_D_02','2021','09','02','PE재질의 마개 및 잡자재가 포장재 전체 중량의 10% 초과','PE재질의 마개 및 잡자재가 포장재 전체 중량의 10% 초과','N','N','N','N','N','N','231','Y','SYSTEM',NOW(),'SYSTEM',NOW()),
('GROUP_ID',NULL,'GL','2021','09','02','유리병','유리병','N','N','N','N','N','N','232','Y','SYSTEM',NOW(),'SYSTEM',NOW()),
('GL',NULL,'GL_B','2021','09','01','몸체','몸체','N','N','N','N','N','N','233','Y','SYSTEM',NOW(),'SYSTEM',NOW()),
('GL_B',NULL,'GL_B_B','2021','09','B','우수','우수','N','N','N','N','N','N','234','Y','SYSTEM',NOW(),'SYSTEM',NOW()),
('GL_B',NULL,'GL_B_C','2021','09','C','보통','보통','N','N','N','N','N','N','235','Y','SYSTEM',NOW(),'SYSTEM',NOW()),
('GL_B',NULL,'GL_B_D','2021','09','D','어려움','어려움','N','N','N','N','N','N','236','Y','SYSTEM',NOW(),'SYSTEM',NOW()),
('GL_B_B',NULL,'GL_B_B_01','2021','09','01','무색','무색','Y','Y','N','N','N','N','237','Y','SYSTEM',NOW(),'SYSTEM',NOW()),
('GL_B_B',NULL,'GL_B_B_02','2021','09','02','녹색','녹색','Y','Y','N','N','N','N','238','Y','SYSTEM',NOW(),'SYSTEM',NOW()),
('GL_B_B',NULL,'GL_B_B_03','2021','09','03','갈색','갈색','Y','Y','N','N','N','N','239','Y','SYSTEM',NOW(),'SYSTEM',NOW()),
('GL_B_C',NULL,'GL_B_C_01','2021','09','01','몸체에 표면코팅 또는 도색','몸체에 표면코팅 또는 도색','Y','Y','N','N','N','N','240','Y','SYSTEM',NOW(),'SYSTEM',NOW()),
('GL_B_D',NULL,'GL_B_D_01','2021','09','01','무색, 갈색, 녹색 이외의 색상','무색, 갈색, 녹색 이외의 색상','N','N','N','N','N','N','241','Y','SYSTEM',NOW(),'SYSTEM',NOW()),
('GL_B_D',NULL,'GL_B_D_02','2021','09','02','검정에 가까운 짙은 녹색 등 일반적인 녹/갈색이 아닌 색상','검정에 가까운 짙은 녹색 등 일반적인 녹/갈색이 아닌 색상','N','N','N','N','N','N','242','Y','SYSTEM',NOW(),'SYSTEM',NOW()),
('GL',NULL,'GL_L','2021','09','02','라벨','라벨','N','N','N','N','N','N','243','Y','SYSTEM',NOW(),'SYSTEM',NOW()),
('GL_L',NULL,'GL_L_B','2021','09','B','우수','우수','N','N','N','N','N','N','244','Y','SYSTEM',NOW(),'SYSTEM',NOW()),
('GL_L',NULL,'GL_L_C','2021','09','C','보통','보통','N','N','N','N','N','N','245','Y','SYSTEM',NOW(),'SYSTEM',NOW()),
('GL_L',NULL,'GL_L_D','2021','09','D','어려움','어려움','N','N','N','N','N','N','246','Y','SYSTEM',NOW(),'SYSTEM',NOW()),
('GL_L_B',NULL,'GL_L_B_01','2021','09','01','미사용(유통기한 및 제조일자만 표시된 경우 포함)','미사용(유통기한 및 제조일자만 표시된 경우 포함)','Y','N','Y','N','N','N','247','Y','SYSTEM',NOW(),'SYSTEM',NOW()),
('GL_L_B',NULL,'GL_L_B_02','2021','09','02','종이재질','종이재질','Y','Y','N','N','N','N','248','Y','SYSTEM',NOW(),'SYSTEM',NOW()),
('GL_L_B',NULL,'GL_L_B_03','2021','09','03','절취선을 포함한 비접(점)착식 합성수지 재질','절취선을 포함한 비접(점)착식 합성수지 재질','Y','Y','Y','N','N','N','249','Y','SYSTEM',NOW(),'SYSTEM',NOW()),
('GL_L_B',NULL,'GL_L_C_01','2021','09','01','접(점)착제가 사용된 합성수지 재질로서 몸체와 분리 가능한 경우','접(점)착제가 사용된 합성수지 재질로서 몸체와 분리 가능한 경우','Y','Y','N','N','N','N','250','Y','SYSTEM',NOW(),'SYSTEM',NOW()),
('GL_L_C',NULL,'GL_L_C_02','2021','09','02','절취선을 포함하지 않은 비접(점)착식 합성수지 재질','절취선을 포함하지 않은 비접(점)착식 합성수지 재질','Y','Y','Y','N','N','N','251','Y','SYSTEM',NOW(),'SYSTEM',NOW()),
('GL_L_C',NULL,'GL_L_C_03','2021','09','03','접(점)착제가 사용된 합성수지 재질로서 몸체와 분리가능한 경우','접(점)착제가 사용된 합성수지 재질로서 몸체와 분리가능한 경우','Y','Y','N','N','N','N','252','Y','SYSTEM',NOW(),'SYSTEM',NOW()),
('GL_L_C',NULL,'GL_L_C_04','2021','09','04','몸체에 직접 인쇄 (유통기간 및 제조일자 표시 제외)','몸체에 직접 인쇄 (유통기간 및 제조일자 표시 제외)','Y','Y','N','N','N','N','253','Y','SYSTEM',NOW(),'SYSTEM',NOW()),
('GL_L_C',NULL,'GL_L_D_01','2021','09','01','라벨을 분리하여 배출하도록 유도하는 문구를 기재하지 않은경우','라벨을 분리하여 배출하도록 유도하는 문구를 기재하지 않은경우','N','N','N','N','N','N','254','Y','SYSTEM',NOW(),'SYSTEM',NOW()),
('GL_L_D',NULL,'GL_L_D_02','2021','09','02','접(점)착제가 사용된 합성수지 재질로서 몸체와 분리 불가능한 경우','접(점)착제가 사용된 합성수지 재질로서 몸체와 분리 불가능한 경우','N','N','N','N','N','N','255','Y','SYSTEM',NOW(),'SYSTEM',NOW()),
('GL_L_D',NULL,'GL_L_D_03','2021','09','03','금속혼입재질','금속혼입재질','N','N','N','N','N','N','256','Y','SYSTEM',NOW(),'SYSTEM',NOW()),
('GROUP_ID',NULL,'PA','2022','01','01','종이팩','종이팩','N','N','N','N','N','N','1','Y','SYSTEM',NOW(),'SYSTEM',NOW()),
('GL',NULL,'GL_G','2021','09','03','마개및잡자재','마개및잡자재','N','N','N','N','N','N','258','Y','SYSTEM',NOW(),'SYSTEM',NOW()),
('GL_G',NULL,'GL_G_B','2021','09','B','우수','우수','N','N','N','N','N','N','259','Y','SYSTEM',NOW(),'SYSTEM',NOW()),
('GL_G',NULL,'GL_G_C','2021','09','C','보통','보통','N','N','N','N','N','N','260','Y','SYSTEM',NOW(),'SYSTEM',NOW()),
('GL_G',NULL,'GL_G_D','2021','09','D','어려움','어려움','N','N','N','N','N','N','261','Y','SYSTEM',NOW(),'SYSTEM',NOW()),
('GL_G_B',NULL,'GL_G_B_01','2021','09','01','뚜껑.테 일체형 구조','뚜껑.테 일체형 구조','Y','N','N','N','N','N','262','Y','SYSTEM',NOW(),'SYSTEM',NOW()),
('GL_G_B',NULL,'GL_G_B_02','2021','09','02','몸체와 분리가능한 마개 및 잡자재','몸체와 분리가능한 마개 및 잡자재','Y','Y','N','N','N','N','263','Y','SYSTEM',NOW(),'SYSTEM',NOW()),
('GL_G_C',NULL,'GL_G_C_01','2021','09','01','몸체와 분리가 가능한 마개 및 잡자재','몸체와 분리가 가능한 마개 및 잡자재','Y','Y','N','N','N','N','264','Y','SYSTEM',NOW(),'SYSTEM',NOW()),
('GL_G_D',NULL,'GL_G_D_01','2021','09','01','합성수지를 덧씌운 금속 마개','합성수지를 덧씌운 금속 마개','N','N','N','N','N','N','265','Y','SYSTEM',NOW(),'SYSTEM',NOW()),
('GL_G_D',NULL,'GL_G_D_02','2021','09','02','뚜껑·테 분리형 구조','뚜껑·테 분리형 구조','N','N','N','N','N','N','266','Y','SYSTEM',NOW(),'SYSTEM',NOW()),
('GL_G_D',NULL,'GL_G_D_03','2021','09','03','몸체와 분리가 불가능한 마개 및 잡자재','몸체와 분리가 불가능한 마개 및 잡자재','N','N','N','N','N','N','267','Y','SYSTEM',NOW(),'SYSTEM',NOW()),
('GROUP_ID',NULL,'CA','2021','09','03','금속캔','금속캔','N','N','N','N','N','N','268','Y','SYSTEM',NOW(),'SYSTEM',NOW()),
('CA',NULL,'CA_B','2021','09','01','몸체','몸체','N','N','N','N','N','N','269','Y','SYSTEM',NOW(),'SYSTEM',NOW()),
('CA_B',NULL,'CA_B_B','2021','09','B','우수','우수','N','N','N','N','N','N','270','Y','SYSTEM',NOW(),'SYSTEM',NOW()),
('CA_B',NULL,'CA_B_C','2021','09','C','보통','보통','N','N','N','N','N','N','271','Y','SYSTEM',NOW(),'SYSTEM',NOW()),
('CA_B_B',NULL,'CA_B_B_01','2021','09','01','금속 철캔','금속 철캔','Y','Y','N','N','N','N','272','Y','SYSTEM',NOW(),'SYSTEM',NOW()),
('CA_B_C',NULL,'CA_B_C_01','2021','09','01','철 이외의 복합재질','철 이외의 복합재질','Y','Y','N','N','N','N','273','Y','SYSTEM',NOW(),'SYSTEM',NOW()),
('CA',NULL,'CA_L','2021','09','02','라벨','라벨','N','N','N','N','N','N','274','Y','SYSTEM',NOW(),'SYSTEM',NOW()),
('CA_L',NULL,'CA_L_B','2021','09','B','우수','우수','N','N','N','N','N','N','275','Y','SYSTEM',NOW(),'SYSTEM',NOW()),
('CA_L',NULL,'CA_L_C','2021','09','C','보통','보통','N','N','N','N','N','N','276','Y','SYSTEM',NOW(),'SYSTEM',NOW()),
('CA_L_B',NULL,'CA_L_B_01','2021','09','01','몸체에 직접 인쇄','몸체에 직접 인쇄','Y','Y','N','N','N','N','277','Y','SYSTEM',NOW(),'SYSTEM',NOW()),
('CA_L_B',NULL,'CA_L_B_02','2021','09','02','미사용','미사용','Y','N','N','N','N','N','278','Y','SYSTEM',NOW(),'SYSTEM',NOW()),
('CA_L_C',NULL,'CA_L_C_01','2021','09','01','종이 합성수지 라벨 부착','종이 합성수지 라벨 부착','Y','Y','Y','N','N','N','279','Y','SYSTEM',NOW(),'SYSTEM',NOW()),
('CA',NULL,'CA_G','2021','09','03','마개및잡자재','마개및잡자재','N','N','N','N','N','N','280','Y','SYSTEM',NOW(),'SYSTEM',NOW()),
('CA_G',NULL,'CA_G_B','2021','09','B','우수','우수','N','N','N','N','N','N','281','Y','SYSTEM',NOW(),'SYSTEM',NOW()),
('CA_G',NULL,'CA_G_C','2021','09','C','보통','보통','N','N','N','N','N','N','282','Y','SYSTEM',NOW(),'SYSTEM',NOW()),
('CA_G_B',NULL,'CA_G_B_01','2021','09','01','몸체와 동일한 재질','몸체와 동일한 재질','Y','N','N','N','N','N','283','Y','SYSTEM',NOW(),'SYSTEM',NOW()),
('CA_G_B',NULL,'CA_G_B_02','2021','09','02','알루미늄 재질','알루미늄 재질','Y','N','N','N','N','N','284','Y','SYSTEM',NOW(),'SYSTEM',NOW()),
('CA_G_C',NULL,'CA_G_C_01','2021','09','01','철, 알루미늄 이외의 재질','철, 알루미늄 이외의 재질','Y','N','N','N','N','N','285','Y','SYSTEM',NOW(),'SYSTEM',NOW()),
('GROUP_ID',NULL,'AL','2021','09','04','금속캔(알루미늄)','금속캔(알루미늄)','N','N','N','N','N','N','286','Y','SYSTEM',NOW(),'SYSTEM',NOW()),
('AL',NULL,'AL_B','2021','09','01','몸체','몸체','N','N','N','N','N','N','287','Y','SYSTEM',NOW(),'SYSTEM',NOW()),
('AL_B',NULL,'AL_B_B','2021','09','B','우수','우수','N','N','N','N','N','N','288','Y','SYSTEM',NOW(),'SYSTEM',NOW()),
('AL_B',NULL,'AL_B_D','2021','09','D','어려움','어려움','N','N','N','N','N','N','289','Y','SYSTEM',NOW(),'SYSTEM',NOW()),
('AL_B_B',NULL,'AL_B_B_01','2021','09','01','금속 알루미늄 캔','금속 알루미늄 캔','Y','Y','N','N','N','N','290','Y','SYSTEM',NOW(),'SYSTEM',NOW()),
('AL_B_D',NULL,'AL_B_D_01','2021','09','01','알루미늄 이외의 복합재질 구조','알루미늄 이외의 복합재질 구조','N','N','N','N','N','N','291','Y','SYSTEM',NOW(),'SYSTEM',NOW()),
('AL',NULL,'AL_L','2021','09','02','라벨','라벨','N','N','N','N','N','N','292','Y','SYSTEM',NOW(),'SYSTEM',NOW()),
('AL_L',NULL,'AL_L_B','2021','09','B','우수','우수','N','N','N','N','N','N','293','Y','SYSTEM',NOW(),'SYSTEM',NOW()),
('AL_L',NULL,'AL_L_C','2021','09','C','보통','보통','N','N','N','N','N','N','294','Y','SYSTEM',NOW(),'SYSTEM',NOW()),
('AL_L',NULL,'AL_L_D','2021','09','D','어려움','어려움','N','N','N','N','N','N','295','Y','SYSTEM',NOW(),'SYSTEM',NOW()),
('AL_L_B',NULL,'AL_L_B_01','2021','09','01','몸체에 직접 인쇄','몸체에 직접 인쇄','Y','Y','N','N','N','N','296','Y','SYSTEM',NOW(),'SYSTEM',NOW()),
('AL_L_B',NULL,'AL_L_B_02','2021','09','02','미사용','미사용','Y','N','N','N','N','N','297','Y','SYSTEM',NOW(),'SYSTEM',NOW()),
('AL_L_B',NULL,'AL_L_B_03','2021','09','03','몸체와 다른 재질로서 몸체와 분리 가능한 경우','몸체와 다른 재질로서 몸체와 분리 가능한 경우','Y','Y','N','N','N','N','298','Y','SYSTEM',NOW(),'SYSTEM',NOW()),
('AL_L_C',NULL,'AL_L_C_01','2021','09','01','몸체와 동일한 재질','몸체와 동일한 재질','Y','N','N','N','N','N','299','Y','SYSTEM',NOW(),'SYSTEM',NOW()),
('AL_L_C',NULL,'AL_L_C_02','2021','09','02','몸체와 다른 재질로서 몸체와 분리가 가능한 경우','몸체와 다른 재질로서 몸체와 분리가 가능한 경우','Y','Y','N','N','N','N','300','Y','SYSTEM',NOW(),'SYSTEM',NOW()),
('AL_L_C',NULL,'AL_L_C_03','2021','09','03','소비자로 하여금 해당 라벨을 분리하여 배출하도록 유도하는 문구를 기재하지 않은 경우','소비자로 하여금 해당 라벨을 분리하여 배출하도록 유도하는 문구를 기재하지 않은 경우','Y','Y','N','N','N','N','301','Y','SYSTEM',NOW(),'SYSTEM',NOW()),
('AL_L_D',NULL,'AL_L_D_01','2021','09','01','몸체와 다른 재질로서 몸체와 분리가 불가능한 경우','몸체와 다른 재질로서 몸체와 분리가 불가능한 경우','N','N','N','N','N','N','302','Y','SYSTEM',NOW(),'SYSTEM',NOW()),
('AL',NULL,'AL_G','2021','09','03','마개및잡자재','마개및잡자재','N','N','N','N','N','N','303','Y','SYSTEM',NOW(),'SYSTEM',NOW()),
('AL_G',NULL,'AL_G_B','2021','09','B','우수','우수','N','N','N','N','N','N','304','Y','SYSTEM',NOW(),'SYSTEM',NOW()),
('AL_G',NULL,'AL_G_C','2021','09','C','보통','보통','N','N','N','N','N','N','305','Y','SYSTEM',NOW(),'SYSTEM',NOW()),
('AL_G',NULL,'AL_G_D','2021','09','D','어려움','어려움','N','N','N','N','N','N','306','Y','SYSTEM',NOW(),'SYSTEM',NOW()),
('AL_G_B',NULL,'AL_G_B_01','2021','09','01','몸체와 동일한 재질','몸체와 동일한 재질','Y','N','N','N','N','N','307','Y','SYSTEM',NOW(),'SYSTEM',NOW()),
('AL_G_B',NULL,'AL_G_B_02','2021','09','02','몸체와 다른 재질로서 몸체와 분리가 가능한 경우','몸체와 다른 재질로서 몸체와 분리가 가능한 경우','Y','Y','N','N','N','N','308','Y','SYSTEM',NOW(),'SYSTEM',NOW()),
('AL_G_C',NULL,'AL_G_C_01','2021','09','01','소비자로 하여금 해당마개 및 잡자재를 분리하여 배출하도록 유도하는 문구를 기재하지 않은 경우','소비자로 하여금 해당마개 및 잡자재를 분리하여 배출하도록 유도하는 문구를 기재하지 않은 경우','Y','Y','N','N','N','N','309','Y','SYSTEM',NOW(),'SYSTEM',NOW()),
('AL_G_D',NULL,'AL_G_D_01','2021','09','01','몸체와 다른 재질로서 몸체와 분리가 불가능한 경우','몸체와 다른 재질로서 몸체와 분리가 불가능한 경우','N','N','N','N','N','N','310','Y','SYSTEM',NOW(),'SYSTEM',NOW()),
('GROUP_ID',NULL,'SY','2021','09','05','일반 발포합성수지 단일·복합재질','일반 발포합성수지 단일·복합재질','N','N','N','N','N','N','311','Y','SYSTEM',NOW(),'SYSTEM',NOW()),
('SY',NULL,'SY_B','2021','09','01','몸체','몸체','N','N','N','N','N','N','312','Y','SYSTEM',NOW(),'SYSTEM',NOW()),
('SY_B',NULL,'SY_B_B','2021','09','B','우수','우수','N','N','N','N','N','N','313','Y','SYSTEM',NOW(),'SYSTEM',NOW()),
('SY_B',NULL,'SY_B_C','2021','09','C','보통','보통','N','N','N','N','N','N','314','Y','SYSTEM',NOW(),'SYSTEM',NOW()),
('SY_B',NULL,'SY_B_D','2021','09','D','어려움','어려움','N','N','N','N','N','N','315','Y','SYSTEM',NOW(),'SYSTEM',NOW()),
('SY_B_B',NULL,'SY_B_B_01','2021','09','01','백색 EPS','백색 EPS','Y','Y','N','N','N','N','316','Y','SYSTEM',NOW(),'SYSTEM',NOW()),
('SY_B_B',NULL,'SY_B_B_02','2021','09','02','백색 EPE','백색 EPE','Y','Y','N','N','N','N','317','Y','SYSTEM',NOW(),'SYSTEM',NOW()),
('SY_B_B',NULL,'SY_B_B_03','2021','09','03','백색 EPP','백색 EPP','Y','Y','N','N','N','N','318','Y','SYSTEM',NOW(),'SYSTEM',NOW()),
('SY_B_B',NULL,'SY_B_B_04','2021','09','04','기타 단일재질 백색','기타 단일재질 백색','Y','Y','N','N','N','N','319','Y','SYSTEM',NOW(),'SYSTEM',NOW()),
('SY_B_C',NULL,'SY_B_C_01','2021','09','01','검은색 EPE','검은색 EPE','Y','N','N','N','N','N','320','Y','SYSTEM',NOW(),'SYSTEM',NOW()),
('SY_B_C',NULL,'SY_B_C_02','2021','09','02','검은색 EPP','검은색 EPP','Y','N','N','N','N','N','321','Y','SYSTEM',NOW(),'SYSTEM',NOW()),
('SY_B_C',NULL,'SY_B_C_03','2021','09','03','복합재질 구조로서 발포합성수지와 기타 재질의 분리가 가능한 경우','복합재질 구조로서 발포합성수지와 기타 재질의 분리가 가능한 경우','Y','Y','N','N','N','N','322','Y','SYSTEM',NOW(),'SYSTEM',NOW()),
('SY_B_D',NULL,'SY_B_D_01','2021','09','01','복합재질 구조로서 발포합성수지와 기타 재질의 분리가 불가능한 경우','복합재질 구조로서 발포합성수지와 기타 재질의 분리가 불가능한 경우','N','N','N','N','N','N','323','Y','SYSTEM',NOW(),'SYSTEM',NOW()),
('SY_B_D',NULL,'SY_B_D_02','2021','09','02','백색 이외의 색상','백색 이외의 색상','N','N','N','N','N','N','324','Y','SYSTEM',NOW(),'SYSTEM',NOW()),
('SY',NULL,'SY_S','2021','09','04','라벨, 마개및잡자재','라벨, 마개및잡자재','N','N','N','N','N','N','325','Y','SYSTEM',NOW(),'SYSTEM',NOW()),
('SY_S',NULL,'SY_S_B','2021','09','B','우수','우수','N','N','N','N','N','N','326','Y','SYSTEM',NOW(),'SYSTEM',NOW()),
('SY_S',NULL,'SY_S_C','2021','09','C','보통','보통','N','N','N','N','N','N','327','Y','SYSTEM',NOW(),'SYSTEM',NOW()),
('SY_S',NULL,'SY_S_D','2021','09','D','어려움','어려움','N','N','N','N','N','N','328','Y','SYSTEM',NOW(),'SYSTEM',NOW()),
('SY_S_B',NULL,'SY_S_B_01','2021','09','01','미사용','미사용','Y','N','N','N','N','N','329','Y','SYSTEM',NOW(),'SYSTEM',NOW()),
('SY_S_B',NULL,'SY_S_B_02','2021','09','02','몸체와 동일한 재질','몸체와 동일한 재질','Y','N','N','N','N','N','330','Y','SYSTEM',NOW(),'SYSTEM',NOW()),
('SY_S_B',NULL,'SY_S_B_03','2021','09','03','몸체와 다른 재질의 라벨로서 몸체와 분리 가능한 경우','몸체와 다른 재질의 라벨로서 몸체와 분리 가능한 경우','Y','Y','N','N','N','N','331','Y','SYSTEM',NOW(),'SYSTEM',NOW()),
('SY_S_C',NULL,'SY_S_C_01','2021','09','01','몸체와 다른 재질로서 몸체와 분리가 가능한 경우','몸체와 다른 재질로서 몸체와 분리가 가능한 경우','Y','Y','N','N','N','N','332','Y','SYSTEM',NOW(),'SYSTEM',NOW()),
('SY_S_D',NULL,'SY_S_D_01','2021','09','01','몸체에 직접 인쇄 (필수사항 표시 제외)','몸체에 직접 인쇄 (필수사항 표시 제외)','N','N','N','N','N','N','333','Y','SYSTEM',NOW(),'SYSTEM',NOW()),
('SY_S_D',NULL,'SY_S_D_02','2021','09','02','몸체와 다른 재질의 라벨로서 몸체와 분리 불가능한 경우','몸체와 다른 재질의 라벨로서 몸체와 분리 불가능한 경우','N','N','N','N','N','N','334','Y','SYSTEM',NOW(),'SYSTEM',NOW()),
('SY_S_D',NULL,'SY_S_D_03','2021','09','03','PVC계열의 재질','PVC계열의 재질','N','N','N','N','N','N','335','Y','SYSTEM',NOW(),'SYSTEM',NOW()),
('GROUP_ID',NULL,'PO','2021','09','06','폴리스티렌페이퍼(PSP)','폴리스티렌페이퍼(PSP)','N','N','N','N','N','N','336','Y','SYSTEM',NOW(),'SYSTEM',NOW()),
('PO',NULL,'PO_B','2021','09','01','몸체','몸체','N','N','N','N','N','N','337','Y','SYSTEM',NOW(),'SYSTEM',NOW()),
('PS_B',NULL,'PS_B_A','2021','09','A','최우수','최우수','N','N','N','N','N','N','338','Y','SYSTEM',NOW(),'SYSTEM',NOW()),
('PS_B',NULL,'PS_B_C','2021','09','C','보통','보통','N','N','N','N','N','N','339','Y','SYSTEM',NOW(),'SYSTEM',NOW()),
('PS_B',NULL,'PS_B_D','2021','09','D','어려움','어려움','N','N','N','N','N','N','340','Y','SYSTEM',NOW(),'SYSTEM',NOW()),
('PS_B_A',NULL,'PS_B_A_01','2021','09','01','백색 단일재질','백색 단일재질','Y','N','N','N','N','N','341','Y','SYSTEM',NOW(),'SYSTEM',NOW()),
('PS_B_C',NULL,'PS_B_C_01','2021','09','01','복합재질 구조(기타 재질과의 조합 포함)로서 분리가능한 경우','복합재질 구조(기타 재질과의 조합 포함)로서 분리가능한 경우','Y','Y','N','N','N','N','342','Y','SYSTEM',NOW(),'SYSTEM',NOW()),
('PS_B_D',NULL,'PS_B_D_01','2021','09','01','복합재질 구조로서 분리불가능한 경우','복합재질 구조로서 분리불가능한 경우','N','N','N','N','N','N','343','Y','SYSTEM',NOW(),'SYSTEM',NOW()),
('PS_B_D',NULL,'PS_B_D_02','2021','09','02','백색 이외의 색상','백색 이외의 색상','N','N','N','N','N','N','344','Y','SYSTEM',NOW(),'SYSTEM',NOW()),
('PO',NULL,'PO_S','2021','09','04','라벨, 마개및잡자재','라벨, 마개및잡자재','N','N','N','N','N','N','345','Y','SYSTEM',NOW(),'SYSTEM',NOW()),
('PS_S',NULL,'PS_S_A','2021','09','A','최우수','최우수','N','N','N','N','N','N','346','Y','SYSTEM',NOW(),'SYSTEM',NOW()),
('PS_S',NULL,'PS_S_B','2021','09','B','우수','우수','N','N','N','N','N','N','347','Y','SYSTEM',NOW(),'SYSTEM',NOW()),
('PS_S',NULL,'PS_S_C','2021','09','C','보통','보통','N','N','N','N','N','N','348','Y','SYSTEM',NOW(),'SYSTEM',NOW()),
('PS_S',NULL,'PS_S_D','2021','09','D','어려움','어려움','N','N','N','N','N','N','349','Y','SYSTEM',NOW(),'SYSTEM',NOW()),
('PS_S_A',NULL,'PS_S_A_01','2021','09','01','미사용','미사용','Y','N','N','N','N','N','350','Y','SYSTEM',NOW(),'SYSTEM',NOW()),
('PS_S_A',NULL,'PS_S_A_02','2021','09','02','몸체와 동일한 재질로써 분리가 가능한 경우','몸체와 동일한 재질로써 분리가 가능한 경우','Y','Y','N','N','N','N','351','Y','SYSTEM',NOW(),'SYSTEM',NOW()),
('PS_S_B',NULL,'PS_S_B_01','2021','09','01','몸체와 다른 재질로써 분리가 가능한 경우','몸체와 다른 재질로써 분리가 가능한 경우','Y','Y','N','N','N','N','352','Y','SYSTEM',NOW(),'SYSTEM',NOW()),
('PS_S_B',NULL,'PS_S_B_02','2021','09','02','직접인쇄(부분인쇄)','직접인쇄(부분인쇄)','Y','Y','N','N','N','N','353','Y','SYSTEM',NOW(),'SYSTEM',NOW()),
('PS_S_C',NULL,'PS_S_C_01','2021','09','01','몸체와 동일한 재질로서 몸체와 분리가 불가능한 경우','몸체와 동일한 재질로서 몸체와 분리가 불가능한 경우','Y','N','N','N','N','N','354','Y','SYSTEM',NOW(),'SYSTEM',NOW()),
('PS_S_D',NULL,'PS_S_D_01','2021','09','01','몸체에 직접 인쇄','몸체에 직접 인쇄','N','N','N','N','N','N','355','Y','SYSTEM',NOW(),'SYSTEM',NOW()),
('PS_S_D',NULL,'PS_S_D_02','2021','09','02','몸체와 다른 재질 라벨 (몸체와 분리 불가능)','몸체와 다른 재질 라벨 (몸체와 분리 불가능)','N','N','N','N','N','N','356','Y','SYSTEM',NOW(),'SYSTEM',NOW()),
('PS_S_D',NULL,'PS_S_D_03','2021','09','03','PVC 계열 재질','PVC 계열 재질','N','N','N','N','N','N','357','Y','SYSTEM',NOW(),'SYSTEM',NOW()),
('GROUP_ID',NULL,'PE','2021','09','07','페트병','페트병','N','N','N','N','N','N','358','Y','SYSTEM',NOW(),'SYSTEM',NOW()),
('PE',NULL,'PE_B','2021','09','01','몸체','몸체','N','N','N','N','N','N','359','Y','SYSTEM',NOW(),'SYSTEM',NOW()),
('PE_B',NULL,'PE_B_A','2021','09','A','최우수','최우수','N','N','N','N','N','N','360','Y','SYSTEM',NOW(),'SYSTEM',NOW()),
('PE_B',NULL,'PE_B_C','2021','09','C','보통','보통','N','N','N','N','N','N','361','Y','SYSTEM',NOW(),'SYSTEM',NOW()),
('PE_B',NULL,'PE_B_D','2021','09','D','어려움','어려움','N','N','N','N','N','N','362','Y','SYSTEM',NOW(),'SYSTEM',NOW()),
('PE_B_A',NULL,'PE_B_A_01','2021','09','01','단일재질 무색','단일재질 무색','Y','N','N','N','N','N','363','Y','SYSTEM',NOW(),'SYSTEM',NOW()),
('PE_B_C',NULL,'PE_B_C_01','2021','09','01','단일재질 녹색(먹는샘물, 음료류 제외)','단일재질 녹색(먹는샘물, 음료류 제외)','Y','N','N','N','N','N','364','Y','SYSTEM',NOW(),'SYSTEM',NOW()),
('PE_B_D',NULL,'PE_B_D_01','2021','09','01','녹색 이외의 유색(먹는샘물, 음료류 제외)','녹색 이외의 유색(먹는샘물, 음료류 제외)','N','N','N','N','N','N','365','Y','SYSTEM',NOW(),'SYSTEM',NOW()),
('PE_B_D',NULL,'PE_B_D_02','2021','09','02','글리콜변성PET 수지(PET-G) 재질이 혼합된 경우','글리콜변성PET 수지(PET-G) 재질이 혼합된 경우','N','N','N','N','N','N','366','Y','SYSTEM',NOW(),'SYSTEM',NOW()),
('PE_B_D',NULL,'PE_B_D_03','2021','09','03','유색 페트병(먹는샘물, 음료류)','유색 페트병(먹는샘물, 음료류)','N','N','N','N','N','N','367','Y','SYSTEM',NOW(),'SYSTEM',NOW()),
('PE_B_D',NULL,'PE_B_D_04','2021','09','04','복합재질','복합재질','N','N','N','N','N','N','368','Y','SYSTEM',NOW(),'SYSTEM',NOW()),
('PE',NULL,'PE_L','2021','09','02','라벨','라벨','N','N','N','N','N','N','369','Y','SYSTEM',NOW(),'SYSTEM',NOW()),
('PE_L',NULL,'PE_L_A','2021','09','A','최우수','최우수','N','N','N','N','N','N','370','Y','SYSTEM',NOW(),'SYSTEM',NOW()),
('PE_L',NULL,'PE_L_B','2021','09','B','우수','우수','N','N','N','N','N','N','371','Y','SYSTEM',NOW(),'SYSTEM',NOW()),
('PE_L',NULL,'PE_L_C','2021','09','C','보통','보통','N','N','N','N','N','N','372','Y','SYSTEM',NOW(),'SYSTEM',NOW()),
('PE_L',NULL,'PE_L_D','2021','09','D','어려움','어려움','N','N','N','N','N','N','373','Y','SYSTEM',NOW(),'SYSTEM',NOW()),
('PE_L_A',NULL,'PE_L_A_01','2021','09','01','비접(점)착식','비접(점)착식','Y','Y','N','N','N','N','374','Y','SYSTEM',NOW(),'SYSTEM',NOW()),
('PE_L_A',NULL,'PE_L_A_02','2021','09','02','라벨면적의 0.5% 범위 미만으로 열알칼리성 분리 접(점)착제가 도포된 경우','라벨면적의 0.5% 범위 미만으로 열알칼리성 분리 접(점)착제가 도포된 경우','Y','N','Y','N','N','N','375','Y','SYSTEM',NOW(),'SYSTEM',NOW()),
('PE_L_B',NULL,'PE_L_B_01','2021','09','01','비중 1미만의 합성수지 재질로 소비자가 손쉽게 분리 가능하도록 하는 구조','비중 1미만의 합성수지 재질로 소비자가 손쉽게 분리 가능하도록 하는 구조','Y','Y','N','N','N','N','376','Y','SYSTEM',NOW(),'SYSTEM',NOW()),
('PE_L_B',NULL,'PE_L_B_02','2021','09','02','소비자가 손쉽게 분리 가능하도록 하는 구조. 절취손 또는 접 점착제 도포시 가장자리 미도포','소비자가 손쉽게 분리 가능하도록 하는 구조. 절취손 또는 접 점착제 도포시 가장자리 미도포','Y','Y','N','N','N','N','377','Y','SYSTEM',NOW(),'SYSTEM',NOW()),
('PE_L_B',NULL,'PE_L_B_03','2021','09','03','접(점)착제를 사용하는 경우 재활용 공정에서 분리가능한 열알칼리성 분리 접(점)착제 사용 (일정온도 80c 와 수산화 나트류 2% 에 반응하여 분리)','접(점)착제를 사용하는 경우 재활용 공정에서 분리가능한 열알칼리성 분리 접(점)착제 사용 (일정온도 80c 와 수산화 나트류 2% 에 반응하여 분리)','Y','Y','Y','N','N','N','378','Y','SYSTEM',NOW(),'SYSTEM',NOW()),
('PE_L_B',NULL,'PE_L_B_04','2021','09','04','열알칼리성 분리 접(점)착제를 사용하고 접(점)착제 도포면적이페트병 전체면적의 20%, 라벨면적의 60% 이하인 경우','열알칼리성 분리 접(점)착제를 사용하고 접(점)착제 도포면적이페트병 전체면적의 20%, 라벨면적의 60% 이하인 경우','Y','Y','Y','N','N','N','379','Y','SYSTEM',NOW(),'SYSTEM',NOW()),
('PE_L_C',NULL,'PE_L_C_01','2021','09','01','비중 1미만의 합성수지 재질로 열알칼리성 분리 접(점)착제를 사용하고 접(점)착제 도포면적이 페트병 전체면적의 20%, 라벨면적의 60%를 초과한 경우','비중 1미만의 합성수지 재질로 열알칼리성 분리 접(점)착제를 사용하고 접(점)착제 도포면적이 페트병 전체면적의 20%, 라벨면적의 60%를 초과한 경우','Y','Y','Y','N','N','N','380','Y','SYSTEM',NOW(),'SYSTEM',NOW()),
('PE_L_C',NULL,'PE_L_C_02','2021','09','02','소비자가 손쉽게 분리 가능하도록 하는 구조가 없으나 절취선이 있는 경우','소비자가 손쉽게 분리 가능하도록 하는 구조가 없으나 절취선이 있는 경우','Y','Y','N','N','N','N','381','Y','SYSTEM',NOW(),'SYSTEM',NOW()),
('PE_L_C',NULL,'PE_L_C_03','2021','09','03','소비자가 손쉽게 분리 가능하도록 하는 구조. 절취손 또는 접 점착제 도포시 가장자리 도포- PE Stretch 라벨 등 기술적으로 도입 불가능한 경우','소비자가 손쉽게 분리 가능하도록 하는 구조. 절취손 또는 접 점착제 도포시 가장자리 도포- PE Stretch 라벨 등 기술적으로 도입 불가능한 경우','Y','Y','Y','N','N','N','382','Y','SYSTEM',NOW(),'SYSTEM',NOW()),
('PE_L_C',NULL,'PE_L_C_04','2021','09','04','비중 1미만의 합성수지 재질로 열알칼리성 분리 접(점)착제를 사용하고 접(점)착제 도포면적이 페트병 전체면적의 20%, 라벨면적의 60% 이하이나 가장자리를 도포한 경우','비중 1미만의 합성수지 재질로 열알칼리성 분리 접(점)착제를 사용하고 접(점)착제 도포면적이 페트병 전체면적의 20%, 라벨면적의 60% 이하이나 가장자리를 도포한 경우','Y','Y','Y','N','N','N','383','Y','SYSTEM',NOW(),'SYSTEM',NOW()),
('PE_L_C',NULL,'PE_L_C_05','2021','09','05','비중 1미만의 합성수지 재질로 절취선이 없는 비접(점)착식','비중 1미만의 합성수지 재질로 절취선이 없는 비접(점)착식','Y','Y','N','N','N','N','384','Y','SYSTEM',NOW(),'SYSTEM',NOW()),
('PE_L_C',NULL,'PE_L_C_06','2021','09','06','절취선이 있는 비중 1이상의 합성수지 재질','절취선이 있는 비중 1이상의 합성수지 재질','Y','Y','N','N','N','N','385','Y','SYSTEM',NOW(),'SYSTEM',NOW()),
('PE_L_D',NULL,'PE_L_D_01','2021','09','01','소비자가 손쉽게 분리 가능하도록 하는 구조가 없는 비중 1이상의 합성수지 재질 ','소비자가 손쉽게 분리 가능하도록 하는 구조가 없는 비중 1이상의 합성수지 재질 ','N','N','N','N','N','N','386','Y','SYSTEM',NOW(),'SYSTEM',NOW()),
('PE_L_D',NULL,'PE_L_D_02','2021','09','02','열알칼리성 분리가 불가능한 접(점)착제 사용','열알칼리성 분리가 불가능한 접(점)착제 사용','N','N','N','N','N','N','387','Y','SYSTEM',NOW(),'SYSTEM',NOW()),
('PE_L_D',NULL,'PE_L_D_03','2021','09','03','몸체에 직접 인쇄 (유통기간 및 제조일자 표시 제외)','몸체에 직접 인쇄 (유통기간 및 제조일자 표시 제외)','N','N','N','N','N','N','388','Y','SYSTEM',NOW(),'SYSTEM',NOW()),
('PE_L_D',NULL,'PE_L_D_04','2021','09','04','PVC 계열의 재질','PVC 계열의 재질','N','N','N','N','N','N','389','Y','SYSTEM',NOW(),'SYSTEM',NOW()),
('PE_L_D',NULL,'PE_L_D_05','2021','09','05','합성수지 이외의 재질','합성수지 이외의 재질','N','N','N','N','N','N','390','Y','SYSTEM',NOW(),'SYSTEM',NOW()),
('PE_L_D',NULL,'PE_L_D_06','2021','09','06','금속혼입재질','금속혼입재질','N','N','N','N','N','N','391','Y','SYSTEM',NOW(),'SYSTEM',NOW()),
('PE',NULL,'PE_G','2021','09','03','마개및잡자재','마개및잡자재','N','N','N','N','N','N','392','Y','SYSTEM',NOW(),'SYSTEM',NOW()),
('PE_G',NULL,'PE_G_B','2021','09','B','우수','우수','N','N','N','N','N','N','393','Y','SYSTEM',NOW(),'SYSTEM',NOW()),
('PE_G',NULL,'PE_G_C','2021','09','C','보통','보통','N','N','N','N','N','N','394','Y','SYSTEM',NOW(),'SYSTEM',NOW()),
('PE_G',NULL,'PE_G_D','2021','09','D','어려움','어려움','N','N','N','N','N','N','395','Y','SYSTEM',NOW(),'SYSTEM',NOW()),
('PE_G_B',NULL,'PE_G_B_01','2021','09','01','비중 1미만의 합성수지','비중 1미만의 합성수지','Y','Y','Y','N','N','N','396','Y','SYSTEM',NOW(),'SYSTEM',NOW()),
('PE_G_B',NULL,'PE_G_B_02','2021','09','02','무색 페트 단일재질','무색 페트 단일재질','Y','Y','N','N','N','N','397','Y','SYSTEM',NOW(),'SYSTEM',NOW()),
('PE_G_C',NULL,'PE_G_C_01','2021','09','01','뚜껑, 몸체 모두와 완전분리가 가능한 합성수지 이외의 재질의 잡자재','뚜껑, 몸체 모두와 완전분리가 가능한 합성수지 이외의 재질의 잡자재','Y','Y','N','N','N','N','398','Y','SYSTEM',NOW(),'SYSTEM',NOW()),
('PE_G_C',NULL,'PE_G_C_02','2021','09','02','합성수지 이외의 재질이 포함된 비중 1미만의 잡자재','합성수지 이외의 재질이 포함된 비중 1미만의 잡자재','Y','N','N','N','N','N','399','Y','SYSTEM',NOW(),'SYSTEM',NOW()),
('PE_G_D',NULL,'PE_G_D_01','2021','09','01','비중 1이상의 합성수지','비중 1이상의 합성수지','N','N','N','N','N','N','400','Y','SYSTEM',NOW(),'SYSTEM',NOW()),
('PE_G_D',NULL,'PE_G_D_02','2021','09','02','PVC 계열의 재질','PVC 계열의 재질','N','N','N','N','N','N','401','Y','SYSTEM',NOW(),'SYSTEM',NOW()),
('PE_G_D',NULL,'PE_G_D_03','2021','09','03','합성수지 이외의 재질','합성수지 이외의 재질','N','N','N','N','N','N','402','Y','SYSTEM',NOW(),'SYSTEM',NOW()),
('GROUP_ID',NULL,'TR','2021','09','08','합성수지 용기, 트레이류 (페트병, 발포합성수지 제외)','합성수지 용기, 트레이류 (페트병, 발포합성수지 제외)','N','N','N','N','N','N','403','Y','SYSTEM',NOW(),'SYSTEM',NOW()),
('TR',NULL,'TR_B','2021','09','01','몸체','몸체','N','N','N','N','N','N','404','Y','SYSTEM',NOW(),'SYSTEM',NOW()),
('TR_B',NULL,'TR_B_B','2021','09','B','우수','우수','N','N','N','N','N','N','405','Y','SYSTEM',NOW(),'SYSTEM',NOW()),
('TR_B',NULL,'TR_B_D','2021','09','D','어려움','어려움','N','N','N','N','N','N','406','Y','SYSTEM',NOW(),'SYSTEM',NOW()),
('TR_B_B',NULL,'TR_B_B_01','2021','09','01','PET 재질 - 단일재질 무색','PET 재질 - 단일재질 무색','Y','N','N','N','N','N','407','Y','SYSTEM',NOW(),'SYSTEM',NOW()),
('TR_B_B',NULL,'TR_B_B_02','2021','09','02','PET이외의 재질 - PE재질','PET이외의 재질 - PE재질','Y','N','N','N','N','N','408','Y','SYSTEM',NOW(),'SYSTEM',NOW()),
('TR_B_B',NULL,'TR_B_B_03','2021','09','03','PET이외의 재질 - PP재질','PET이외의 재질 - PP재질','Y','N','N','N','N','N','409','Y','SYSTEM',NOW(),'SYSTEM',NOW()),
('TR_B_B',NULL,'TR_B_B_04','2021','09','04','PET이외의 재질 - PS재질','PET이외의 재질 - PS재질','Y','N','N','N','N','N','410','Y','SYSTEM',NOW(),'SYSTEM',NOW()),
('TR_B_B',NULL,'TR_B_B_05','2021','09','05','PET이외의 재질 - 기타 단일재질','PET이외의 재질 - 기타 단일재질','Y','N','N','N','N','N','411','Y','SYSTEM',NOW(),'SYSTEM',NOW()),
('TR_B_D',NULL,'TR_B_D_01','2021','09','01','PET재질 - 글리콜변성PET 수지(PET-G) 재질이 혼합된 경우','PET재질 - 글리콜변성PET 수지(PET-G) 재질이 혼합된 경우','N','N','N','N','N','N','412','Y','SYSTEM',NOW(),'SYSTEM',NOW()),
('TR_B_D',NULL,'TR_B_D_02','2021','09','02','PET재질 - 유색 PET 재질','PET재질 - 유색 PET 재질','N','N','N','N','N','N','413','Y','SYSTEM',NOW(),'SYSTEM',NOW()),
('TR_B_D',NULL,'TR_B_D_03','2021','09','03','PET재질 - PVC 계열의 재질','PET재질 - PVC 계열의 재질','N','N','N','N','N','N','414','Y','SYSTEM',NOW(),'SYSTEM',NOW()),
('TR_B_D',NULL,'TR_B_D_04','2021','09','04','합성수지 이외의 복합재질로 서 합성수지와 기타 재질의 분리가 불가능한 경우','합성수지 이외의 복합재질로 서 합성수지와 기타 재질의 분리가 불가능한 경우','N','N','N','N','N','N','415','Y','SYSTEM',NOW(),'SYSTEM',NOW()),
('TR_B_D',NULL,'TR_B_D_05','2021','09','05','합성수지에 탄산칼슘 포함','합성수지에 탄산칼슘 포함','N','N','N','N','N','N','416','Y','SYSTEM',NOW(),'SYSTEM',NOW()),
('TR_B_D',NULL,'TR_B_D_06','2021','09','06','합성수지에 생분해성수지 포함','합성수지에 생분해성수지 포함','N','N','N','N','N','N','417','Y','SYSTEM',NOW(),'SYSTEM',NOW()),
('TR_B_D',NULL,'TR_B_D_07','2021','09','07','합성수지에 미네랄 포함','합성수지에 미네랄 포함','N','N','N','N','N','N','418','Y','SYSTEM',NOW(),'SYSTEM',NOW()),
('TR_B_D',NULL,'TR_B_D_08','2021','09','08','PET이외의 재질 - PVC계열의 재질','PET이외의 재질 - PVC계열의 재질','N','N','N','N','N','N','419','Y','SYSTEM',NOW(),'SYSTEM',NOW()),
('TR',NULL,'TR_L','2021','09','02','라벨','라벨','N','N','N','N','N','N','420','Y','SYSTEM',NOW(),'SYSTEM',NOW()),
('TR_L',NULL,'TR_L_B','2021','09','B','우수','우수','N','N','N','N','N','N','421','Y','SYSTEM',NOW(),'SYSTEM',NOW()),
('TR_L',NULL,'TR_L_C','2021','09','C','보통','보통','N','N','N','N','N','N','422','Y','SYSTEM',NOW(),'SYSTEM',NOW()),
('TR_L',NULL,'TR_L_D','2021','09','D','어려움','어려움','N','N','N','N','N','N','423','Y','SYSTEM',NOW(),'SYSTEM',NOW()),
('TR_L_B',NULL,'TR_L_B_01','2021','09','01','몸체가 PET 재질 - 미사용','몸체가 PET 재질 - 미사용','Y','Y','N','N','N','N','424','Y','SYSTEM',NOW(),'SYSTEM',NOW()),
('TR_L_B',NULL,'TR_L_B_02','2021','09','02','몸체가 PET 재질 - 비접착식','몸체가 PET 재질 - 비접착식','Y','Y','N','N','N','N','425','Y','SYSTEM',NOW(),'SYSTEM',NOW()),
('TR_L_B',NULL,'TR_L_B_03','2021','09','03','몸체가 PET 이외 단일재질 - 미사용','몸체가 PET 이외 단일재질 - 미사용','Y','N','N','N','N','N','426','Y','SYSTEM',NOW(),'SYSTEM',NOW()),
('TR_L_B',NULL,'TR_L_B_04','2021','09','04','몸체가 PET 이외 단일재질 - 몸체에 직접 인쇄','몸체가 PET 이외 단일재질 - 몸체에 직접 인쇄','Y','Y','N','N','N','N','427','Y','SYSTEM',NOW(),'SYSTEM',NOW()),
('TR_L_B',NULL,'TR_L_B_05','2021','09','05','몸체가 PET 이외 단일재질 - 몸체와 동일한 재질','몸체가 PET 이외 단일재질 - 몸체와 동일한 재질','Y','Y','Y','N','N','N','428','Y','SYSTEM',NOW(),'SYSTEM',NOW()),
('TR_L_B',NULL,'TR_L_B_06','2021','09','06','몸체가 PET 이외 단일재질 - 몸체와 다른 합성수지 재질로서 몸체와 완전분리가 가능한 경우','몸체가 PET 이외 단일재질 - 몸체와 다른 합성수지 재질로서 몸체와 완전분리가 가능한 경우','Y','Y','Y','N','N','N','429','Y','SYSTEM',NOW(),'SYSTEM',NOW()),
('TR_L_B',NULL,'TR_L_B_07','2021','09','07','몸체가 PET 이외 단일재질몸체가 PE 또는 PP 재질이면서 라벨, 마개 및 잡자재가 몸체와 다른 올레핀 계열 (PE, PP, PP+PE 등)인 경우에는 동일한 재지로 허용','몸체가 PET 이외 단일재질몸체가 PE 또는 PP 재질이면서 라벨, 마개 및 잡자재가 몸체와 다른 올레핀 계열 (PE, PP, PP+PE 등)인 경우에는 동일한 재지로 허용','Y','N','N','N','N','N','430','Y','SYSTEM',NOW(),'SYSTEM',NOW()),
('TR_L_C',NULL,'TR_L_C_01','2021','09','01','몸체가 PET 재질 - 접착식','몸체가 PET 재질 - 접착식','Y','Y','Y','N','N','N','431','Y','SYSTEM',NOW(),'SYSTEM',NOW()),
('TR_L_C',NULL,'TR_L_C_02','2021','09','02','몸체가 PET 재질 - 몸체에 직접인쇄','몸체가 PET 재질 - 몸체에 직접인쇄','Y','Y','N','N','N','N','432','Y','SYSTEM',NOW(),'SYSTEM',NOW()),
('TR_L_C',NULL,'TR_L_C_03','2021','09','03','몸체가 PET 재질 -기타','몸체가 PET 재질 -기타','Y','Y','N','N','N','N','433','Y','SYSTEM',NOW(),'SYSTEM',NOW()),
('TR_L_C',NULL,'TR_L_C_04','2021','09','04','몸체가 PET 이외 재질 - 몸체와 다른 재질로서 몸체와 분리가 가능한 경우','몸체가 PET 이외 재질 - 몸체와 다른 재질로서 몸체와 분리가 가능한 경우','Y','Y','Y','N','N','N','434','Y','SYSTEM',NOW(),'SYSTEM',NOW()),
('TR_L_C',NULL,'TR_L_C_05','2021','09','05','몸체가 PET 이외 재질 -몸체와 다른 재질로서 생활화학제품 및 살생물제의 안전관리에 관한 법률에 따른 어린이보호포장에 관한 안전기준 준수를 위해 분리 불가능한 경우','몸체가 PET 이외 재질 -몸체와 다른 재질로서 생활화학제품 및 살생물제의 안전관리에 관한 법률에 따른 어린이보호포장에 관한 안전기준 준수를 위해 분리 불가능한 경우','Y','Y','N','N','N','N','435','Y','SYSTEM',NOW(),'SYSTEM',NOW()),
('TR_L_D',NULL,'TR_L_D_01','2021','09','01','몸체가 PET 단일재질 - PVC 계열 재질','몸체가 PET 단일재질 - PVC 계열 재질','N','N','N','N','N','N','436','Y','SYSTEM',NOW(),'SYSTEM',NOW()),
('TR_L_D',NULL,'TR_L_D_02','2021','09','02','몸체가 PET 단일재질 - 몸체와 다른 재질로서 몸체와 분리 불가능한 경우','몸체가 PET 단일재질 - 몸체와 다른 재질로서 몸체와 분리 불가능한 경우','N','N','N','N','N','N','437','Y','SYSTEM',NOW(),'SYSTEM',NOW()),
('TR_L_D',NULL,'TR_L_D_03','2021','09','03','몸체가 PET 이외 단일재질 - PVC 계열의 재질','몸체가 PET 이외 단일재질 - PVC 계열의 재질','N','N','N','N','N','N','438','Y','SYSTEM',NOW(),'SYSTEM',NOW()),
('TR_L_D',NULL,'TR_L_D_04','2021','09','04','몸체가 PET 이외 단일재질 - 합성수지 이외의 재질이 함유된 리드 또는 마개를 쓰면서 빨대가 부착된 경우','몸체가 PET 이외 단일재질 - 합성수지 이외의 재질이 함유된 리드 또는 마개를 쓰면서 빨대가 부착된 경우','N','N','N','N','N','N','439','Y','SYSTEM',NOW(),'SYSTEM',NOW()),
('TR_L_D',NULL,'TR_L_D_05','2021','09','05','몸체가 PET 이외 단일재질 - 몸체와 다른 재질로서 몸체와 분리 불가능한 경우','몸체가 PET 이외 단일재질 - 몸체와 다른 재질로서 몸체와 분리 불가능한 경우','N','N','N','N','N','N','440','Y','SYSTEM',NOW(),'SYSTEM',NOW()),
('TR_L_D',NULL,'TR_L_D_06','2021','09','06','몸체가 복합재질 - PVC 계열 재질','몸체가 복합재질 - PVC 계열 재질','N','N','N','N','N','N','441','Y','SYSTEM',NOW(),'SYSTEM',NOW()),
('TR_L_D',NULL,'TR_L_D_07','2021','09','07','몸체가 복합재질 - 합성수지 이외의 재질로서 몸체와 분리가 불가능한 경우','몸체가 복합재질 - 합성수지 이외의 재질로서 몸체와 분리가 불가능한 경우','N','N','N','N','N','N','442','Y','SYSTEM',NOW(),'SYSTEM',NOW()),
('GROUP_ID',NULL,'OT','2021','09','09','합성수지 필름·시트류 (페트병, 발포합성수지 제외)','합성수지 필름·시트류 (페트병, 발포합성수지 제외)','N','N','N','N','N','N','443','Y','SYSTEM',NOW(),'SYSTEM',NOW()),
('OT',NULL,'OT_B','2021','09','01','몸체','몸체','N','N','N','N','N','N','444','Y','SYSTEM',NOW(),'SYSTEM',NOW()),
('OT_B',NULL,'OT_B_B','2021','09','B','우수','우수','N','N','N','N','N','N','445','Y','SYSTEM',NOW(),'SYSTEM',NOW()),
('OT_B',NULL,'OT_B_C','2021','09','C','보통','보통','N','N','N','N','N','N','446','Y','SYSTEM',NOW(),'SYSTEM',NOW()),
('OT_B',NULL,'OT_B_D','2021','09','D','어려움','어려움','N','N','N','N','N','N','447','Y','SYSTEM',NOW(),'SYSTEM',NOW()),
('OT_B_B',NULL,'OT_B_B_01','2021','09','01','단일재질','단일재질','Y','N','N','N','N','N','448','Y','SYSTEM',NOW(),'SYSTEM',NOW()),
('OT_B_B',NULL,'OT_B_B_02','2021','09','02','알류미늄 재질을 20㎛ 이하로 사용한 경우','알류미늄 재질을 20㎛ 이하로 사용한 경우','Y','N','N','N','N','N','449','Y','SYSTEM',NOW(),'SYSTEM',NOW()),
('OT_B_C',NULL,'OT_B_C_01','2021','09','01','복합재질 합성수지 필름·시트류(알루미늄 20㎛초과 사용)','복합재질 합성수지 필름·시트류(알루미늄 20㎛초과 사용)','Y','N','N','N','N','N','450','Y','SYSTEM',NOW(),'SYSTEM',NOW()),
('OT_B_D',NULL,'OT_B_D_01','2021','09','01','합성수지 이외의 재질과 병합사용','합성수지 이외의 재질과 병합사용','N','N','N','N','N','N','451','Y','SYSTEM',NOW(),'SYSTEM',NOW()),
('OT_B_D',NULL,'OT_B_D_02','2021','09','02','PVC 계열의 재질','PVC 계열의 재질','N','N','N','N','N','N','452','Y','SYSTEM',NOW(),'SYSTEM',NOW()),
('OT_B',NULL,'OT_B_S','2021','09','04','라벨, 마개및잡자재','라벨, 마개및잡자재','N','N','N','N','N','N','453','Y','SYSTEM',NOW(),'SYSTEM',NOW()),
('OT_B',NULL,'OT_B_B','2021','09','B','우수','우수','N','N','N','N','N','N','454','Y','SYSTEM',NOW(),'SYSTEM',NOW()),
('OT_B',NULL,'OT_B_C','2021','09','C','보통','보통','N','N','N','N','N','N','455','Y','SYSTEM',NOW(),'SYSTEM',NOW()),
('OT_B',NULL,'OT_B_D','2021','09','D','어려움','어려움','N','N','N','N','N','N','456','Y','SYSTEM',NOW(),'SYSTEM',NOW()),
('OT_B_B',NULL,'OT_B_B_01','2021','09','01','미사용','미사용','Y','N','N','N','N','N','457','Y','SYSTEM',NOW(),'SYSTEM',NOW()),
('OT_B_B',NULL,'OT_B_B_02','2021','09','02','합성수지 재질','합성수지 재질','Y','Y','N','N','N','N','458','Y','SYSTEM',NOW(),'SYSTEM',NOW()),
('OT_B_B',NULL,'OT_B_B_03','2021','09','03','몸체에 직접인쇄','몸체에 직접인쇄','Y','N','N','N','N','N','459','Y','SYSTEM',NOW(),'SYSTEM',NOW()),
('OT_B_C',NULL,'OT_B_C_01','2021','09','01','합성수지 이외의 재질로 몸체와 분리 가능한 경우','합성수지 이외의 재질로 몸체와 분리 가능한 경우','Y','N','N','N','N','N','460','Y','SYSTEM',NOW(),'SYSTEM',NOW()),
('OT_B_D',NULL,'OT_B_D_01','2021','09','01','PVC 계열의 재질','PVC 계열의 재질','N','N','N','N','N','N','461','Y','SYSTEM',NOW(),'SYSTEM',NOW()),
('OT_B_D',NULL,'OT_B_D_02','2021','09','02','합성수지 이외의 재질로 몸체와 분리 불가능한 경우','합성수지 이외의 재질로 몸체와 분리 불가능한 경우','N','N','N','N','N','N','462','Y','SYSTEM',NOW(),'SYSTEM',NOW());


-- 공통 제품 관리
DROP TABLE IF EXISTS T_PRODUCT CASCADE;
CREATE TABLE IF NOT EXISTS T_PRODUCT (
    PRODUCT_ID VARCHAR(16) NOT NULL COMMENT '제품 ID'
  , PRODUCT_NM VARCHAR(4000) NOT NULL COMMENT '제품 명'
  , PRODUCT_CODE VARCHAR(16) NOT NULL COMMENT '제품 코드'
  , PRODUCT_TYPE VARCHAR(2) COMMENT '제품 타입'
  , USE_YN VARCHAR(1) DEFAULT 'Y' NOT NULL COMMENT '사용 여부'
  , RGST_ID VARCHAR(32) NOT NULL COMMENT '등록 ID'
  , RGST_DT TIMESTAMP NOT NULL COMMENT '등록 일시'
  , MODI_ID VARCHAR(32) NOT NULL COMMENT '수정 ID'
  , MODI_DT TIMESTAMP NOT NULL COMMENT '수정 일시'
) ENGINE=InnoDB DEFAULT CHARSET=utf8 COMMENT '제품 관리[제품 관리]';
ALTER TABLE T_PRODUCT ADD CONSTRAINT T_PRODUCT_PK PRIMARY KEY(PRODUCT_ID);
-- CREATE INDEX T_PRODUCT_IX1 ON T_PRODUCT(PRODUCT_ID);


-- 공통 제품 포장 관리
DROP TABLE IF EXISTS T_PRODUCT_PACK CASCADE;
CREATE TABLE IF NOT EXISTS T_PRODUCT_PACK (
    PRODUCT_ID VARCHAR(16) NOT NULL COMMENT '포장 ID'
  , PRODUCT_ID VARCHAR(16) NOT NULL COMMENT '제품 ID'
  , PRODUCT_NM VARCHAR(256) NOT NULL COMMENT '포장 명'
  , PRODUCT_DSC VARCHAR(4000) COMMENT '포장 설명'
  , PRODUCT_CODE VARCHAR(16) COMMENT '포장 코드'
  , ENVIRONMENT_CODE VARCHAR(16) COMMENT '환경부 코드'
  , USE_YN VARCHAR(1) DEFAULT 'Y' NOT NULL COMMENT '사용 여부'
  , RGST_ID VARCHAR(32) NOT NULL COMMENT '등록 ID'
  , RGST_DT TIMESTAMP NOT NULL COMMENT '등록 일시'
  , MODI_ID VARCHAR(32) NOT NULL COMMENT '수정 ID'
  , MODI_DT TIMESTAMP NOT NULL COMMENT '수정 일시'
) ENGINE=InnoDB DEFAULT CHARSET=utf8 COMMENT '제품 포장 관리[제품 포장 관리]';
ALTER TABLE T_PRODUCT_PACK ADD CONSTRAINT T_PRODUCT_PACK_PK PRIMARY KEY();
-- CREATE INDEX T_PRODUCT_PACK_IX1 ON T_PRODUCT_PACK();



-- 관리자 공급 업체 관리
DROP TABLE IF EXISTS T_SUPPLIER CASCADE;
CREATE TABLE IF NOT EXISTS T_SUPPLIER (
    SUPPLIER_ID VARCHAR(16) NOT NULL COMMENT '업체 ID'
  , UP_COMPANY_CODE VARCHAR(16) NOT NULL COMMENT '소속 회사 코드'
  , SUPPLIER_CODE VARCHAR(16) NOT NULL COMMENT '업체 코드'
  , SUPPLIER_NO VARCHAR(16) NOT NULL COMMENT '업체 사업자번호'
  , SUPPLIER_NM VARCHAR(256) NOT NULL COMMENT '업체 명'
  , SUPPLIER_DSC VARCHAR(4000) COMMENT '업체 설명'
  , ADDRESS VARCHAR(4000) NOT NULL COMMENT '주소'
  , TELEPHONE_NO VARCHAR(16) COMMENT '전화번호'
  , REPRESENTATIVE_NM VARCHAR(16) COMMENT '대표자명'
  , NOTE VARCHAR(4000) COMMENT '비고'
  , USE_YN VARCHAR(1) DEFAULT 'Y' COMMENT '사용 여부'
  , RGST_ID VARCHAR(32) NOT NULL COMMENT '등록 ID'
  , RGST_DT TIMESTAMP NOT NULL COMMENT '등록 일시'
  , MODI_ID VARCHAR(32) NOT NULL COMMENT '수정 ID'
  , MODI_DT TIMESTAMP NOT NULL COMMENT '수정 일시'
) ENGINE=InnoDB DEFAULT CHARSET=utf8 COMMENT '공급 업체 관리[공급 업체 관리]';
ALTER TABLE T_SUPPLIER ADD CONSTRAINT T_SUPPLIER_PK PRIMARY KEY(SUPPLIER_ID);
-- CREATE INDEX T_SUPPLIER_IX1 ON T_SUPPLIER(SUPPLIER_ID);	

-- 관리자    공급 업체 관리
TRUNCATE TABLE T_SUPPLIER;
INSERT INTO T_SUPPLIER (SUPPLIER_ID,SUPPLIER_NM,SUPPLIER_DSC,SUPPLIER_CODE,SUPPLIER_NO,ADDRESS,TELEPHONE_NO,REPRESENTATIVE_NM,NOTE,UP_COMPANY_CODE,USE_YN,RGST_ID,RGST_DT,MODI_ID,MODI_DT) VALUES
('test1','KAMILL','KAMILL','KM','1234567890','서울','02-1234-5678','홍길동',NULL,'RTDATALAB','Y','SYSTEM',NOW(),'SYSTEM',NOW()),
('test2','CHUSH','CHUSH','CH','1023456789','부산','051-1234-5678','김영철',NULL,'RTDATALAB','Y','SYSTEM',NOW(),'SYSTEM',NOW());



-- 관리자 공급 업체 담당자 관리
DROP TABLE IF EXISTS T_SUPPLIER_MANAGER CASCADE;
CREATE TABLE IF NOT EXISTS T_SUPPLIER_MANAGER (
    MANAGER_ID VARCHAR(16) NOT NULL COMMENT '담당자 ID'
  , SUPPLIER_CODE VARCHAR(16) NOT NULL COMMENT '공급 업체 코드'
  , MANAGER_NM VARCHAR(256) NOT NULL COMMENT '담당자 명'
  , MANAGER_PHONE VARCHAR(16) NOT NULL COMMENT '담당자 연락처'
  , MANAGER_MAIL VARCHAR(256) NOT NULL COMMENT '담당자 메일'
  , MANAGER_DEPT VARCHAR(256) COMMENT '담당자 부서'
  , MANAGER_PSTN VARCHAR(256) COMMENT '담당자 직위'
  , MANAGER_REPRESENT VARCHAR(256) COMMENT '담당자 대표'
  , USE_YN VARCHAR(1) DEFAULT 'Y' NOT NULL COMMENT '사용 여부'
  , RGST_ID VARCHAR(32) NOT NULL COMMENT '등록 ID'
  , RGST_DT TIMESTAMP NOT NULL COMMENT '등록 일시'
  , MODI_ID VARCHAR(32) NOT NULL COMMENT '수정 ID'
  , MODI_DT TIMESTAMP NOT NULL COMMENT '수정 일시'
) ENGINE=InnoDB DEFAULT CHARSET=utf8 COMMENT '공급 업체 담당자 관리[공급 업체 담당자 관리]';
ALTER TABLE T_SUPPLIER_MANAGER ADD CONSTRAINT T_SUPPLIER_MANAGER_PK PRIMARY KEY(MANAGER_ID);
-- CREATE INDEX T_SUPPLIER_MANAGER_IX1 ON T_SUPPLIER_MANAGER(MANAGER_ID);	

-- 관리자    공급 업체 담당자 관리
TRUNCATE TABLE T_SUPPLIER_MANAGER;
INSERT INTO T_SUPPLIER_MANAGER (MANAGER_ID,SUPPLIER_CODE,MANAGER_NM,MANAGER_PHONE,MANAGER_MAIL,MANAGER_DEPT,MANAGER_PSTN,MANAGER_REPRESENT,USE_YN,RGST_ID,RGST_DT,MODI_ID,MODI_DT) VALUES
('MNG1','KM','아이유','010-1234-5678','iu@gmail.com','경영지원부','과장','Y','Y','SYSTEM',NOW(),'SYSTEM',NOW()),
('MNG2','KM','이나라','010-9876-5432','nara@gmail.com','제조부','대리',NULL,'Y','SYSTEM',NOW(),'SYSTEM',NOW());



-- 데이터
-- -------------------------------------------------------------------------------------------------


-- 공통    코드
TRUNCATE TABLE T_CODE;
INSERT INTO T_CODE (GROUP_ID,CODE_ID,CODE_NM,CODE_DSC,ORD_SEQ,USE_YN,RGST_ID,RGST_DT,MODI_ID,MODI_DT) VALUES
('GROUP_ID','ACCOUNT_LOCK_PD','미사용 잠금 기간 설정',NULL,NULL,'Y','SYSTEM',NOW(),'SYSTEM',NOW()),
('ACCOUNT_LOCK_PD','LOCK_PD','180','장기 미사용 사용자 잠금 기간',NULL,'Y','SYSTEM',NOW(),'SYSTEM',NOW()),
('GROUP_ID','ACTIVE_YN','활성화 여부',NULL,NULL,'Y','SYSTEM',NOW(),'SYSTEM',NOW()),
('ACTIVE_YN','N','비활성',NULL,NULL,'Y','SYSTEM',NOW(),'SYSTEM',NOW()),
('ACTIVE_YN','Y','활성',NULL,NULL,'Y','SYSTEM',NOW(),'SYSTEM',NOW()),
('GROUP_ID','CHATBOT_STAT_CD','챗봇 통계 코드','챗봇 통계 코드',NULL,'Y','SYSTEM',NOW(),'SYSTEM',NOW()),
('CHATBOT_STAT_CD','TOTAL_SESSION_COUNT','모든 세션 건수','모든 세션 건수',1,'Y','SYSTEM',NOW(),'SYSTEM',NOW()),
('CHATBOT_STAT_CD','TOTAL_MESSAGE_COUNT','모든 메시지 건수','모든 메시지 건수',2,'Y','SYSTEM',NOW(),'SYSTEM',NOW()),
('CHATBOT_STAT_CD','AVG_MESSAGE_COUNT_PER_SESSION','세션 당 평균 메시지 건수','세션 당 평균 메시지 건수',3,'Y','SYSTEM',NOW(),'SYSTEM',NOW()),
('CHATBOT_STAT_CD','TOTAL_ACTIVE_USER_COUNT','실사용자','실사용자',4,'Y','SYSTEM',NOW(),'SYSTEM',NOW()),
('CHATBOT_STAT_CD','TOTAL_NORMAL_MESSAGING_USER_COUNT','일반 메시지 사용자','일반 메시지 사용자',5,'Y','SYSTEM',NOW(),'SYSTEM',NOW()),
('CHATBOT_STAT_CD','TOTAL_VALID_MESSAGE_COUNT','일반 메시지 건수','일반 메시지 건수',6,'Y','SYSTEM',NOW(),'SYSTEM',NOW()),
('CHATBOT_STAT_CD','TOTAL_FAILED_MESSAGE_COUNT','실패 대화','실패 대화',7,'Y','SYSTEM',NOW(),'SYSTEM',NOW()),
('CHATBOT_STAT_CD','TOTAL_SINGLE_ANSWER_MESSAGE_COUNT','단일 답변 건수','단일 답변 건수',8,'Y','SYSTEM',NOW(),'SYSTEM',NOW()),
('GROUP_ID','COMPANY_CODE','회사 구분',NULL,NULL,'Y','SYSTEM',NOW(),'SYSTEM',NOW()),
('COMPANY_CODE','SB','신한은행',NULL,1,'Y','SYSTEM',NOW(),'SYSTEM',NOW()),
('COMPANY_CODE','GS','신한금융투자',NULL,2,'Y','SYSTEM',NOW(),'SYSTEM',NOW()),
('COMPANY_CODE','DS','신한DS',NULL,3,'Y','SYSTEM',NOW(),'SYSTEM',NOW()),
('COMPANY_CODE','RT','알티데이터랩',NULL,4,'','SYSTEM',NOW(),'SYSTEM',NOW()),
('GROUP_ID','DATE_LIMIT_YN','기간 시용 적용 여부','기간 시용 적용 여부',NULL,'Y','SYSTEM',NOW(),'SYSTEM',NOW()),
('DATE_LIMIT_YN','Y','사용','기간 적용 여부 사용',1,'Y','SYSTEM',NOW(),'SYSTEM',NOW()),
('DATE_LIMIT_YN','N','미사용','기간 적용 여부 미사용',2,'Y','SYSTEM',NOW(),'SYSTEM',NOW()),
('GROUP_ID','FAQ_CAT','FAQ 카테고리',NULL,NULL,'Y','SYSTEM',NOW(),'SYSTEM',NOW()),
('FAQ_CAT','ETC','기타',NULL,NULL,'Y','SYSTEM',NOW(),'SYSTEM',NOW()),
('FAQ_CAT','LOGIN','로그인',NULL,NULL,'Y','SYSTEM',NOW(),'SYSTEM',NOW()),
('FAQ_CAT','MANUAL','사용문의',NULL,NULL,'Y','SYSTEM',NOW(),'SYSTEM',NOW()),
('FAQ_CAT','PROJECT','프로젝트',NULL,NULL,'Y','SYSTEM',NOW(),'SYSTEM',NOW()),
('FAQ_CAT','SYSTEM','시스템',NULL,NULL,'Y','SYSTEM',NOW(),'SYSTEM',NOW()),
('GROUP_ID','FILE','대용량 파일 설정','배치에서 사용',NULL,'Y','SYSTEM',NOW(),'SYSTEM',NOW()),
('FILE','PD','180','대용량 파일 유지 기간 / 단위 일(INTERVAL)',NULL,'Y','SYSTEM',NOW(),'SYSTEM',NOW()),
('FILE','LIMIT','10485760','대용량 파일 사이즈 / 단위 byte',NULL,'Y','SYSTEM',NOW(),'SYSTEM',NOW()),
('GROUP_ID','IMPORTANT_YN','중요 여부',NULL,NULL,'Y','SYSTEM',NOW(),'SYSTEM',NOW()),
('IMPORTANT_YN','N','일반',NULL,NULL,'Y','SYSTEM',NOW(),'SYSTEM',NOW()),
('IMPORTANT_YN','Y','중요',NULL,NULL,'Y','SYSTEM',NOW(),'SYSTEM',NOW()),
('GROUP_ID','LANG','언어',NULL,NULL,'Y','SYSTEM',NOW(),'SYSTEM',NOW()),
('LANG','chn','중국어',NULL,NULL,'Y','SYSTEM',NOW(),'SYSTEM',NOW()),
('LANG','eng','영어',NULL,NULL,'Y','SYSTEM',NOW(),'SYSTEM',NOW()),
('LANG','jpn','일본어',NULL,NULL,'Y','SYSTEM',NOW(),'SYSTEM',NOW()),
('LANG','kor','한국어',NULL,NULL,'Y','SYSTEM',NOW(),'SYSTEM',NOW()),
('GROUP_ID','LOGIN_MESSAGE','로그인 실패 메시지',NULL,NULL,'Y','SYSTEM',NOW(),'SYSTEM',NOW()),
('LOGIN_MESSAGE','ACCOUNT_DISABLE','계정 미사용','사용자 계정으로 로그인 할 수 없습니다.',NULL,'Y','SYSTEM',NOW(),'SYSTEM',NOW()),
('LOGIN_MESSAGE','ACCOUNT_EXPIRE','계정 만료','사용자 계정이 만료되었습니다.',NULL,'Y','SYSTEM',NOW(),'SYSTEM',NOW()),
('LOGIN_MESSAGE','ACCOUNT_LOCK','계정 잠김','사용자 계정이 잠겨있습니다.',NULL,'Y','SYSTEM',NOW(),'SYSTEM',NOW()),
('LOGIN_MESSAGE','AUTH_FAIL','계정 권한 없음','사용자 계정의 권한이 없습니다.',NULL,'Y','SYSTEM',NOW(),'SYSTEM',NOW()),
('LOGIN_MESSAGE','DB_CONNECT_FAIL','UDB 연결 실패','UDB 인증 서버와 연결이 원활하지 않습니다.',NULL,'Y','SYSTEM',NOW(),'SYSTEM',NOW()),
('LOGIN_MESSAGE','DB_LOGIN_FAIL','UDB 인증 실패','UDB 인증을 실패하였습니다.',NULL,'Y','SYSTEM',NOW(),'SYSTEM',NOW()),
('LOGIN_MESSAGE','DB_LOGIN_INIT','비밀번호 초기화','비밀번호가 초기화 되었습니다.\n신규 비밀번호로 변경하셔야 로그인이 가능합니다.',NULL,'Y','SYSTEM',NOW(),'SYSTEM',NOW()),
('LOGIN_MESSAGE','DB_LOGIN_LOCK','비밀번호 오류 5회 초과','비밀번호 오류 5회 초과 하였습니다.\n관리자에게 문의해주세요.',NULL,'Y','SYSTEM',NOW(),'SYSTEM',NOW()),
('LOGIN_MESSAGE','DB_LOGIN_NOT_MATCH','사용자 및 비밀번호 불일치','사용자 및 비밀번호가 일치하지 않습니다.',NULL,'Y','SYSTEM',NOW(),'SYSTEM',NOW()),
('LOGIN_MESSAGE','LOGIN_FAIL','기본 실패 메시지','로그인을 하지 못하였습니다.',NULL,'Y','SYSTEM',NOW(),'SYSTEM',NOW()),
('LOGIN_MESSAGE','SSO_CONNECT_FAIL','SSO 연결 실패','SSO 인증 서버와 연결이 원활하지 않습니다.',NULL,'Y','SYSTEM',NOW(),'SYSTEM',NOW()),
('LOGIN_MESSAGE','SSO_LOGIN_FAIL','SSO 인증 실패','SSO 인증을 실패하였습니다.',NULL,'Y','SYSTEM',NOW(),'SYSTEM',NOW()),
('LOGIN_MESSAGE','USER_NOT_FOUND','사용자 조회 불가','사용자 정보를 조회하지 못하였습니다.',NULL,'Y','SYSTEM',NOW(),'SYSTEM',NOW()),
('GROUP_ID','MENU_SE','메뉴 구분',NULL,NULL,'Y','SYSTEM',NOW(),'SYSTEM',NOW()),
('MENU_SE','F','기능',NULL,NULL,'Y','SYSTEM',NOW(),'SYSTEM',NOW()),
('MENU_SE','M','메뉴 구분',NULL,NULL,'Y','SYSTEM',NOW(),'SYSTEM',NOW()),
('GROUP_ID','OPEN_YN','공개 여부',NULL,NULL,'Y','SYSTEM',NOW(),'SYSTEM',NOW()),
('OPEN_YN','N','비공개',NULL,NULL,'Y','SYSTEM',NOW(),'SYSTEM',NOW()),
('OPEN_YN','Y','공개',NULL,NULL,'Y','SYSTEM',NOW(),'SYSTEM',NOW()),
('GROUP_ID','POPUP_YN','팝업 사용 여부','공지사항 팝업 설정',NULL,'Y','SYSTEM',NOW(),'SYSTEM',NOW()),
('POPUP_YN','N','팝업 미사용',NULL,NULL,'Y','SYSTEM',NOW(),'SYSTEM',NOW()),
('POPUP_YN','Y','팝업 사용',NULL,NULL,'Y','SYSTEM',NOW(),'SYSTEM',NOW()),
('GROUP_ID','QNA_CAT','QNA 카테고리',NULL,NULL,'Y','SYSTEM',NOW(),'SYSTEM',NOW()),
('QNA_CAT','ETC','기타',NULL,NULL,'Y','SYSTEM',NOW(),'SYSTEM',NOW()),
('QNA_CAT','LOGIN','로그인',NULL,NULL,'Y','SYSTEM',NOW(),'SYSTEM',NOW()),
('QNA_CAT','MANUAL','사용문의',NULL,NULL,'Y','SYSTEM',NOW(),'SYSTEM',NOW()),
('QNA_CAT','PROJECT','프로젝트',NULL,NULL,'Y','SYSTEM',NOW(),'SYSTEM',NOW()),
('QNA_CAT','SYSTEM','시스템',NULL,NULL,'Y','SYSTEM',NOW(),'SYSTEM',NOW()),
('GROUP_ID','QNA_STAT_CODE','QNA 답변 상태',NULL,NULL,'Y','SYSTEM',NOW(),'SYSTEM',NOW()),
('QNA_STAT_CODE','ANSWERED','답변 완료',NULL,NULL,'Y','SYSTEM',NOW(),'SYSTEM',NOW()),
('QNA_STAT_CODE','READED','확인중',NULL,NULL,'Y','SYSTEM',NOW(),'SYSTEM',NOW()),
('QNA_STAT_CODE','UNREAD','미확인',NULL,NULL,'Y','SYSTEM',NOW(),'SYSTEM',NOW()),
('GROUP_ID','USER_SEARCH_CODE','사용자 검색 구분',NULL,NULL,'Y','SYSTEM',NOW(),'SYSTEM',NOW()),
('USER_SEARCH_CODE','deptNm','부서명',NULL,NULL,'Y','SYSTEM',NOW(),'SYSTEM',NOW()),
('USER_SEARCH_CODE','userId','사번',NULL,NULL,'Y','SYSTEM',NOW(),'SYSTEM',NOW()),
('USER_SEARCH_CODE','userNm','성명',NULL,NULL,'Y','SYSTEM',NOW(),'SYSTEM',NOW()),
('GROUP_ID','USE_YN','사용 여부',NULL,NULL,'Y','SYSTEM',NOW(),'SYSTEM',NOW()),
('USE_YN','N','미사용',NULL,NULL,'Y','SYSTEM',NOW(),'SYSTEM',NOW()),
('USE_YN','Y','사용',NULL,NULL,'Y','SYSTEM',NOW(),'SYSTEM',NOW());


-- 공통    부서
TRUNCATE TABLE T_DEPT;
INSERT INTO T_DEPT (DEPT_CODE,DEPT_NM,HDEPT_CODE,USE_YN,MODI_SE,RGST_ID,RGST_DT,MODI_ID,MODI_DT) VALUES
('D0','알티데이터랩',NULL,'Y','C','SYSTEM',NOW(),'SYSTEM',NOW()),
('D1','경영지원그룹','S1','Y','C','SYSTEM',NOW(),'SYSTEM',NOW()),
('D10','디자인부','S1','Y','C','SYSTEM',NOW(),'SYSTEM',NOW()),
('D2','경영지원부','S1','Y','C','SYSTEM',NOW(),'SYSTEM',NOW()),
('D3','영업부','S1','Y','C','SYSTEM',NOW(),'SYSTEM',NOW()),
('D4','개발그룹','S2','Y','C','SYSTEM',NOW(),'SYSTEM',NOW()),
('D5','개발부','S2','Y','C','SYSTEM',NOW(),'SYSTEM',NOW()),
('D6','Data Analytics','S2','Y','C','SYSTEM',NOW(),'SYSTEM',NOW()),
('D7','Data Engineering','S2','Y','C','SYSTEM',NOW(),'SYSTEM',NOW()),
('D8','Data Service P/F','S2','Y','C','SYSTEM',NOW(),'SYSTEM',NOW()),
('D9','웹개발부','S2','Y','C','SYSTEM',NOW(),'SYSTEM',NOW());


-- 공통    본부
TRUNCATE TABLE T_HDEPT;
INSERT INTO T_HDEPT (HDEPT_CODE,HDEPT_NM,USE_YN,MODI_SE,RGST_ID,RGST_DT,MODI_ID,MODI_DT) VALUES
('S1','포털사업본부','Y','C','SYSTEM',NOW(),'SYSTEM',NOW()),
('S2','개발본부','Y','C','SYSTEM',NOW(),'SYSTEM',NOW());



-- 공통    직위
TRUNCATE TABLE T_PSTN;
INSERT INTO T_PSTN (PSTN_CODE,PSTN_NM,USE_YN,MODI_SE,RGST_ID,RGST_DT,MODI_ID,MODI_DT) VALUES
('P1','책임','Y','C','SYSTEM',NOW(),'SYSTEM',NOW()),
('P2','수석','Y','C','SYSTEM',NOW(),'SYSTEM',NOW());


-- 공통    사용자
TRUNCATE TABLE T_USER;
INSERT INTO T_USER (USER_ID,USER_NM,PASSWORD,EMAIL,PHONE,PSTN_CODE,DEPT_CODE,HDEPT_CODE,ADOF_DEPT_CODE,COMPANY_CODE,DUTY_SE,LAST_LOG_DT,START_DT,END_DT,DT_LIMIT_YN,FILE_URL,MGR_SYS_ENV,USER_SYS_HOME,USER_SYS_ENV,BF_DEPT_CODE,DEPT_UPDT_DT,USE_YN,PASS_INIT,PASS_ERROR,MODI_SE,RGST_ID,RGST_DT,MODI_ID,MODI_DT) VALUES
('SYSTEM','시스템',SHA2('pplus!1',256),'system@pplus.com','02-000-0000','P2','D1','S1',NULL,'PPLUS','N',DATE_FORMAT('2021-12-16','%Y-%m-%d %T'),DATE_FORMAT('2020-11-01','%Y-%m-%d'),DATE_FORMAT('2021-12-31','%Y-%m-%d'),'N',NULL,NULL,NULL,NULL,NULL,NULL,'Y','Y',0,'R','SYSTEM',NOW(),'SYSTEM',NOW()),
('admin','관리자',SHA2('pplus!1',256),'admin@pplus.com','010-9999-0000','P2','D1','S1',NULL,'PPLUS','Y',DATE_FORMAT('2021-12-16','%Y-%m-%d %T'),DATE_FORMAT('2020-11-01','%Y-%m-%d'),DATE_FORMAT('2021-12-31','%Y-%m-%d'),'N',NULL,NULL,NULL,NULL,NULL,NULL,'Y','Y',0,'R','SYSTEM',NOW(),'SYSTEM',NOW()),
('jinix55','관리자',SHA2('1',256),'jinix55@gmail.com','010-5327-3000','P2','D1','S1',NULL,'PPLUS','Y',DATE_FORMAT('2021-12-16','%Y-%m-%d %T'),DATE_FORMAT('2020-11-01','%Y-%m-%d'),DATE_FORMAT('2021-12-31','%Y-%m-%d'),'N',NULL,NULL,NULL,NULL,NULL,NULL,'Y','Y',0,'R','SYSTEM',NOW(),'SYSTEM',NOW()),
('test11','테스트11',SHA2('pplus!1',256),'test11@pplus.com','010-9999-0001','P2','D1','S1','D2','PPLUS','Y',DATE_FORMAT('2021-12-16','%Y-%m-%d %T'),DATE_FORMAT('2020-11-01','%Y-%m-%d'),DATE_FORMAT('2021-12-31','%Y-%m-%d'),'Y',NULL,NULL,NULL,NULL,NULL,NULL,'Y','Y',0,'R','SYSTEM',NOW(),'SYSTEM',NOW()),
('test12','테스트12',SHA2('pplus!1',256),'test12@pplus.com','010-9999-0002','P1','D1','S1',NULL,'DTCOMPANY','Y',DATE_FORMAT('2021-12-16','%Y-%m-%d %T'),DATE_FORMAT('2020-11-01','%Y-%m-%d'),DATE_FORMAT('2021-12-31','%Y-%m-%d'),'Y',NULL,NULL,NULL,NULL,NULL,NULL,'Y','Y',0,'R','SYSTEM',NOW(),'SYSTEM',NOW()),
('test13','테스트13',SHA2('pplus!1',256),'test13@pplus.com','010-9999-0003','P1','D1','S1',NULL,'PCT','N',DATE_FORMAT('2021-12-16','%Y-%m-%d %T'),DATE_FORMAT('2020-11-01','%Y-%m-%d'),DATE_FORMAT('2021-12-31','%Y-%m-%d'),'Y',NULL,NULL,NULL,NULL,NULL,NULL,'Y','Y',0,'R','SYSTEM',NOW(),'SYSTEM',NOW()),
('test14','테스트14',SHA2('pplus!1',256),'test14@pplus.com','010-9999-0004','P1','D1','S1',NULL,'PCT','N',DATE_FORMAT('2021-12-16','%Y-%m-%d %T'),DATE_FORMAT('2020-11-01','%Y-%m-%d'),DATE_FORMAT('2021-12-31','%Y-%m-%d'),'Y',NULL,NULL,NULL,NULL,NULL,NULL,'Y','Y',0,'R','SYSTEM',NOW(),'SYSTEM',NOW()),
('test15','테스트15',SHA2('pplus!1',256),'test15@pplus.com','010-9999-0005','P1','D1','S1',NULL,'DTCOMPANY','N',DATE_FORMAT('2021-12-16','%Y-%m-%d %T'),DATE_FORMAT('2020-11-01','%Y-%m-%d'),DATE_FORMAT('2021-12-31','%Y-%m-%d'),'Y',NULL,NULL,NULL,NULL,NULL,NULL,'Y','Y',0,'R','SYSTEM',NOW(),'SYSTEM',NOW()),
('test21','테스트21',SHA2('pplus!1',256),'test21@pplus.com','010-9999-0006','P1','D2','S1','D1','PPLUS','Y',DATE_FORMAT('2021-12-16','%Y-%m-%d %T'),DATE_FORMAT('2020-11-01','%Y-%m-%d'),DATE_FORMAT('2021-12-31','%Y-%m-%d'),'Y',NULL,NULL,NULL,NULL,NULL,NULL,'Y','Y',0,'R','SYSTEM',NOW(),'SYSTEM',NOW()),
('test22','테스트22',SHA2('pplus!1',256),'test22@pplus.com','010-9999-0007','P1','D2','S1',NULL,'PPLUS','Y',DATE_FORMAT('2021-12-16','%Y-%m-%d %T'),DATE_FORMAT('2020-11-01','%Y-%m-%d'),DATE_FORMAT('2021-12-31','%Y-%m-%d'),'Y',NULL,NULL,NULL,NULL,NULL,NULL,'Y','Y',0,'R','SYSTEM',NOW(),'SYSTEM',NOW()),
('test23','테스트23',SHA2('pplus!1',256),'test23@pplus.com','010-9999-0008','P1','D2','S1',NULL,'PPLUS','N',DATE_FORMAT('2021-12-16','%Y-%m-%d %T'),DATE_FORMAT('2020-11-01','%Y-%m-%d'),DATE_FORMAT('2021-12-31','%Y-%m-%d'),'Y',NULL,NULL,NULL,NULL,NULL,NULL,'Y','Y',0,'R','SYSTEM',NOW(),'SYSTEM',NOW()),
('test24','테스트24',SHA2('pplus!1',256),'test24@pplus.com','010-9999-0009','P2','D2','S1',NULL,'PPLUS','N',DATE_FORMAT('2021-12-16','%Y-%m-%d %T'),DATE_FORMAT('2020-11-01','%Y-%m-%d'),DATE_FORMAT('2021-12-31','%Y-%m-%d'),'Y',NULL,NULL,NULL,NULL,NULL,NULL,'Y','Y',0,'R','SYSTEM',NOW(),'SYSTEM',NOW()),
('test25','테스트25',SHA2('pplus!1',256),'test25@pplus.com','010-9999-0010','P2','D2','S1',NULL,'PPLUS','N',DATE_FORMAT('2021-12-16','%Y-%m-%d %T'),DATE_FORMAT('2020-11-01','%Y-%m-%d'),DATE_FORMAT('2021-12-31','%Y-%m-%d'),'Y',NULL,NULL,NULL,NULL,NULL,NULL,'Y','Y',0,'R','SYSTEM',NOW(),'SYSTEM',NOW()),
('test26','테스트26',SHA2('pplus!1',256),'test26@pplus.com','010-9999-0011','P2','D2','S1','D1','PPLUS','N',DATE_FORMAT('2021-12-16','%Y-%m-%d %T'),DATE_FORMAT('2020-11-01','%Y-%m-%d'),DATE_FORMAT('2021-12-31','%Y-%m-%d'),'Y',NULL,NULL,NULL,NULL,NULL,NULL,'Y','Y',0,'R','SYSTEM',NOW(),'SYSTEM',NOW()),
('test27','테스트27',SHA2('pplus!1',256),'test27@pplus.com','010-9999-0012','P2','D2','S1',NULL,'PPLUS','N',DATE_FORMAT('2021-12-16','%Y-%m-%d %T'),DATE_FORMAT('2020-11-01','%Y-%m-%d'),DATE_FORMAT('2021-12-31','%Y-%m-%d'),'Y',NULL,NULL,NULL,NULL,NULL,NULL,'Y','Y',0,'R','SYSTEM',NOW(),'SYSTEM',NOW()),
('test28','테스트28',SHA2('pplus!1',256),'test28@pplus.com','010-9999-0013','P2','D2','S1',NULL,'PPLUS','N',DATE_FORMAT('2021-12-16','%Y-%m-%d %T'),DATE_FORMAT('2020-11-01','%Y-%m-%d'),DATE_FORMAT('2021-12-31','%Y-%m-%d'),'Y',NULL,NULL,NULL,NULL,NULL,NULL,'Y','Y',0,'R','SYSTEM',NOW(),'SYSTEM',NOW()),
('test29','테스트29',SHA2('pplus!1',256),'test29@pplus.com','010-9999-0014','P2','D2','S1',NULL,'PPLUS','N',DATE_FORMAT('2021-12-16','%Y-%m-%d %T'),DATE_FORMAT('2020-11-01','%Y-%m-%d'),DATE_FORMAT('2021-12-31','%Y-%m-%d'),'Y',NULL,NULL,NULL,NULL,NULL,NULL,'Y','Y',0,'R','SYSTEM',NOW(),'SYSTEM',NOW()),
('fail11','실패11',SHA2('pplus!1',256),'fail11@pplus.com','010-9999-0015','P1','D1','S1',NULL,'DTCOMPANY','N',DATE_FORMAT('2021-12-16','%Y-%m-%d %T'),DATE_FORMAT('2020-11-01','%Y-%m-%d'),DATE_FORMAT('2021-12-31','%Y-%m-%d'),'Y',NULL,NULL,NULL,NULL,NULL,NULL,'N','Y',0,'R','SYSTEM',NOW(),'SYSTEM',NOW()),
('fail12','실패12',SHA2('pplus!1',256),'fail12@pplus.com','010-9999-0016','P1','D1','S1',NULL,'DTCOMPANY','N',DATE_FORMAT('2021-12-16','%Y-%m-%d %T'),DATE_FORMAT('2020-11-01','%Y-%m-%d'),DATE_FORMAT('2021-12-31','%Y-%m-%d'),'Y',NULL,NULL,NULL,NULL,NULL,NULL,'N','Y',0,'R','SYSTEM',NOW(),'SYSTEM',NOW()),
('fail13','실패13',SHA2('pplus!1',256),'fail13@pplus.com','010-9999-0017','P2','D1','S1',NULL,'DTCOMPANY','N',DATE_FORMAT('2021-12-16','%Y-%m-%d %T'),DATE_FORMAT('2020-11-01','%Y-%m-%d'),DATE_FORMAT('2021-12-31','%Y-%m-%d'),'Y',NULL,NULL,NULL,NULL,NULL,NULL,'N','Y',0,'R','SYSTEM',NOW(),'SYSTEM',NOW());


-- 공통    사용자 테스트
TRUNCATE TABLE T_USER_TEST;
INSERT INTO T_USER_TEST (USER_ID,USER_NM,RGST_ID,RGST_DT) VALUES
('SYSTEM','시스템','SYSTEM',NOW()),
('admin','관리자','SYSTEM',NOW()),
('test11','테스트11','SYSTEM',NOW()),
('test12','테스트12','SYSTEM',NOW()),
('test13','테스트13','SYSTEM',NOW()),
('test14','테스트14','SYSTEM',NOW()),
('test15','테스트15','SYSTEM',NOW()),
('test21','테스트21','SYSTEM',NOW()),
('test22','테스트22','SYSTEM',NOW()),
('test23','테스트23','SYSTEM',NOW()),
('test24','테스트24','SYSTEM',NOW()),
('test25','테스트25','SYSTEM',NOW()),
('test26','테스트26','SYSTEM',NOW()),
('test27','테스트27','SYSTEM',NOW()),
('test28','테스트28','SYSTEM',NOW()),
('test29','테스트29','SYSTEM',NOW()),
('fail11','실패11','SYSTEM',NOW()),
('fail12','실패12','SYSTEM',NOW()),
('fail13','실패13','SYSTEM',NOW());


-- 공통    부서 분류
TRUNCATE TABLE T_DEPT_CL;
INSERT INTO T_DEPT_CL (DEPT_CODE,UP_DEPT_CODE,DEPT_NM,ORD_SEQ,LV,DEPT_PATH,GROUP_CODE,UP_GROUP_CODE,USE_YN,MODI_SE,RGST_ID,RGST_DT,MODI_ID,MODI_DT) VALUES
('D0','Top','알티데이터랩','1','1','top/D0','D0','Top','Y','C','SYSTEM',NOW(),'SYSTEM',NOW()),
('D1','D0','경영지원그룹','2','2','top/D0/D1','D1','D0','Y','C','SYSTEM',NOW(),'SYSTEM',NOW()),
('D2','D1','경영지원부','3','3','top/D0/D1/D2','D2','D1','Y','C','SYSTEM',NOW(),'SYSTEM',NOW()),
('D3','D1','영업부','4','3','top/D0/D1/D3','D3','D1','Y','C','SYSTEM',NOW(),'SYSTEM',NOW()),
('D4','D0','개발 그룹','5','2','top/D0/D4','D4','D0','Y','C','SYSTEM',NOW(),'SYSTEM',NOW()),
('D5','D4','개발부','6','3','top/D0/D4/D5','D5','D4','Y','C','SYSTEM',NOW(),'SYSTEM',NOW()),
('D6','D4','디자인부','7','3','top/D0/D4/D6','D6','D4','Y','C','SYSTEM',NOW(),'SYSTEM',NOW());



-- 공통    게시판 공지사항
TRUNCATE TABLE T_BBS_NOTICE;
INSERT INTO T_BBS_NOTICE (NOTICE_ID,SJ,CN,IMPORTANT_YN,ORD_SEQ,FILE_ID,USE_YN,RGST_ID,RGST_DT,MODI_ID,MODI_DT) VALUES
('nt2000001','공지사항 1','공지사항 내용 1','N','2',NULL,'Y','SYSTEM',NOW(),'SYSTEM',NOW()),
('nt2000002','공지사항 2','공지사항 내용 2','N','1',NULL,'Y','SYSTEM',NOW(),'SYSTEM',NOW()),
('nt2000003','공지사항 3','공지사항 내용 3','Y','3',NULL,'Y','SYSTEM',NOW(),'SYSTEM',NOW());



-- 공통    게시판 FAQ
TRUNCATE TABLE T_BBS_FAQ;
INSERT INTO T_BBS_FAQ (FAQ_ID,CL_CODE,QSTN,ANSW,ORD_SEQ,FILE_ID,USE_YN,RGST_ID,RGST_DT,MODI_ID,MODI_DT) VALUES
('fq2000001','LOGIN','로그인 질문 1','로그인 답변 1','1',NULL,'Y','SYSTEM',NOW(),'SYSTEM',NOW()),
('fq2000002','LOGIN','로그인 질문 2','로그인 답변 2','2',NULL,'Y','SYSTEM',NOW(),'SYSTEM',NOW()),
('fq2000003','SYSTEM','시스템 질문 1','시스템 답변 1','2',NULL,'Y','SYSTEM',NOW(),'SYSTEM',NOW()),
('fq2000004','SYSTEM','시스템 질문 2','시스템 답변 2','1',NULL,'Y','SYSTEM',NOW(),'SYSTEM',NOW());

-- 그룹
TRUNCATE TABLE T_GROUP;
INSERT INTO T_GROUP (USER_ID,AUTH_ID,USE_YN,RGST_ID,RGST_DT,MODI_ID,MODI_DT) VALUES
('admin','au2000001','Y','SYSTEM',NOW(),'SYSTEM',NOW()),
('jinix55','au2000001','Y','SYSTEM',NOW(),'SYSTEM',NOW()),
('test11','au2000001','Y','SYSTEM',NOW(),'SYSTEM',NOW()),
('test12','au2000001','Y','SYSTEM',NOW(),'SYSTEM',NOW()),
('test13','au2000001','Y','SYSTEM',NOW(),'SYSTEM',NOW()),
('test14','au2000002','Y','SYSTEM',NOW(),'SYSTEM',NOW()),
('test15','au2000002','Y','SYSTEM',NOW(),'SYSTEM',NOW());



-- 그룹 권한
TRUNCATE TABLE T_GROUP_AUTH;
INSERT INTO T_GROUP_AUTH (AUTH_ID,COMPANY_CODE,AUTH_CL,AUTH_NM,AUTH_DSC,USE_YN,RGST_ID,RGST_DT,MODI_ID,MODI_DT) VALUES
('au2000001','PPLUS','P','최고관리자','최고관리자','Y','SYSTEM',NOW(),'SYSTEM',NOW()),
('au2000002','DTCOMPANY','A','A사이트 관리자','A사이트 관리자','Y','SYSTEM',NOW(),'SYSTEM',NOW()),
('au2000003','PCT','A','B사이트 관리자','B사이트 관리자','Y','SYSTEM',NOW(),'SYSTEM',NOW()),
('au2000004','DTCOMPANY','U','A사이트 직원','A사이트 직원','Y','SYSTEM',NOW(),'SYSTEM',NOW());


-- 그룹 메뉴
TRUNCATE TABLE T_GROUP_MENU;
INSERT INTO T_GROUP_MENU (MENU_ID,UP_MENU_ID,MENU_NM,MENU_URL,MENU_DSC,ORD_SEQ,MENU_SE,MENU_ATTR,USE_YN,ICON_NM,RGST_ID,RGST_DT,MODI_ID,MODI_DT) VALUES
('mn5000000','mn5000001','비밀번호 변경','/member/pwdChange','','0','F','{"attr":{"insert":true,"update":true,"delete":true,"detail":true}}','Y','','SYSTEM',NOW(),'SYSTEM',NOW()),
('mn5000001',NULL,'HOME','/','','1','A','{"attr":{"insert":true,"update":true,"delete":true,"detail":true}}','Y','','SYSTEM',NOW(),'SYSTEM',NOW()),
('mn5000002','mn5000001','계정관리','/member','','2','A','{"attr":{"insert":true,"update":true,"delete":true,"detail":true}}','Y','user','SYSTEM',NOW(),'SYSTEM',NOW()),
('mn5000003','mn5000002','계정관리','/member/member','','3','M','{"attr":{"insert":true,"update":true,"delete":true,"detail":true}}','Y','','SYSTEM',NOW(),'SYSTEM',NOW()),
('mn5000004','mn5000001','시스템관리','/system','','4','A','{"attr":{"insert":true,"update":true,"delete":true,"detail":true}}','Y','system','SYSTEM',NOW(),'SYSTEM',NOW()),
('mn5000005','mn5000004','회사관리','/system/company','','5','M','{"attr":{"insert":true,"update":true,"delete":true,"detail":true}}','Y','','SYSTEM',NOW(),'SYSTEM',NOW()),
('mn5000006','mn5000004','그룹관리','/system/role','','6','M','{"attr":{"insert":true,"update":true,"delete":true,"detail":true}}','Y','','SYSTEM',NOW(),'SYSTEM',NOW()),
('mn5000007','mn5000004','공통 코드 관리','/system/code','','7','M','{"attr":{"insert":true,"update":true,"detail":true,"delete":true}}','Y','','SYSTEM',NOW(),'SYSTEM',NOW()),
('mn5000008','mn5000004','제품 코드 관리','/system/packagingCode','','8','M','{"attr":{"insert":true,"update":true,"detail":true,"delete":true}}','Y','','SYSTEM',NOW(),'SYSTEM',NOW()),
('mn5000009','mn5000004','환경부 코드 관리','/system/environmentCode','','9','M','{"attr":{"insert":true,"update":true,"detail":true,"delete":true}}','Y','','SYSTEM',NOW(),'SYSTEM',NOW()),
('mn5000010','mn5000004','휴일관리','/system/holiday','','10','M','{"attr":{"insert":true,"update":true,"detail":true,"delete":true}}','Y','','SYSTEM',NOW(),'SYSTEM',NOW()),
('mn5000011','mn5000001','메뉴관리','/menu','','11','A','{"attr":{"insert":true,"update":true,"delete":true,"detail":true}}','Y','menu','SYSTEM',NOW(),'SYSTEM',NOW()),
('mn5000012','mn5000011','메뉴관리','/menu/menu','','12','M','{"attr":{"insert":true,"update":true,"delete":true,"detail":true}}','Y','','SYSTEM',NOW(),'SYSTEM',NOW()),
('mn5000013','mn5000011','레포트관리','/menu/report','','13','M','{"attr":{"insert":true,"update":true,"delete":true,"detail":true}}','Y','','SYSTEM',NOW(),'SYSTEM',NOW()),
('mn5000014','mn5000001','공급 업체','/supplier','','14','A','{"attr":{"insert":true,"update":true,"detail":true,"delete":true}}','Y','myself','SYSTEM',NOW(),'SYSTEM',NOW()),
('mn5000015','mn5000014','공급 업체 관리','/supplier/supplier','공급 업체 관리','15','M','{"attr":{"insert":true,"update":true,"detail":true,"delete":true}}','Y','','SYSTEM',NOW(),'SYSTEM',NOW()),
('mn5000016','mn5000001','로그관리','/log','','16','A','{"attr":{"insert":true,"update":true,"delete":true,"detail":true}}','N','loglist','SYSTEM',NOW(),'SYSTEM',NOW()),
('mn5000017','mn5000016','로그인이력관리','/log/loginHst','','17','M','{"attr":{"insert":true,"update":true,"delete":true,"detail":true}}','Y','','SYSTEM',NOW(),'SYSTEM',NOW()),
('mn5000018','mn5000016','작업이력관리','/log/jobHst','','18','M','{"attr":{"insert":true,"update":true,"delete":true,"detail":true}}','Y','','SYSTEM',NOW(),'SYSTEM',NOW()),
('mn5000019','mn5000001','게시판관리','/board','','19','A','{"attr":{"insert":true,"update":true,"detail":true,"delete":true}}','N','board','SYSTEM',NOW(),'SYSTEM',NOW()),
('mn5000020','mn5000019','공지사항','/board/notice','','20','M','{"attr":{"insert":true,"update":true,"delete":true,"detail":true}}','Y','','SYSTEM',NOW(),'SYSTEM',NOW()),
('mn5000021','mn5000019','FAQ','/board/faq','','21','M','{"attr":{"insert":true,"update":true,"delete":true,"detail":true}}','Y','','SYSTEM',NOW(),'SYSTEM',NOW()),
('mn5000022','mn5000019','QNA','/board/qna','','22','M','{"attr":{"insert":true,"update":true,"delete":true,"detail":true}}','Y','','SYSTEM',NOW(),'SYSTEM',NOW()),
('mn5000023','mn5000001','알람관리','/alarm','','23','A','{"attr":{"insert":true,"update":true,"delete":true,"detail":true}}','Y','alarm','SYSTEM',NOW(),'SYSTEM',NOW()),
('mn5000024','mn5000023','알람관리','/alarm/alarm','','24','M','{"attr":{"insert":true,"update":true,"detail":true,"delete":true}}','Y','','SYSTEM',NOW(),'SYSTEM',NOW()),
('mn5000025','mn5000001','상품','/product','','25','A','{"attr":{"insert":true,"update":true,"detail":true,"delete":true}}','Y','myself','SYSTEM',NOW(),'SYSTEM',NOW()),
('mn5000026','mn5000025','상품 관리','/product/prodList','','26','M','{"attr":{"insert":true,"update":true,"detail":true,"delete":true}}','Y','','SYSTEM',NOW(),'SYSTEM',NOW()),
('mn5000027','mn5000025','상품 이미지','/product/prodImage','','27','M','{"attr":{"insert":true,"update":true,"detail":true,"delete":true}}','Y','','SYSTEM',NOW(),'SYSTEM',NOW()),
('mn5000028','mn5000001','레포트','/report','레포트','28','A','{"attr":{"insert":true,"update":true,"detail":true,"delete":true}}','Y','chat','SYSTEM',NOW(),'SYSTEM',NOW()),
('mn5000029','mn5000028','A회사 레포트 1번','/report/reportView/test01','레포트 화면','29','L','{"attr":{"insert":true,"update":true,"detail":true,"delete":true}}','Y','','SYSTEM',NOW(),'SYSTEM',NOW()),
('mn5000030','mn5000028','A회사 레포트 2번','/report/reportView/rp2100010','','30','L','{"attr":{"insert":true,"update":true,"detail":true,"delete":true}}','Y','','SYSTEM',NOW(),'SYSTEM',NOW()),
('mn5000031','mn5000028','A회사 레포트 3번','/report/reportView/rp2100011','','31','L','{"attr":{"insert":true,"update":true,"detail":true,"delete":true}}','Y','','SYSTEM',NOW(),'SYSTEM',NOW()),
('mn5000032','mn5000028','B회사  레포트 1번','/report/reportView/1','B회사 레포트1번','32','L','{"attr":{"insert":true,"update":true,"detail":true,"delete":true}}','Y','','SYSTEM',NOW(),'SYSTEM',NOW()),
('mn5000033','mn5000028','B회사 레포트 2번','/report/reportView/2','B회사 레포트2번','33','L','{"attr":{"insert":true,"update":true,"detail":true,"delete":true}}','Y','','SYSTEM',NOW(),'SYSTEM',NOW()),
('mn5000034','mn5000028','C회사 레포트 1번','/report/reportView/3','','34','L','{"attr":{"insert":true,"update":true,"detail":true,"delete":true}}','Y','','SYSTEM',NOW(),'SYSTEM',NOW());


-- 그룹 메뉴 권한
TRUNCATE TABLE T_GROUP_MENU_AUTH;
INSERT INTO T_GROUP_MENU_AUTH (AUTH_ID,MENU_ID,MENU_ATTR,USE_YN,RGST_ID,RGST_DT,MODI_ID,MODI_DT) VALUES
('au2000001','mn5000000','{"attr":{"insert":true,"update":true,"delete":true,"detail":true}}','Y','SYSTEM',NOW(),'SYSTEM',NOW()),
('au2000001','mn5000001','{"attr":{"insert":true,"update":true,"delete":true,"detail":true}}','Y','SYSTEM',NOW(),'SYSTEM',NOW()),
('au2000001','mn5000002','{"attr":{"insert":true,"update":true,"delete":true,"detail":true}}','Y','SYSTEM',NOW(),'SYSTEM',NOW()),
('au2000001','mn5000003','{"attr":{"insert":true,"update":true,"delete":true,"detail":true}}','Y','SYSTEM',NOW(),'SYSTEM',NOW()),
('au2000001','mn5000004','{"attr":{"insert":true,"update":true,"delete":true,"detail":true}}','Y','SYSTEM',NOW(),'SYSTEM',NOW()),
('au2000001','mn5000005','{"attr":{"insert":true,"update":true,"delete":true,"detail":true}}','Y','SYSTEM',NOW(),'SYSTEM',NOW()),
('au2000001','mn5000006','{"attr":{"insert":true,"update":true,"delete":true,"detail":true}}','Y','SYSTEM',NOW(),'SYSTEM',NOW()),
('au2000001','mn5000007','{"attr":{"insert":true,"update":true,"delete":true,"detail":true}}','Y','SYSTEM',NOW(),'SYSTEM',NOW()),
('au2000001','mn5000008','{"attr":{"insert":true,"update":true,"delete":true,"detail":true}}','Y','SYSTEM',NOW(),'SYSTEM',NOW()),
('au2000001','mn5000009','{"attr":{"insert":true,"update":true,"delete":true,"detail":true}}','Y','SYSTEM',NOW(),'SYSTEM',NOW()),
('au2000001','mn5000010','{"attr":{"insert":true,"update":true,"delete":true,"detail":true}}','Y','SYSTEM',NOW(),'SYSTEM',NOW()),
('au2000001','mn5000011','{"attr":{"insert":true,"update":true,"delete":true,"detail":true}}','Y','SYSTEM',NOW(),'SYSTEM',NOW()),
('au2000001','mn5000012','{"attr":{"insert":true,"update":true,"delete":true,"detail":true}}','Y','SYSTEM',NOW(),'SYSTEM',NOW()),
('au2000001','mn5000013','{"attr":{"insert":true,"update":true,"delete":true,"detail":true}}','Y','SYSTEM',NOW(),'SYSTEM',NOW()),
('au2000001','mn5000014','{"attr":{"insert":true,"update":true,"delete":true,"detail":true}}','Y','SYSTEM',NOW(),'SYSTEM',NOW()),
('au2000001','mn5000015','{"attr":{"insert":true,"update":true,"delete":true,"detail":true}}','Y','SYSTEM',NOW(),'SYSTEM',NOW()),
('au2000001','mn5000016','{"attr":{"insert":true,"update":true,"delete":true,"detail":true}}','Y','SYSTEM',NOW(),'SYSTEM',NOW()),
('au2000001','mn5000017','{"attr":{"insert":true,"update":true,"delete":true,"detail":true}}','Y','SYSTEM',NOW(),'SYSTEM',NOW()),
('au2000001','mn5000018','{"attr":{"insert":true,"update":true,"delete":true,"detail":true}}','Y','SYSTEM',NOW(),'SYSTEM',NOW()),
('au2000001','mn5000019','{"attr":{"insert":true,"update":true,"delete":true,"detail":true}}','Y','SYSTEM',NOW(),'SYSTEM',NOW()),
('au2000001','mn5000020','{"attr":{"insert":true,"update":true,"delete":true,"detail":true}}','Y','SYSTEM',NOW(),'SYSTEM',NOW()),
('au2000001','mn5000021','{"attr":{"insert":true,"update":true,"delete":true,"detail":true}}','Y','SYSTEM',NOW(),'SYSTEM',NOW()),
('au2000001','mn5000022','{"attr":{"insert":true,"update":true,"delete":true,"detail":true}}','Y','SYSTEM',NOW(),'SYSTEM',NOW()),
('au2000001','mn5000023','{"attr":{"insert":true,"update":true,"delete":true,"detail":true}}','Y','SYSTEM',NOW(),'SYSTEM',NOW()),
('au2000001','mn5000024','{"attr":{"insert":true,"update":true,"delete":true,"detail":true}}','Y','SYSTEM',NOW(),'SYSTEM',NOW()),
('au2000001','mn5000025','{"attr":{"insert":true,"update":true,"delete":true,"detail":true}}','Y','SYSTEM',NOW(),'SYSTEM',NOW()),
('au2000001','mn5000026','{"attr":{"insert":true,"update":true,"delete":true,"detail":true}}','Y','SYSTEM',NOW(),'SYSTEM',NOW()),
('au2000001','mn5000027','{"attr":{"insert":true,"update":true,"delete":true,"detail":true}}','Y','SYSTEM',NOW(),'SYSTEM',NOW()),
('au2000001','mn5000028','{"attr":{"insert":true,"update":true,"delete":true,"detail":true}}','Y','SYSTEM',NOW(),'SYSTEM',NOW()),
('au2000001','mn5000029','{"attr":{"insert":true,"update":true,"delete":true,"detail":true}}','Y','SYSTEM',NOW(),'SYSTEM',NOW()),
('au2000001','mn5000030','{"attr":{"insert":true,"update":true,"delete":true,"detail":true}}','Y','SYSTEM',NOW(),'SYSTEM',NOW()),
('au2000001','mn5000031','{"attr":{"insert":true,"update":true,"delete":true,"detail":true}}','Y','SYSTEM',NOW(),'SYSTEM',NOW()),
('au2000001','mn5000032','{"attr":{"insert":true,"update":true,"delete":true,"detail":true}}','Y','SYSTEM',NOW(),'SYSTEM',NOW()),
('au2000001','mn5000033','{"attr":{"insert":true,"update":true,"delete":true,"detail":true}}','Y','SYSTEM',NOW(),'SYSTEM',NOW()),
('au2000001','mn5000034','{"attr":{"insert":true,"update":true,"delete":true,"detail":true}}','Y','SYSTEM',NOW(),'SYSTEM',NOW()),
('au2000001','mn5000035','{"attr":{"insert":true,"update":true,"delete":true,"detail":true}}','Y','SYSTEM',NOW(),'SYSTEM',NOW()),
('au2000002','mn5000001','{"attr":{"insert":true,"update":true,"delete":true,"detail":true}}','Y','SYSTEM',NOW(),'SYSTEM',NOW()),
('au2000002','mn5000025','{"attr":{"insert":true,"update":true,"delete":true,"detail":true}}','Y','SYSTEM',NOW(),'SYSTEM',NOW()),
('au2000002','mn5000026','{"attr":{"insert":true,"update":true,"delete":true,"detail":true}}','Y','SYSTEM',NOW(),'SYSTEM',NOW()),
('au2000002','mn5000027','{"attr":{"insert":true,"update":true,"delete":true,"detail":true}}','Y','SYSTEM',NOW(),'SYSTEM',NOW()),
('au2000002','mn5000028','{"attr":{"insert":true,"update":true,"delete":true,"detail":true}}','Y','SYSTEM',NOW(),'SYSTEM',NOW()),
('au2000002','mn5000029','{"attr":{"insert":true,"update":true,"delete":true,"detail":true}}','Y','SYSTEM',NOW(),'SYSTEM',NOW()),
('au2000002','mn5000030','{"attr":{"insert":true,"update":true,"delete":true,"detail":true}}','Y','SYSTEM',NOW(),'SYSTEM',NOW()),
('au2000002','mn5000031','{"attr":{"insert":true,"update":true,"delete":true,"detail":true}}','Y','SYSTEM',NOW(),'SYSTEM',NOW()),
('au2000002','mn5000032','{"attr":{"insert":true,"update":true,"delete":true,"detail":true}}','Y','SYSTEM',NOW(),'SYSTEM',NOW()),
('au2000002','mn5000033','{"attr":{"insert":true,"update":true,"delete":true,"detail":true}}','Y','SYSTEM',NOW(),'SYSTEM',NOW()),
('au2000002','mn5000034','{"attr":{"insert":true,"update":true,"delete":true,"detail":true}}','Y','SYSTEM',NOW(),'SYSTEM',NOW());



-- 로그 로그 참조 정보 초기 데이터
TRUNCATE TABLE T_LOG_REF_INFO;
INSERT INTO T_LOG_REF_INFO (LOG_ID,CONTROLLER_NM,METHOD_NM,PROGRAM_NM,RGST_ID,RGST_DT) VALUES
('1','LoginSuccessLoggingAuthenticationSuccessHandler','onAuthenticationSuccess','로그인 성공','SYSTEM',NOW()),
('2','LogoutHandler','onLogoutSuccess','로그아웃','SYSTEM',NOW()),
('3','CodeController','code','코드 등록','SYSTEM',NOW()),
('4','CodeController','groupSave','코드 그룹 ID 등록','SYSTEM',NOW()),
('5','CodeController','groupDelete','코드 그룹 ID 삭제','SYSTEM',NOW()),
('6','CodeController','codesForGroupCd','코드 상세','SYSTEM',NOW()),
('7','CodeController','save','코드 등록','SYSTEM',NOW()),
('8','CodeController','delete','코드 삭제','SYSTEM',NOW()),
('9','IndexController','index','HOME','SYSTEM',NOW()),
('10','LoginController','login','로그인','SYSTEM',NOW()),
('11','LogController','list','로그 목록','SYSTEM',NOW()),
('12','MemberController','list','사용자 목록','SYSTEM',NOW()),
('13','MemberController','select','사용자 상세','SYSTEM',NOW()),
('14','MemberController','insert','사용자 등록','SYSTEM',NOW()),
('15','MemberController','update','사용자 수정','SYSTEM',NOW()),
('16','MemberController','popupList','사용자 검색','SYSTEM',NOW()),
('17','MenuController','menu','메뉴 목록','SYSTEM',NOW()),
('18','MenuController','save','메뉴 등록','SYSTEM',NOW()),
('19','MenuController','delete','메뉴 삭제','SYSTEM',NOW()),
('20','MenuController','menuPopup','메뉴 검색','SYSTEM',NOW()),
('21','MenuAuthController','menu','메뉴 권한 목록','SYSTEM',NOW()),
('22','MenuAuthController','AuthSearch','메뉴 권한 목록','SYSTEM',NOW()),
('23','RoleController','list','권한 목록','SYSTEM',NOW()),
('24','RoleController','insert','권한 등록','SYSTEM',NOW()),
('25','RoleController','delete','권한 삭제','SYSTEM',NOW()),
('26','RoleController','select','권한 상세','SYSTEM',NOW()),
('27','LogController','getLoginLog','로그인 이력 조회','SYSTEM',NOW()),
('28','LogController','getJobHstLog','작업 이력 조회','SYSTEM',NOW()),
('29','ProjectController','getProject','프로젝트 조회','SYSTEM',NOW()),
('30','ProjectController','getScenario','시나리오 조회','SYSTEM',NOW()),
('31','HolidayController','list','공휴일 관리 조회','SYSTEM',NOW()),
('32','ServiceController','getService','서비스 조회','SYSTEM',NOW()),
('33','ProjectController','getDomain','도메인 조회','SYSTEM',NOW()),
('34','AnalysisController','channel','채널별 모니터링 조회','SYSTEM',NOW()),
('35','AnalysisController','channelDetail','채널별 모니터링 상세보기','SYSTEM',NOW()),
('36','ProjectController','getVoiceBot','음성봇 관리 조회','SYSTEM',NOW()),
('37','ProjectController','getImage','이미지 관리 조회','SYSTEM',NOW()),
('38','ProjectController','getCampaign','캠페인 관리 조회','SYSTEM',NOW()),
('39','ServiceController','getConversationTkr','대화 트래킹 조회','SYSTEM',NOW()),
('40','ServiceController','getVoiceBotLearning','음성봇 학습관리 조회','SYSTEM',NOW()),
('41','ServiceController','getEvaluation','평가셋 관리 조회','SYSTEM',NOW()),
('42','ServiceController','getVoceBotIngressCtr','음성봇 인입제어 조회','SYSTEM',NOW()),
('43','AnalysisController','getMonitoring','모니터링 조회','SYSTEM',NOW()),
('44','AnalysisController','summary','분석 요약 조회','SYSTEM',NOW()),
('45','StatisticsController','getStatistics','대시보드 조회','SYSTEM',NOW()),
('46','StatisticsController','getUsage','이용통계 조회','SYSTEM',NOW()),
('47','StatisticsController','getResponse','응답통계 조회','SYSTEM',NOW()),
('48','StatisticsController','getKnowledge','지식통계 조회','SYSTEM',NOW());


-- 회사 초기 데이터
TRUNCATE TABLE T_COMPANY;
INSERT INTO T_COMPANY (COMPANY_ID,COMPANY_CODE,COMPANY_NO,TELEPHONE_NO,COMPANY_NM,ADDRESS,COMPANY_DSC,NOTE,USE_YN,RGST_ID,RGST_DT,MODI_ID,MODI_DT) VALUES
('CP00001','PPLUS','123-45-67890','02-123-45678','피플러스','서울','피플러스',NULL,'Y','SYSTEM',NOW(),'SYSTEM',NOW()),
('CP00002','DTCOMPANY','999-18-34634','010-3454-1235','디티컴퍼니㈜','부산','샘플 회사',NULL,'Y','SYSTEM',NOW(),'SYSTEM',NOW()),
('CP00003','PCT','554-13-45675','','주식회사 피씨티','부산','샘플 회사',NULL,'Y','SYSTEM',NOW(),'SYSTEM',NOW());
