<?xml version="1.0" encoding="UTF-8" ?>
<!DOCTYPE tiles-definitions PUBLIC
        "-//Apache Software Foundation//DTD Tiles Configuration 3.0//EN"
        "http://tiles.apache.org/dtds/tiles-config_3_0.dtd">
<tiles-definitions>

	<definition name="no-layout" template="/WEB-INF/views/layout/noLayout.jsp">
		<put-attribute name="body" value="" />
	</definition>
	
	<definition name="login" extends="no-layout">
		<put-attribute name="body" value="/WEB-INF/views/login.jsp" />
	</definition>
	
	<definition name="api/*" extends="no-layout">
		<put-attribute name="body" value="/WEB-INF/views/api/{1}.jsp" />
	</definition>
	
	<definition name="open/*" extends="no-layout">
		<put-attribute name="body" value="/WEB-INF/views/open/{1}.jsp" />
	</definition>

	<!-- main -->
	<definition name="default-layout" template="/WEB-INF/views/layout/base.jsp" preparer="menuPreparer">
		<put-attribute name="head" value="/WEB-INF/views/layout/head.jsp" />
		<put-attribute name="header" value="/WEB-INF/views/layout/header.jsp" />
		<put-attribute name="gnb" value="/WEB-INF/views/layout/gnb.jsp" />
		<put-attribute name="lnb" value="/WEB-INF/views/layout/lnb.jsp" />
		<put-attribute name="body" value="" />
		<put-attribute name="footer" value="/WEB-INF/views/layout/footer.jsp" />
	</definition>

	<definition name="error/*" extends="default-layout">
		<put-attribute name="body"
			value="/WEB-INF/views/error/{1}.jsp" />
	</definition>
	
	<definition name="company/*" extends="default-layout">
		<put-attribute name="body"
			value="/WEB-INF/views/company/{1}.jsp" />
	</definition>

	<definition name="member/*" extends="default-layout">
		<put-attribute name="body"
			value="/WEB-INF/views/member/{1}.jsp" />
	</definition>

	<definition name="role/*" extends="default-layout">
		<put-attribute name="body"
			value="/WEB-INF/views/role/{1}.jsp" />
	</definition>

	<definition name="code/*" extends="default-layout">
		<put-attribute name="body"
			value="/WEB-INF/views/code/{1}.jsp" />
	</definition>
	
	<definition name="environPrice/*" extends="default-layout">
		<put-attribute name="body"
			value="/WEB-INF/views/environPrice/{1}.jsp" />
	</definition>

	<definition name="menu/*" extends="default-layout">
		<put-attribute name="body"
			value="/WEB-INF/views/menu/{1}.jsp" />
	</definition>

	<definition name="holiday/*" extends="default-layout">
		<put-attribute name="body"
			value="/WEB-INF/views/holiday/{1}.jsp" />
	</definition>

	<definition name="report/*" extends="default-layout">
		<put-attribute name="body"
			value="/WEB-INF/views/report/{1}.jsp" />
	</definition>

	<definition name="log/*" extends="default-layout">
		<put-attribute name="body"
			value="/WEB-INF/views/log/{1}.jsp" />
	</definition>
	
	<definition name="alarm/*" extends="default-layout">
		<put-attribute name="body"
			value="/WEB-INF/views/alarm/{1}.jsp" />
	</definition>
	
	<definition name="packagingCode/*" extends="default-layout">
		<put-attribute name="body"
			value="/WEB-INF/views/packagingCode/{1}.jsp" />
	</definition>
	
	<definition name="environmentCode/*" extends="default-layout">
		<put-attribute name="body"
			value="/WEB-INF/views/environmentCode/{1}.jsp" />
	</definition>
	
	<definition name="supplier/*" extends="default-layout">
		<put-attribute name="body"
			value="/WEB-INF/views/supplier/{1}.jsp" />
	</definition>
	
	<definition name="product/*" extends="default-layout">
		<put-attribute name="body"
			value="/WEB-INF/views/product/{1}.jsp" />
	</definition>
	
	<definition name="board/notice/*" extends="default-layout">
		<put-attribute name="body"
			value="/WEB-INF/views/board/notice/{1}.jsp" />
	</definition>
	
	<definition name="board/faq/*" extends="default-layout">
		<put-attribute name="body"
			value="/WEB-INF/views/board/faq/{1}.jsp" />
	</definition>
	
	<definition name="board/qna/*" extends="default-layout">
		<put-attribute name="body"
			value="/WEB-INF/views/board/qna/{1}.jsp" />
	</definition>
	
	<definition name="user/*" extends="default-layout">
		<put-attribute name="body"
			value="/WEB-INF/views/user/{1}.jsp" />
	</definition>
	
</tiles-definitions>